Owner Login,Repo Name,XText File Count
waynepiekarski,XTextureExtractor,0
TypeFox,theia-xtext-sprotty-example,1
altran-mde,xtext-sirius-integration,8
graph-quilt,graphql-xtext,1
TypeFox,vscode-xtext-sprotty-example,1
eclipse,xtext-website,0
intuit,common-xtext-expression-language,1
PacktPublishing,Implementing-Domain-Specific-Languages-with-Xtext-and-Xtend,11
resloved,xtext,0
lurenzhangdeshuai,EmojiText-XText,0
kuniss,xtext-ide-extensions,1
graph-quilt,xtext-service-dsl,1
btc-ag,service-idl,1
eventB-Soton,XUML_B,1
Minres,CoreDSL,1
TypeFox,xtext2langium,0
v-bashev,post_core,2
NielsLiisberg,RPG-lexer,1
OpenSextant,XText,0
laubfall,jugh-xtext-arkanoid,1
khabdrick,LambdaXtextract,0
bsati,mgpl-xtext,1
UnBCIC-TP2,Oberon-XText,2
TopXDevTeam,TopXTextUI,0
ngreve,xtext_web,0
nmaoez,composer-language-server,1
FAMILIAR-project,xtext-dsl-compiler-example,2
eventB-Soton,XTheory,1
program-in-chinese,xtext_tutorial_15_min_zh,2
code-kontor,openCypher-Xtext,1
eclipse,epsilon,2
UnBCIC-TP2,Oberon-IDE,1
idiomaticsoft,xtext-tips,22
atb,pt.isep.dsl.puml,2
Webastronaut,mgpl,1
PAMunb,MetaCrySL,1
raghvendra-v,tosca-yaml-lsp,1
zxhr,gradle-xtext-generator,3
tmtron,ex.xtext.lsp,1
echebbi,standalone-xtext-example,1
darvasd,xtext-docs-gen,1
jcabot,WordPress-Plugin-DSL,1
JensBAndersen,PolicyLanguage,1
Zannith,XtextTest,0
AnnaLenaMeiners,XtextExamples,4
Kerolos77,XTextEditor,0
Mabar16,xtextMath,1
holgerschill,xtextCodebuff,0
devzwy,XTextView,0
mraminella,XtextExamples,4
msntts,XtextStudy,2
chiachong,XTextClassification,0
vinisbranco,XtextGerador,0
pakhopav,XtextPlugin,124
IamRaziel,XtextTutorial,1
dstoft,XtextWorkspace,4
MisbahAwan,XtextCollaborativeEnvironment,4
pakhopav,XtextLanguage,0
fonuhuolian,XTextView,0
RomainLefeuvre,xtextHW,3
BestCoderXQX,XTextFlagDemo,0
vinisbranco,XtextTrabalho2,2
loicperreal,Xtext,0
goflyboy,xtextsample,0
SharkJ,XtextInheritanceTest,4
hewenyuAndroid,XTextView-Android,0
OLibutzki,XtextExtras446,1
vinisbranco,XtextJavaScript,0
AndreasGroentved,XtextDSL2018,1
robertchristen,XTextCategorizer.Demo,0
alvarofpp,tutorial-xtext,1
pakhopav,XtextLanguageGradle,62
pakhopav,xtext,1
adamhorvath88,Xtext,4
0xMYsteRy,Xtext,6
taylorlohan,XtextHealth2.0,1
Caroline66666,xtext,4
xuxiaowen87,XText,0
MisbahAwan,xtext,2
ichxorya,failed-xtext2vscode-example,1
hwong23,dsl.evtool,2
RobMoloney,xtext,4
l1ppe,xtext,1
madhouni,wps-ecore-ocl-xtext,0
MISO4202,uniandes.mdd.xtext2xmi,0
tchebs,xtext,2
mlopez8621,xtext,2
magick93,xtext,4
ShivaniBali,Theia-Xtext-Yangster-Project-,1
ehah,XtendExample,0
MISO4202,co.edu.uniandes.gramaticajmeter,2
vks2106,prenum,0
drkstr101,hello-xtext,2
arthurmosley,Essex-Test,0
eclipse,xtext-website-publish,0
jflopezfernandez,xtextutils,0
AlanQuadros,xtextlpmangan,2
jonaslagoni,JSON-Schema-to-internal-DSL,1
OezzyB,e-portfolio-Xtext,3
fedorov-vk,apds_dsl,2
zinon,xtextminer,0
mustafa231,xtexteditor,0
MOSafely,xtextrepo,0
bproenca,mpti-dsl,2
LorenzoBettini,xtext-domain-model-guice-5,1
BlackBeltTechnology,karaf-features-eclipse-xtext,0
vashchenkov,xtext-samle,1
germono,FormXtext,1
Quingo,compiler_xtext,1
ShrawanBK,xtext_salestransaction,2
tshoang,XMarking,2
szschaler,henshin_xtext_adapter,0
hakimuga,BIP-language,1
adautofbn,pascal-xtext,2
efuentesp,Xtext-UCS,1
preesm,ripacola-xtext,1
wibeck,testXtext,2
msun68,xtext-examples,1
xTexturedxx,xTexturedxx,0
HexXText,HexXText,0
Gricel-lee,Xtext-Maven,1
kolchanov,org.xtext.example.mydsl.parent,2
kecksk0enig,vuc-xtext,1
EvdokimovMaks,xtext-expressions,1
Sorokatov,xtext-demo,0
uppaal-emf,uppaal-xtext,1
matheuslenke,Xtext-UML,4
r4mtor,xtext-talks,1
nbhusare,xtext-playground,6
kokostino,xtext_kokomodel,4
GiordanoT,ocl-xtext,2
dr-jam,ABL-XText,1
lahirugayanga,xtext-projection,2
daniel614,xtext-webapp,2
Spiderixius,DSLIndividualXtext,1
mdsd-team-1,photos-xtext,1
efuentesp,xtext-cobol,1
torosky,Libreria-Xtext,0
MaxiEckert,Xtext-example,2
as500,xtext-rpgle,0
JavierOramas,AudiXText,0
xtext,xtext-monorepo,231
vjordan,Xtext_browser,2
Yop-La,xtext_project,1
JesterOrNot,Gitpod-XText,1
eclipse,xtext-archive,0
Lethalaric,xtext-learning,2
DSIE2,tr.xtext,1
ShivaniBali,Theia-Xtext,2
kthoms,xtext-webinar,0
christopherosthues,mgpl-xtext,1
zhanglin2018,learnXtext,4
seebgar,Xtext-Projects,2
Vallenstein,xtext_web,2
AbQadirr,dialogXtextflow,0
blue995,xtext-orm,1
arockiaraj1994,xtext-mvn,2
moein9,passXtext,0
saivarunr,xtext-editor,0
JesterOrNot,xtext-cli,0
Somiacao,xtext-web,1
katmatt,graphql-xtext,1
LIONant-depot,xtexture_compiler,0
tchebs,xtext-example,2
ballcoach12,xtext_samples,0
AssaX0,MDSE-xtext,1
samples-projects,sample-xtext,1
karthik137,xtext-demo,2
MDE-Course-23-24,SIRIUS-XTEXT,1
softlang,megal-xtext,1
laurocesar,xtext-domainmodel,1
Yahaya12,Xtext-project,0
malhxr,SpeechXtext,0
stanimirovv,xtext-extractor,0
3m3k3,xtext-congen,1
pen-zhang,xtext_elm_editor,0
NSaitoNmiri,toppers_cfg_xtext,1
tmtron,ex.xtext.twog,2
vinicius0197,metacrysl,1
Dexels,navascript-editor,1
adrianrutle,PCS953-EMF-Exercise,0
ravornyo,xspice,2
yamen-njm,IotXtext,2
kainzpat14,xtext-plsql,1
epsilonlabs,emc-xtext,0
robertovillarejo,kukulkan-grammar,1
lvanzeun,ulm-xtext-test,1
purerstamp,N7.compilateur,1
jaedabee,xtext-gradle-test,0
MassiBelaid,M-langeuse-Xtext,2
qxe35v,xtext_encoding_dsl,2
random-eclipse,nix-eclipse-xtext,1
meta-doodle,Xtext_Gradle_Test,1
LiamWalsh98,nusmv-xtext-lsp,2
MaximilianKoestler,vscode-xtext-links,0
AhmedEssam2212,xText-Editor-,0
adrinerDP,DSL-with-Xtext,2
cdietrich,xtext-domainmodel-ls,2
tmtron,ex.xtext.ml,3
andrewsandu,xtext-web-example,1
pngowda,xtext-build-tools,0
SharkJ,xtext-dsl-sample,2
hammedb197,team-hacktive-xtext,0
SimonCockx,xtext-monaco-example,1
mister-walter,xtext-folding-issue,1
alexvolh,xtext-xml-grammar,1
SharkJ,my-theia-xtext,1
urbanoanderson,xtext-gait-model,1
vjordan,Xtext_directory-file,2
JosBouwhuis,xText-DSL,0
CS130-W20,assignment-2-xtext,0
lunifera,xtext-jvmtypeprovider-standalone,0
bobbyfisher1,eclipse-workspace,2
dsl-course,xtext-entities-tutorial,1
Highbrainer,xtext-pde-target,0
mattsse,xtext-fipa-acl,1
XIECHO,qingo_xtext_documentation,0
FariSoftware,xtext-problem-matcher,0
ShrawanBK,xtext.sales.transactions,0
Lzgpom,xtext-gen-extension,5
drkstr101,Domainmodel,1
vinicius0197,expressions-dsl,1
LorenzoBettini,xtext-xdoc-releases,0
KarstenWilken,xTextForum,1
S-wald,xtext-plugin-gradle,2
lahirugayanga,xtext-example-dsl,2
cdietrich,xtext-fragment-experiments,1
cdietrich,xtext_bug_1974,1
bergmanngabor,xtext-railmap-demo,1
mchlrch,xtext-intro-bfh,1
EvdokimovMaks,xtext-example-entities,1
cipek,MyFirstXText,2
pngowda,xtext-ci-libs,0
paulvberlin,BaSiriusXtext,1
szarnyasg,sql-pgq-xtext,2
frademacher,xtext-jpms-test,0
xtext,xtext-monorepo-lfs,0
LorenzoBettini,xtext-build-utils,4
cdietrich,xtext-two-dsls,2
balazsgrill,xtext_bug508518,1
Tim-S,xtext-valueconverter-example,2
ayakurtam,xText-Editor,0
HouseBuilder-MDE,HouseBuilder-Xtext,1
xtext,xtext-orbit-replacement,0
fedorov-vk,xtext-xcore-sample,1
gustavotemple,mo631xtext,1
Tim-S,xtext-mapbasedscope-example,1
shakenetwork,xTextHandler,0
GabrielBozza,ProjetoXtextPFC,2
HexXText,HexXTextSMP,0
snarkipus,xtext-dsl-book,1
fedorov-vk,xtextxtend-book-examples,8
ArneDeutsch,xtext-gradle-example,6
oliver-reinhard,xtext-ppt-demo,1
tpluscode,xtext-completion-nullpointer,2
idiomaticsoft,sbt-xtext-plugin,0
pen-zhang,online_elm_xtext,2
raglu,ExternalDSL-xtext,1
kulcsii,xtext-railmap-theia,2
NiccoMlt,xtext-showdown-grammar,1
NinjaArmy,xtext-language-server,0
jnt0r,xtext-npe-reproducable,2
HermanPeeren,eJSL-ANTLR4,0
cs130-w21,statemachine,1
csbc92,MDSE-assignment3,1
ghillairet,org.example.mydsl.parent,1
antoine-morvan,caph-java-parser,1
abatti,XTEXT_FACPL3_PreserveVarious,0
tfLabs,xtext-languageserver-example-duplicator,1
LorenzoBettini,xtext-maven-plugin-example,1
cdietrich,xtext-eclipse-issue-1009,0
patrickneubauer,UoY-MODE-XTEXT,3
cau-se,sprat-ecosystem-dsl-xtext,1
cdietrich,theia-xtext-vscode-example,0
cdietrich,j9-tycho-xtext,1
loradd,xtext-lsp-ecore-support,1
nnn911,LaTeXTextOverlay,0
IbanezGio,VuC,0
Samirez,DSLs,8
ShahimEssaid,com.essaid.model.xtext,0
gon10,EclipseRepoTese,6
max-leuthaeuser,jmhmathexample,1
tshoang,WhitespaceIDE,1
seebgar,MISO4202-proyecto-xtext,2
NiccoMlt,xtext-15-minutes-tutorial,1
SharkJ,theia-xtext-extension-test,2
jku-win-se,JsonBasedXtextGrammar,0
altran-mde,xtext-sirius-integration.io,0
cdietrich,xtext-core-issue-1835,0
Zaki-Fadlan,xtext_getting_started_skilledup,2
raptor494,Xtext-Minecraft-JSON-Languages,4
rudi,xtext-emacs-lsp-demo,1
fedorov-vk,apds_prototype,2
test-editor,test-editor-xtext-gradle,3
Ixgauth,perspectiveDSL-Sirus-Xtext,2
keve98,SzakD_xtext_xtend,2
silvergl,xtext-headless-rcp-example,1
reinaqu,bpmnFromXtextDSL,1
xtext,xtext-p2-orbit,0
dsl-course,xtext-tutorial-turku-interim,2
tfLabs,xtext-lsp-validation-anyway,1
BalzGuenat,xtext-bug-minimal-example,1
dmfullstack,org.xtext.example.mydsl,1
SuelanyBrito,JFlex_CUP_XText_SQL,2
cdietrich,xtext-languageserver-example-simple,1
msntts,Xtext-Standalone-fat-jar,1
oldulov,cfeditor,1
LorenzoBettini,xtext-type-errors-examples,2
claudenirmf,OntoUML-2.0-Xtext,1
Mehmetcanss,example_xtext_language_server_vscode,2
lidochca,xtext.skip.build.before.rename,0
cdietrich,xtext-maven-plugin-coverage-example,1
Kevin-Philip,TP_etudiant_Compilax,1
elite-se,elite-se.xtext.languages.plantuml,1
tshoang,BareBonesIDE,1
tareklel,PDFtoText,0
TVTower,TVTBlitzmaxEditor,2
cdietrich,xtext-multi-dsl-manual-metamodel,4
hallvard,xost,0
davidmpaz,log-book,1
oliver-reinhard,xtext-scoping-default-imports-demo,2
tshoang,Simple-Barebone-XText-based-IDE,1
MISO4202,uniandes.mdd.example.create-xtext,0
NaoMod,XText-Language-Server-in-VSCode,1
MISO4202,xtext-egl-sql2java,2
cdietrich,simple-xtext-parallel-load-example,1
bobbyfisher1,expressions,4
lowcomote,DBML-to-ER,1
tfLabs,xtext-n4js-lsp,1
yishakabreham,mde.sales.transactions.xtext.4,1
Rajesh2015,DSL-using-Xtext-and-Xtend,2
cdietrich,xtext-lsp-tests-with-tycho,1
CarlosAsrc,Reconhecedor-scheme,1
oliver-reinhard,xtext-scoping-default-namespaces-demo,1
TVTower,TVTDatabaseEditor,1
casino-mdd,DSL,2
cokeSchlumpf,bashdsl,2
sumeetchhetri,faugjs-eclipse-plugin,1
sderrien,Uclid-editor,2
GlancingMind,xtext-lsp-missing-deleteFile-impl,1
zmy3036190149,theia-xtext-pf-v1-backup,2
MDSDLab,mdsd-2023-lab2-xtext-xtend,1
abieren,MDSD-Xtext-Project-for-JavaFX,2
SimonCockx,xtext-assertAllWhitespaceIsFormatted,2
tombk556,SF_Factories_Beleg2324_Xtext_DSL,2
DonatasC,CodeGeneration,0
trichterwolke,init,1
zs6jce,x400-xrpgle,0
cyrilnavessamuel,TripManagment,2
paullewallencom,xtext-xtend-978-1-7864-6496-5,11
coalae,telemed,1
vorburger,xtend-StackOverflowError-issue461,0
JoaoMAlmeida,projetoCompiladores18-2,1
Bisssen,math_assignment_3_math_compiler_xtext_and_xtend,1
vks2106,domain.model,2
metafacture,metafacture-flux,1
mrtnstn,example-script-language,1
Michel-Nassalang,eclipse_workspace,16
varadbal,FunPL,2
oliverablagojevic,QuestionnaireDSL,2
EightPillars,NmtranEditor,1
DSIE2,Implementing-observer-design-pattern-with-Xtext-and-Xtend,2
George-6629,Lobster-language-conversion-sql-language-based-on-Xtext,2
hvbargen,meth,2
mischnic,bachelors-thesis,0
cs130-w22,statemachine,1
cesarlaso,tfm-udima-arquitectura-del-software-dsl-ecore-xtext-emf,5
houssemradhouane,Meta-Modelisation-of-Games-Using-UML-Eclipse-Xtext-Acceleo-JAVA,1
mdsd-team-1,domain-specific-language,2
PalladioSimulator,Palladio-Editors-VSCode,0
nils-christian,xtend-active-annotation-issue,0
modicio,feature-dsl-tools,1
HBuender,Aim42Visualizer,1
scanyboss,ide-yourdsl,0
spirvdev,dumpsymb,0
thlaegler,edilang,1
agonzalezgaliana,mydsl-language-server,0
codezork,DSL-Blog,1
LorenzoBettini,issue-2000-example,1
trifonnt,net.adempiere.dsl.properties.spring.parent,1
scanyboss,hello-world-language,0
joerg-holtmann,Pretty-Printer_Language-Analysis,20
coffeeframework,HLVL,2
HermanPeeren,eJSL-MPS,0
kukulkan-project,kukulkan-language-server,1
mdsd-team-1,dsl-layered-style,0
larissafiorini,t2-lingProg,2
ragben,NetzDsl,0
Cosimo5lli,assertx-swing,1
gyaltso,Eclipse-Training-Schedules,0
wzurborg,xtend-example,1
kyberszittya,simple-ros-code-generator,2
LinguaPhylo,linguaPhyloDSL,2
dsanmartins,Entidades,2
opcoach,datasample,1
bujosa,smart-dsl,2
robinguill,DSL_UML_INSA,1
DedalArmy,SpringDSLJava,0
LiamWalsh98,tumlrt-language-server,1
jonev,HTTP-REST-test-DSL,1
ElBilbao,DSL-Wizard-Creator,2
ooaa30,Wail,2
Wilson008,GrammarGenerator,0
ScytherTool,dsl,1
NaoMod,MiniTL,1
ryangarvey,mde-spec,1
bfMarcelino,SchemeLP,2
henriklange,ifcBrickConvert,0
osarenogae,fault_trees_textual_editor,2
claudenirmf,TPTP-Editor,1
augustin-rialan,IDM,2
henriklange,ifcBrickConvertDsl,2
PikaQin,XModel-Code-Converter,2
helloyaqin,XModel-Code-Converter,2
Garlo13,CEPStaticAnalysis,2
Frederic-Boulanger-UPS,MiniARM-feature,1
Jaddison011,C4EventB,1
MDEGroup,metatemplating,1
abdullah-4Mohammed,AWS-EC2-Service_DSL-EMF,0
grammeaway,math-interpreter-dsl,2
ahmedsaleh1998,concept_project,0
Chaimaa-Louahabi,Model-Driven-Engineering,2
fayssalElAnsari,Kotlin-Meta-Model,1
MisbahAwan,SeamlessRuntimeTransformations,2
ProjetoDSL,CanopusDesign,0
Ryuzaki101,Workbench,1
eclipse,xtext,4
eclipse,xtext-core,151
eclipse,xtext-xtend,1
eclipse,xtext-eclipse,59
eclipse,xtext-extras,18
eclipse,xtext-web,2
xtext,seven-languages-xtext,7
eclipse,xtext-maven,0
eclipse,xtext-lib,0
xtext,maven-xtext-example,1
seebk,LaTeXText,0
cdietrich,xtext-languageserver-example,1
eclipse,xtext-idea,0
adamschmideg,coffeescript-eclipse,3
RvonMassow,xDoc,1
xtext,xtext-gradle-plugin,0
LorenzoBettini,packtpub-xtext-book-2nd-examples,11
PrinceMei,xTextHandler,0
LorenzoBettini,packtpub-xtext-book-examples,6
theia-ide,theia-xtext,1
svenefftinge,xtext-lsp-workshop,1
ObeoNetwork,Xtext-Sirius-integration,1
dslmeinte,Xtext2-DSLs,16
merks,Xcore,1
ssi-schaefer,lcdsl,1
eclipse,xtext-umbrella,0
danieldietrich,xtext-protected-regions,0
xtext,xtend-gradle-plugin,0
aphethean,xtext-maven-examples,1
ckulla,xtext-tycho-example,1
vorburger,xtext-sandbox,15
basilfx,xtext-standalone-maven-build,1
JakeGinnivan,XText,0
OLibutzki,xtext.tools,0
Xpitfire,xtext-dnn,1
LorenzoBettini,Xtext2-experiments,5
eclipse,xsemantics,5
xtext,xtext-reference-projects,151
mzaks,FlatBuffersSchemaEditor,1
vorburger,eLang,1
fuinorg,emt-xtext-archetype,1
eclipse-soc,amalgamation-examples-xtext,1
kthoms,xtext-experimental,0
dsldevkit,dsl-devkit,15
itemis,generator-xtext,1
att,yang-design-studio,2
martinbaker,xtextadd,9
LorenzoBettini,edelta,1
sebastianbenz,xgherkin,1
vladdu,xtext.unittesting,1
slizaa,slizaa-opencypher-xtext,1
xpomul,cdo-xtext,1
mark-christiaens,Xtext-Models-Stats-View,0
TypeFox,xtext-jflex,0
vorburger,eclipse-typescript-xtext,1
patrickneubauer,XMLText,0
xtext,org.xtext.antlr.generator,0
boalang,xtext-ide,1
nittka,terminology,1
veraPDF,veraPDF-model-syntax,1
TypeFox,languageserver-example,1
Hellmy,plantuml-eclipse-xtext,1
stephanrauh,JSFLibraryGenerator,1
loonwerks,jkind-xtext,1
TatyPerson,Xtext2Sonar,0
TypeFox,xtext-vscode,1
svenefftinge,Xtext-Workshop-Development-Workspace,1
cdietrich,xtext-uml-example,1
cdietrich,xtext-maven-example,1
marklemay,tptpParser,2
borgar,xtexts,0
uqbar-project,xtext-tortuga-lang,2
dslmeinte,Xtext1-DSLs,13
applause,applause,1
LorenzoBettini,ecefrance2015-xtext-example,1
jcmm33,DirectXTextBlock,0
dhuebner,xtext-apidiff,0
appdev,XTextView,0
oehme,xtext-maven-example,3
SMadani,ThriftMDE,1
xtext,xtext-external-editors,1
itemis,xtext-generator-vscode,1
soluvas,ecommerce-sample,0
tianguanghui,xTextHandler-objc,0
meysholdt,xtext_stateful_lexer,1
holgerschill,XtextCon_Xcore_Maven,2
scottopell,vim-xtext,0
itemis,xtext-debug-example-no-xbase,1
TypeFox,Xtext-XMI,1
joergreichert,XtextPlayground,1
wuwen1030,XTExtension,0
fuinorg,org.fuin.dsl.cqrs,1
JanKoehnlein,EclipseCon2013_XtextTutorial,4
avaranovich,megal-xtext,1
fuinorg,org.fuin.dsl.ddd,1
arturboronat,xtext.domainmodel,1
otrosien,xtext-perl,1
cmendible,Hexa.xText,0
SciSpike,yaktor-dsl-xtext,2
andrearn,org.fornax.soa.xtextservicerepository,10
ujhelyiz,xtext-reflective,0
szarnekow,xtextcon-xbase-example,1
bsi-software,org.eclipse.scout.xtext,1
cdietrich,xtext-languageserver-xbase-example,1
test-editor,deprecated-test-editor-xtext,3
awk-kazmin,eclipse_1C_xtext,1
svenefftinge,fowlers-statemachine-with-expressions,1
copton,XTextExamples,2
GeekBugs,XTextView,0
akosyakov,org.xtext.example.mydsl.idea,3
vaulttec,isis-script,0
HBehrens,Xtext2Workshop,0
GrupoHunter,Kukuroo,2
itemis,xtext-languageserver-example-lsp4e,0
fatalerrortan,Xtext_Xtend_HTML_Generator,3
spoenemann,xtext-gef,1
Minres,RDL-Editor,1
svenefftinge,Guice-Modules-DSL,1
LorenzoBettini,jbase,5
mn-mikke,Model-driven-Pretty-Printer-for-Xtext-Framework,19
hishidama,xtext-dmdl-editor,2
cmark,androtext,1
svenefftinge,homeautomation-example,1
SOM-Research,graphQL-xtext-grammar,2
janesser,frege-xtext,1
szarnekow,org.eclipse.e4.xcss,0
LorenzoBettini,xtext-scoping,1
JanKoehnlein,ESE-2010-Tutorial,1
spoenemann,xtext-orion,1
Modaptix,xtext-expressions,1
nittka,Jtag,1
erlide,erlide_xtext,2
cdietrich,xtext-forum-support-example,0
ESIR2Compilation,Langage-WHILE,1
jhonatan89,gen-angular-grammar,1
Sofiane-13,tutorialXtextSirius,0
eclipse-soc,amalgamation-examples,1
dvdkruk,xtext-xsd-resourceprovider,0
marnix,metamath-eclipse-xtext,1
JanKoehnlein,Xtext-Syntax-View,0
planger,xtext-uml-experiment,1
rquinio,ck2xtext,3
mzaks,petrinet_dsl,1
drnappalm,xtext,7
svenefftinge,Xtext-Workshop-Runtime-Workspace,0
martijndwars,XtextXT,1
nahni,xtextTessla,2
baidty,xtextLearning,1
MoayadHn,XtextBDI,2
fzalila,XtextExperiments,1
Girish-Venkatesh,XTextSelenium,2
Vinayakatk,xtextScopes,2
01Lizard10,XTextUML,1
Salome-Maro,XtextUtils,0
fanghuixing,XtextApricot,2
mraminella,xtextTests,0
Alma2015RSABSAWA,XtextLangage,0
myorb,XTextParser,0
Jhinnn,XTextView,0
kathisai,xtextSample,2
huibo-shi,XtextExamples,4
osamu-k,XTextStudy,2
Treehopper,XTextTemplate,1
seba111,Xtext1,1
shinesamjacob,XtextExample,1
ajperalt,xtext,6
schakko,xtext-plugin-with-maven-tycho,1
colameo,xtext4roo,1
vinpereira,XtextToXMI,4
JanKoehnlein,XtextCon2014,0
bink81,xtext-test,0
xtext42,xtext42-coding,0
borisbrodski,XtextBug437519,1
hypery2k,xText,4
borisbrodski,XtextBug453268,1
arnulfo-rodriguez,XtextClosureExample,1
superxlx,XTextViewDemo,0
johnBened,XtextMyDSLExample,0
philiber92,XtextTestRepository,1
fabienfleureau,XtextAtStackoverflow,0
yunxiaocloud,XTextFieldLimtDemo,0
eclipse,xtext-gradle,0
Mensmec,THESIS_XTEXT,0
MacJariel,sandbox-dsl,1
chetanladdha,XtextFormatingHoverSample,0
ainslec,XTextCustomLexerExample,1
hem28,DSL_Xtext2.3,1
HBuender,XtextAndSiriusIntegration,1
meysholdt,EclipseCon2014_XtextTutorial,4
jaimedelgado,Xtext,0
chris125964,xtext,0
DonRenando,xtext,2
martijndwars,Xtext,15
ozkandemir,XText,2
johnahfong,xtext,5
Mensmec,Xtext,4
pellcorp,xtext,1
Tutti91,Xtext,1
ANCIT,xtext-examples,1
DECENTSoftwareAssessment,dag.m1x,1
rmemory,xtext,3
deb-sandeep,com.sandy.xtext.jovenotes.tests,0
yasuohosotani,Xtext,1
Nika24,Xtext,4
BenediktNiehues,de.nie.fin,2
AlexElvers,XText,0
lakzso,xtext,1
seba111,Xtext,1
MacJariel,xtext,1
tmtron,xtext.15minTutorial,1
blewis13,Boxes,1
DECENTSoftwareAssessment,famix.m3x,1
dslmeinte,SimScript,6
webdaford,aqleditor,0
goldschmiede,2012-02-03_dsls_mit_xtext,4
kthoms,org.eclipse.xtext.example.domainmodel,1
Reitzner,xtextmaven,1
hectorsun,xtextonboost,0
duck2,xtextbg,0
HolyCityAudio,SpinCAD-Builder,3
ceefour,glproto,1
DECENTSoftwareAssessment,dag.m1x.tests,0
gvd,xtext-sm,1
davidmpaz,php.ware.web.ui,0
DanielWeber,xtextext,0
fzalila,xtextfsm,1
DECENTSoftwareAssessment,dag.m1x.sdk,0
jgoppert,xmodelica,1
Vinayakatk,xtextgeneratetest,0
deb-sandeep,com.sandy.xtext.jovenotes,2
DECENTSoftwareAssessment,dag.m1x.ui,0
viatra,viatra-evm-xtext,1
protossoftware,ReqText,1
meysholdt,e4dsl,1
benzait27,Xtext.Promo,1
malakeel,myDsl,2
npalix,org.eclipse.xtext.example.arithmetics,1
sormgabriel,textual_verduler,0
ekowahyudi,examplextext,0
DECENTSoftwareAssessment,famix.m3x.ui,0
nakul02,sialx-xtext-ide,1
kduske-n4,DomainModel,1
Infoly,SmallJava,0
inakuhn,de.htwg.mdse.setgame.entities.parent,1
mlanoe,x-vhdl,1
DECENTSoftwareAssessment,famix.m3x.tests,0
nkonev,CalcXtext,1
meysholdt,xtext_examples,26
manuelleduc,xtext-lib,0
xarvey,atom-xtext-package,1
LolloCorte,bpel-xtext,3
sciolizer,xtext-sandbox,1
denschu,xtext-whitespace,1
pablitar,claseXtext,2
DECENTSoftwareAssessment,famix.m3x.sdk,0
tdegueul,xtext-composition,2
danieldietrich,xtext-javatools,1
akademia,ontouml-xtext,1
efuentesp,codebuilder-xtext,1
zrrk,xtext-utils,0
juli1,xtext-debug,2
nbhusare,Xtext-sandbox,8
jachinte,xtext-grammars,1
susieagerholm,XTEXT_EXAMPLE,6
itemis,monaco-xtext,0
xiaoyvr,xtext-demo,1
hmc-cs111-fall2015,picobot-XText,1
yanntm,Xtext-Light,0
quendimax,libXtextcursorchanger,0
Ikraminfo,GrammaireXtext,0
nickeeyyoo,xtext_project,1
marinamygithub,xtext_project,2
lukashaertel,xtext-xgen,4
fmca,xtext-typesystem,1
almazhou,xtext-demo,0
Huluvu424242,xtext.example,1
kiddochan,xtext-typesystem,1
mmalohlava,ppXtext,1
ponta027,xtext_practice,1
bhdrkn,Xtext-Examples,2
fatalerrortan,Xtext-examples,2
gcr-nist,runtime-Xtext,0
fBrx,language-xtext,0
ilya-klyuchnikov,sll-xtext,1
vonbolt,Xtext_test,1
rytina,xtext-typesystem,1
philiber92,xtext-utils,0
thomasfischl,xtext-workshop,2
jbadeau,ng-xtext,0
OliverScherf,MGPL-Xtext,1
szarnyasg,gradle-xtext,1
malbac,Xtend_Xtext,2
gitpan,Convert-XText,0
rmemory,xtext_eclipse,0
lukashaertel,xtext-technocat,1
lukashaertel,xtext-xtestgen,1
zhangyuanqiao,selenium-xtext,2
cooked,modelica-xtext,1
pablitar,firewall-xtext,1
hamza-abed,JSEditorXtext,1
Virtlink,paplj-xtext,1
kwanggy,xtext-sublime,0
thicket-lang,thicket-xtext,1
agentlab,xtext-web,3
test-editor,xtext-dropwizard,1
kecskesk,xtext-menetrend,1
ftrifin,xtext-utils,0
scottopell,xtext_utils,0
lukashaertel,xtext-fsml,3
sahrmann,xtext-json,1
Modaptix,xtext-utils,0
itemis,xtext-issues,0
holzem,xtext-lexertrace,1
victorlacorte,Tcc,0
limelanguage,lime-xtext,0
edgarmueller,xtext-recordmapper,1
santoshdeshpande,wwf-xtext,1
MatzeGIT,XText-maven,1
tkurita,XText.scptd,0
t-buss,mgpl_xtext,1
dvdkruk,xtext-workshop,1
npalix,org.xtext.example.mde,3
logicfish,XActiv,1
kittaakos,webcalc,1
evandor,skysail-prototypr-dsl,1
iensen,certware-l-editor,3
vladimirkozhaev,casualintellect_new_wizard,1
TinyScream,org.xtext.amodel,1
M2TIIL2016-2017,SiteWeb_XText,2
schakko,hackcamp-xtext-automotivebus,1
sfinnie,xtext.scoping.adventures,1
jpaw,bonaparte-apidsl,1
rainerschuster,yacc-ide,1
schakko,xtext-bug-436688,1
dhuebner,xtext-builddsl-tycho,1
matejsp,lwc13-xtext,2
ftrifin,xtext-utils.uml,0
mbarbero,xtext-forms-integration,2
FForw4rd,xtext-restriction-framework,2
zrrk,xtext-utils.devenv,0
ftrifin,xtext-utils.xtend,0
svenefftinge,xtext-jaxcon-example,1
LorenzoBettini,xtext-demo-laquila,1
jakecobb,xtext-iris-datalog,1
Huluvu424242,rezept-dsl.xtext,1
philiber92,xtext-utils.unittesting,0
philiber92,xtext-utils.distribution,0
phaldan,htwg-cform-xtext,1
itemis,xtext-example-conplan,1
LorenzoBettini,Xtext-Buckminster-Example,1
LorenzoBettini,xtextcon-typesystem-example,1
dhuebner,org.xtext.example.tycho,3
agentlab,eclipse-orbit_xtext-web,2
Tutti91,xtext_language_bla,1
LeonoraG,xtext-req-editor,2
xarvey,atom-xtext-autocomplete,0
franzbecker,xtext-formatter-problem,1
ftrifin,xtext-utils.distribution,0
Fritzi,XText_TeSSLa,2
madasar,booster2-xtext,1
TypeFox,xtext-splitted-repo,137
zrrk,xtext-utils.uml,1
zrrk,xtext-utils.xtend,0
ftrifin,xtext-forms-integration,2
JanKoehnlein,fxdiagram-xtext-examples,3
ubx,openair,1
rju,xtext-typing-example,1
philiber92,xtext-utils.xtend,0
Advanced-Model-Engineering-SS16,xtext-ocl-extensions,2
zrrk,xtext-utils.distribution,0
Johanvdberg,mcrl2.xtext,3
kryptonite22,rsbac.xtext.dsl,0
tkleszczynski,jug-zgora-xtext,1
philiber92,xtext-utils.devenv,0
jeffmaury,devoxx2012-xtext,3
YonedaMasashi,xText_Practice,1
jackqq,xTextEdit,0
ftrifin,xtext-utils.unittesting,0
lgcardeas,xtext-forms-integration,2
vrichard12,xtext-forms-integration,2
itemis,xtext-monaco-example,0
pabu90,xtext-ci-test,1
EricssonPlant,plantuml-xtext-light,1
zrrk,xtext-utils.unittesting,1
LorenzoBettini,xtext-index-experiments,1
ftrifin,xtext-utils.devenv,0
inteldict,xtext-gradle-demo,2
cdietrich,xtext-multi-dsl,3
hachreak,dmss.pouex.xtext,1
lunifera,lunifera-xtext-runtimebuilder,2
sikessle,xtext-forms-integration,2
priya0311,xtext-forms-integration,2
philiber92,xtext-utils.uml,0
talalong,dbFactoryXtext,2
stackoverflowmailer,lwc13-xtext,2
willy2706,if4150-xtext,1
wwu-pi,acse-xtext-validation,2
ProgrammableDrones,xTextLanguage,1
stefano-bragaglia,Kinect-ECE-XText,2
wwu-pi,acse-xtext-gui,1
peterssas,xtext-gradle-problem,1
zhoumin03,xtext-forms-integration,2
gcubar,CodeXcessXtext,1
cdietrich,xtext-ecore-xcore,2
ayoubziat,xtext_DSL_example,1
xiaoyvr,xtext-demo-oxygen,1
test-editor,deprecated-xtext-index-backend,1
kuniss,Aqua,1
npalix,org.eclipse.xtext.example.fowlerdsl,1
dslmeinte,xtext-workshop-code1,1
chauhansaurabhb,Eclipse-Xtext-Mydsl-Plugin,2
oyse,jetson,1
zwgirl,summer,10
rymarenkosuccess,Coffeescript-Eclipse,3
felipedf,compiler,2
logicfish,XPlane,0
LorenzoBettini,Xtext-Xtend-Buckminster-Example,1
vorburger,eclipse-typescript-xtext-repository,0
pankeshpatel,EclipsePluginForXtext,2
Hellmy,plantuml-eclipse-xtext_update,0
xpomul,xtext-multi-edit-example,1
tmtron,xtext.eclipse.15minExtended,1
deb-sandeep,com.sandy.xtext.jovenotes.ui,0
ftrifin,xtext-utils.xtend1,0
szarnekow,xtext-arithmetics-web-example,1
wwu-pi,acse-xtext-knuth-binaries,1
jwachter,xtext-serializer-issue-example,1
DemidovAlexander,Xtext_MiniJava_IDE,2
camilagarcia113,xtext-dsl-obj3,1
cdietrich,gradle-xtext-xtend-problem,0
uqbar-paco,firewall-dsls-externos-xtext,2
svenefftinge,Xtext-LWC-contribution--Instances-,2
rainerschuster,eclipse-webidl,1
willy2706,if4150-xtext-html,0
phaldan,htwg-cform-xtext-demo,0
hypery2k,Xtext-GrammarMixin-Example,4
philiber92,xtext-utils.subproject-template,0
zrrk,xtext-utils.subproject-template,0
thowin,ituXtextLandinConfigurator,2
philiber92,xtext-utils.xtend1,0
claudenirmf,old-tests-on-xtext,1
zouhairireda,xtext-ocl-xtend-poc,2
franzbecker,xtext-serializer-parallel-problem,1
lunifera,lunifera-xtext-runtimebuilder-example,1
ftrifin,xtext-utils.subproject-template,0
fluxtah,xtext-android-gradle-example,0
hypery2k,Xtext-Maven-BuildExample,2
kittaakos,xtext-eclipse-gh-238,1
MatzeGIT,XText-Maven-CleanStart,1
Rodolfocostapr,org.xtext.example.pascalito,2
deb-sandeep,JoveNotesProcessor,0
zrrk,xtext-utils.xtend1,0
tanthingdeveloper3unshine,AutoCompleteXTextView,0
loradd,uml-xtext-grammar-generator,0
RobertWalter83,DialogScriptDSL,3
vicegd,org.xtext.dsl.restaurante,2
paulluap,xtext-extras-issue216,1
dhakehurst,net.akehurst.example.xtext.vertx,1
alvilgau,de.htwg.xtext.setGame,1
nittka,Xarchive,1
rdurelli,com.br.refactoring.xtext.dsl,2
tmtron,xtext.15minTutorial.project,0
agentlab,eclipse-orbit_xtext-web-dsls,6
threadedblue,org.eclipse.xtext.example.domainmodel,2
cdietrich,xtext-existing-metamodel-gradle-example,1
wrungel,tycho.xtext.mwe2.test,2
Scholvac,EclipseTaskJuggler,1
ftmdida,xtext_code_gen_version_2,2
alexwatts,xtext-j2ee-dsl,4
cdietrich,xtext-gradle-plugin-issue-60,2
thowin,ituXtextLandin2Configurator,2
jkouwer,basicfamily,0
goldschmiede,2011-02-18_xtext_apache_wicket,0
nileshrege,El,1
deparlak,de.htwg.mdsd.xtext.portals,2
shashwatanand,org.shashwat.xtext.smallJava,2
mmalohlava,gpp-for-xtext-master-thesis,0
dexz92,Integrating-Xtext-and-JavaRAG,3
Rodolfocostapr,org.xtext.example.pascalitoOld,2
KasperGam,IGESImport,1
fuinorg,xsample,1
florianpirchner,beantypes,0
cdietrich,xtext-gradle-plugin-issue-61,1
rdurelli,com.br.refactoring.xtext.dsl.ui,0
threadedblue,org.eclipse.xtext.example.domainmodel.tests,0
rdurelli,com.br.refactoring.xtext.dsl.tests,0
shashwatanand,org.shashwat.xtext.smallJava.ui,0
tmtron,xtext.eclipse.15minExtended.project,0
chqu1012,MetroUiDescriper,0
rainerschuster,sygus-ide,1
jacruzca,xtext-multilanguage-multiple-target-impl-reuse,6
qscdfg,mybash,1
eirikg,XbaseSiriusIntegration,1
nohum,android-code-generation,1
gvd,zest-sm,0
uqbar-paco,declaratividad-orm-java,1
shashwatanand,org.shashwat.xtext.smallJava.tests,0
dhakehurst,net.akehurst.example.xtext.vertx.lsp,0
vztpv,ClauTextWithEclipse,1
goldschmiede,2011-04-29_xtext_service_repository,0
markusvoelter,DSLEngBook-Xtext-P3Demo,1
ESIR2Compilation,PrettyPrinter,0
bmael,MVCLang,0
zhou-jg,tefler,2
bogdanvuk,xvhdl,5
marcotinacci,XTuring,2
threadedblue,org.eclipse.xtext.example.domainmodel.ui,0
joergreichert,OperationsResearch,1
tommyettinger,julepp,0
masters-info-nantes,SmokingText,1
daniel-laszlo,temalabor,1
Communote,communote-restws,1
vorburger,FormGeneratorPOC,0
nittka,pocesl,1
logicfish,POMText,0
cdietrich,https---github.com-meysholdt-xtext_stateful_lexer,0
bogdanvuk,xrst,2
meysholdt,performance_probes,0
agentlab,PowerLoomDSL,1
rainerschuster,jdl-ide,1
JoostvanPinxten,SDF3-editor,1
ceefour,emf-sandbox,0
Mehdi23,FlexoModelingLanguage,1
atanaka,experimental-rmodp-dsl,1
leolimasa,reqlang,2
smba,model-based-times,1
DavidFosterLuhmann,high-dim,0
test-editor,deprecated-test-editor-index-backend,0
sidz8690,EasyUnit,0
lsotnk,lsotnk.xbase.launching,0
Tim-S,ReqLNG,1
helunwencser,PAOC,2
nakul02,sysml.dml,2
rainerschuster,tlsf-ide,1
rainerschuster,asdl-ide,1
N0P0x90,EclipseExamples,1
martinmuellenberg,cityplanning,1
newdigate,soa-dsl-scaffolding,1
evansnicholas,yaxpath,0
nittka,ASP,0
josros,boby,1
danhaywood,kemble,0
schakko,bsc-thesis-documentation,0
szarnekow,mongoBeans,1
timeraider4u,external_jar_download,0
Buggaboo,xplatform,8
jonathankoehn,entitygenerator,1
marcusphi,polopoly-dsl,1
alexisfacques,dsl-feature-modelling,1
sbrocard,statemachine-generator,1
JPL-IMCE,gov.nasa.jpl.imce.oml.core,1
PuneetPatwari,system-map-maker,0
atanaka,DomainmodelWithCrossReference,1
cedricvidal,protobuf4e,1
rowlo,testdsl,1
joergreichert,Cool,1
WesleyMarques,CompiladorJava,1
tommyettinger,kobold,1
stolorz,RankPL-EclipsePlugin,1
UnibgInfo3A,ebnfworkbench,1
sergiowebo,RaspduinoDSL,1
Remypoc,CmooSimpleJ,2
majordomo,majordomo,1
ryanignatius,CheckerDSL,2
raynair,webml,1
arbennett,ParserGeneratorExample,2
OElabed,Model-Driven-Engineering--Eclipse-RCP-plugin--Software-product-line,8
renaudhelias,MameVHDL,1
cwiscount,mydsl-emf-gen,1
rmuecke,clinicaltrialcreator,0
mythicfreak,aomxsgrammar,1
diverse-project,melange-studio,0
marcotinacci,Event-Oriented-Language,1
ksza,Bicycle-Shop,3
marcotinacci,SwarmRobotics,2
Padmar1995,gh,0
