Owner,Repository,Mwe2 Existence
waynepiekarski,XTextureExtractor,NO
TypeFox,theia-xtext-sprotty-example,YES
altran-mde,xtext-sirius-integration,YES
graph-quilt,graphql-xtext,YES
TypeFox,vscode-xtext-sprotty-example,YES
eclipse,xtext-website,NO
intuit,common-xtext-expression-language,YES
PacktPublishing,Implementing-Domain-Specific-Languages-with-Xtext-and-Xtend,YES
resloved,xtext,YES
lurenzhangdeshuai,EmojiText-XText,NO
kuniss,xtext-ide-extensions,YES
graph-quilt,xtext-service-dsl,YES
btc-ag,service-idl,YES
eventB-Soton,XUML_B,YES
Minres,CoreDSL,YES
TypeFox,xtext2langium,NO
v-bashev,post_core,YES
NielsLiisberg,RPG-lexer,YES
OpenSextant,XText,YES
laubfall,jugh-xtext-arkanoid,YES
khabdrick,LambdaXtextract,NO
bsati,mgpl-xtext,YES
UnBCIC-TP2,Oberon-XText,YES
TopXDevTeam,TopXTextUI,NO
ngreve,xtext_web,YES
nmaoez,composer-language-server,YES
FAMILIAR-project,xtext-dsl-compiler-example,YES
eventB-Soton,XTheory,YES
program-in-chinese,xtext_tutorial_15_min_zh,YES
code-kontor,openCypher-Xtext,YES
eclipse,epsilon,YES
UnBCIC-TP2,Oberon-IDE,YES
idiomaticsoft,xtext-tips,YES
atb,pt.isep.dsl.puml,YES
Webastronaut,mgpl,YES
PAMunb,MetaCrySL,YES
raghvendra-v,tosca-yaml-lsp,YES
zxhr,gradle-xtext-generator,NO
tmtron,ex.xtext.lsp,YES
echebbi,standalone-xtext-example,YES
darvasd,xtext-docs-gen,YES
jcabot,WordPress-Plugin-DSL,YES
JensBAndersen,PolicyLanguage,NO
Zannith,XtextTest,NO
AnnaLenaMeiners,XtextExamples,YES
Kerolos77,XTextEditor,NO
Mabar16,xtextMath,NO
holgerschill,xtextCodebuff,NO
devzwy,XTextView,NO
mraminella,XtextExamples,YES
msntts,XtextStudy,YES
chiachong,XTextClassification,NO
vinisbranco,XtextGerador,NO
pakhopav,XtextPlugin,NO
IamRaziel,XtextTutorial,YES
dstoft,XtextWorkspace,YES
MisbahAwan,XtextCollaborativeEnvironment,YES
pakhopav,XtextLanguage,NO
fonuhuolian,XTextView,NO
RomainLefeuvre,xtextHW,YES
BestCoderXQX,XTextFlagDemo,NO
vinisbranco,XtextTrabalho2,YES
loicperreal,Xtext,YES
goflyboy,xtextsample,NO
SharkJ,XtextInheritanceTest,YES
hewenyuAndroid,XTextView-Android,NO
OLibutzki,XtextExtras446,YES
vinisbranco,XtextJavaScript,NO
AndreasGroentved,XtextDSL2018,YES
robertchristen,XTextCategorizer.Demo,NO
alvarofpp,tutorial-xtext,YES
pakhopav,XtextLanguageGradle,NO
pakhopav,xtext,YES
adamhorvath88,Xtext,YES
0xMYsteRy,Xtext,YES
taylorlohan,XtextHealth2.0,NO
Caroline66666,xtext,YES
xuxiaowen87,XText,YES
MisbahAwan,xtext,YES
ichxorya,failed-xtext2vscode-example,YES
hwong23,dsl.evtool,YES
RobMoloney,xtext,YES
l1ppe,xtext,YES
madhouni,wps-ecore-ocl-xtext,NO
MISO4202,uniandes.mdd.xtext2xmi,NO
tchebs,xtext,YES
mlopez8621,xtext,YES
magick93,xtext,YES
ShivaniBali,Theia-Xtext-Yangster-Project-,YES
ehah,XtendExample,NO
MISO4202,co.edu.uniandes.gramaticajmeter,YES
vks2106,prenum,NO
drkstr101,hello-xtext,YES
arthurmosley,Essex-Test,NO
eclipse,xtext-website-publish,NO
jflopezfernandez,xtextutils,NO
AlanQuadros,xtextlpmangan,YES
jonaslagoni,JSON-Schema-to-internal-DSL,YES
OezzyB,e-portfolio-Xtext,YES
fedorov-vk,apds_dsl,YES
zinon,xtextminer,NO
mustafa231,xtexteditor,NO
MOSafely,xtextrepo,NO
bproenca,mpti-dsl,YES
LorenzoBettini,xtext-domain-model-guice-5,YES
BlackBeltTechnology,karaf-features-eclipse-xtext,NO
vashchenkov,xtext-samle,YES
germono,FormXtext,YES
Quingo,compiler_xtext,YES
ShrawanBK,xtext_salestransaction,YES
tshoang,XMarking,YES
szschaler,henshin_xtext_adapter,NO
hakimuga,BIP-language,NO
adautofbn,pascal-xtext,YES
efuentesp,Xtext-UCS,NO
preesm,ripacola-xtext,YES
wibeck,testXtext,YES
msun68,xtext-examples,YES
xTexturedxx,xTexturedxx,NO
HexXText,HexXText,NO
Gricel-lee,Xtext-Maven,YES
kolchanov,org.xtext.example.mydsl.parent,YES
kecksk0enig,vuc-xtext,YES
EvdokimovMaks,xtext-expressions,YES
Sorokatov,xtext-demo,YES
uppaal-emf,uppaal-xtext,YES
matheuslenke,Xtext-UML,YES
r4mtor,xtext-talks,YES
nbhusare,xtext-playground,YES
kokostino,xtext_kokomodel,YES
GiordanoT,ocl-xtext,YES
dr-jam,ABL-XText,YES
lahirugayanga,xtext-projection,YES
daniel614,xtext-webapp,YES
Spiderixius,DSLIndividualXtext,YES
mdsd-team-1,photos-xtext,YES
efuentesp,xtext-cobol,NO
torosky,Libreria-Xtext,NO
MaxiEckert,Xtext-example,YES
as500,xtext-rpgle,NO
JavierOramas,AudiXText,NO
xtext,xtext-monorepo,YES
vjordan,Xtext_browser,YES
Yop-La,xtext_project,YES
JesterOrNot,Gitpod-XText,YES
eclipse,xtext-archive,NO
Lethalaric,xtext-learning,YES
DSIE2,tr.xtext,YES
ShivaniBali,Theia-Xtext,YES
kthoms,xtext-webinar,NO
christopherosthues,mgpl-xtext,YES
zhanglin2018,learnXtext,YES
seebgar,Xtext-Projects,YES
Vallenstein,xtext_web,YES
AbQadirr,dialogXtextflow,NO
blue995,xtext-orm,YES
arockiaraj1994,xtext-mvn,YES
moein9,passXtext,NO
saivarunr,xtext-editor,NO
JesterOrNot,xtext-cli,NO
Somiacao,xtext-web,YES
katmatt,graphql-xtext,YES
LIONant-depot,xtexture_compiler,NO
tchebs,xtext-example,YES
ballcoach12,xtext_samples,NO
AssaX0,MDSE-xtext,YES
samples-projects,sample-xtext,YES
karthik137,xtext-demo,YES
MDE-Course-23-24,SIRIUS-XTEXT,YES
softlang,megal-xtext,YES
laurocesar,xtext-domainmodel,YES
Yahaya12,Xtext-project,NO
malhxr,SpeechXtext,NO
stanimirovv,xtext-extractor,NO
3m3k3,xtext-congen,YES
pen-zhang,xtext_elm_editor,NO
NSaitoNmiri,toppers_cfg_xtext,YES
tmtron,ex.xtext.twog,YES
vinicius0197,metacrysl,YES
Dexels,navascript-editor,YES
adrianrutle,PCS953-EMF-Exercise,NO
ravornyo,xspice,YES
yamen-njm,IotXtext,YES
kainzpat14,xtext-plsql,YES
epsilonlabs,emc-xtext,NO
robertovillarejo,kukulkan-grammar,YES
lvanzeun,ulm-xtext-test,YES
purerstamp,N7.compilateur,YES
jaedabee,xtext-gradle-test,NO
MassiBelaid,M-langeuse-Xtext,YES
qxe35v,xtext_encoding_dsl,YES
random-eclipse,nix-eclipse-xtext,YES
meta-doodle,Xtext_Gradle_Test,YES
LiamWalsh98,nusmv-xtext-lsp,YES
MaximilianKoestler,vscode-xtext-links,NO
AhmedEssam2212,xText-Editor-,NO
adrinerDP,DSL-with-Xtext,YES
cdietrich,xtext-domainmodel-ls,YES
tmtron,ex.xtext.ml,YES
andrewsandu,xtext-web-example,YES
pngowda,xtext-build-tools,NO
SharkJ,xtext-dsl-sample,YES
hammedb197,team-hacktive-xtext,NO
SimonCockx,xtext-monaco-example,YES
mister-walter,xtext-folding-issue,YES
alexvolh,xtext-xml-grammar,YES
SharkJ,my-theia-xtext,YES
urbanoanderson,xtext-gait-model,YES
vjordan,Xtext_directory-file,YES
JosBouwhuis,xText-DSL,NO
CS130-W20,assignment-2-xtext,NO
lunifera,xtext-jvmtypeprovider-standalone,NO
bobbyfisher1,eclipse-workspace,YES
dsl-course,xtext-entities-tutorial,NO
Highbrainer,xtext-pde-target,NO
mattsse,xtext-fipa-acl,YES
XIECHO,qingo_xtext_documentation,NO
FariSoftware,xtext-problem-matcher,NO
ShrawanBK,xtext.sales.transactions,NO
Lzgpom,xtext-gen-extension,YES
drkstr101,Domainmodel,YES
vinicius0197,expressions-dsl,YES
LorenzoBettini,xtext-xdoc-releases,NO
KarstenWilken,xTextForum,YES
S-wald,xtext-plugin-gradle,YES
lahirugayanga,xtext-example-dsl,YES
cdietrich,xtext-fragment-experiments,YES
cdietrich,xtext_bug_1974,YES
bergmanngabor,xtext-railmap-demo,YES
mchlrch,xtext-intro-bfh,YES
EvdokimovMaks,xtext-example-entities,YES
cipek,MyFirstXText,YES
pngowda,xtext-ci-libs,NO
paulvberlin,BaSiriusXtext,YES
szarnyasg,sql-pgq-xtext,YES
frademacher,xtext-jpms-test,NO
xtext,xtext-monorepo-lfs,NO
LorenzoBettini,xtext-build-utils,YES
cdietrich,xtext-two-dsls,YES
balazsgrill,xtext_bug508518,YES
Tim-S,xtext-valueconverter-example,YES
ayakurtam,xText-Editor,NO
HouseBuilder-MDE,HouseBuilder-Xtext,YES
xtext,xtext-orbit-replacement,NO
fedorov-vk,xtext-xcore-sample,YES
gustavotemple,mo631xtext,YES
Tim-S,xtext-mapbasedscope-example,YES
shakenetwork,xTextHandler,NO
GabrielBozza,ProjetoXtextPFC,YES
HexXText,HexXTextSMP,NO
snarkipus,xtext-dsl-book,YES
fedorov-vk,xtextxtend-book-examples,YES
ArneDeutsch,xtext-gradle-example,YES
oliver-reinhard,xtext-ppt-demo,YES
tpluscode,xtext-completion-nullpointer,YES
idiomaticsoft,sbt-xtext-plugin,NO
pen-zhang,online_elm_xtext,YES
raglu,ExternalDSL-xtext,YES
kulcsii,xtext-railmap-theia,YES
NiccoMlt,xtext-showdown-grammar,YES
NinjaArmy,xtext-language-server,NO
jnt0r,xtext-npe-reproducable,YES
HermanPeeren,eJSL-ANTLR4,NO
cs130-w21,statemachine,YES
csbc92,MDSE-assignment3,YES
ghillairet,org.example.mydsl.parent,YES
antoine-morvan,caph-java-parser,YES
abatti,XTEXT_FACPL3_PreserveVarious,NO
tfLabs,xtext-languageserver-example-duplicator,YES
LorenzoBettini,xtext-maven-plugin-example,YES
cdietrich,xtext-eclipse-issue-1009,NO
patrickneubauer,UoY-MODE-XTEXT,YES
cau-se,sprat-ecosystem-dsl-xtext,YES
cdietrich,theia-xtext-vscode-example,NO
cdietrich,j9-tycho-xtext,YES
loradd,xtext-lsp-ecore-support,YES
nnn911,LaTeXTextOverlay,NO
IbanezGio,VuC,NO
Samirez,DSLs,YES
ShahimEssaid,com.essaid.model.xtext,NO
gon10,EclipseRepoTese,YES
max-leuthaeuser,jmhmathexample,YES
tshoang,WhitespaceIDE,YES
seebgar,MISO4202-proyecto-xtext,YES
NiccoMlt,xtext-15-minutes-tutorial,YES
SharkJ,theia-xtext-extension-test,YES
jku-win-se,JsonBasedXtextGrammar,NO
altran-mde,xtext-sirius-integration.io,NO
cdietrich,xtext-core-issue-1835,NO
Zaki-Fadlan,xtext_getting_started_skilledup,YES
raptor494,Xtext-Minecraft-JSON-Languages,YES
rudi,xtext-emacs-lsp-demo,YES
fedorov-vk,apds_prototype,YES
test-editor,test-editor-xtext-gradle,YES
Ixgauth,perspectiveDSL-Sirus-Xtext,NO
keve98,SzakD_xtext_xtend,YES
silvergl,xtext-headless-rcp-example,YES
reinaqu,bpmnFromXtextDSL,YES
xtext,xtext-p2-orbit,NO
dsl-course,xtext-tutorial-turku-interim,YES
tfLabs,xtext-lsp-validation-anyway,YES
BalzGuenat,xtext-bug-minimal-example,YES
dmfullstack,org.xtext.example.mydsl,YES
SuelanyBrito,JFlex_CUP_XText_SQL,YES
cdietrich,xtext-languageserver-example-simple,YES
msntts,Xtext-Standalone-fat-jar,YES
oldulov,cfeditor,YES
LorenzoBettini,xtext-type-errors-examples,YES
claudenirmf,OntoUML-2.0-Xtext,YES
Mehmetcanss,example_xtext_language_server_vscode,YES
lidochca,xtext.skip.build.before.rename,NO
cdietrich,xtext-maven-plugin-coverage-example,YES
Kevin-Philip,TP_etudiant_Compilax,YES
elite-se,elite-se.xtext.languages.plantuml,YES
tshoang,BareBonesIDE,YES
tareklel,PDFtoText,NO
TVTower,TVTBlitzmaxEditor,YES
cdietrich,xtext-multi-dsl-manual-metamodel,YES
hallvard,xost,NO
davidmpaz,log-book,YES
oliver-reinhard,xtext-scoping-default-imports-demo,YES
tshoang,Simple-Barebone-XText-based-IDE,YES
MISO4202,uniandes.mdd.example.create-xtext,NO
NaoMod,XText-Language-Server-in-VSCode,YES
MISO4202,xtext-egl-sql2java,YES
cdietrich,simple-xtext-parallel-load-example,YES
bobbyfisher1,expressions,YES
lowcomote,DBML-to-ER,YES
tfLabs,xtext-n4js-lsp,YES
yishakabreham,mde.sales.transactions.xtext.4,YES
Rajesh2015,DSL-using-Xtext-and-Xtend,YES
cdietrich,xtext-lsp-tests-with-tycho,YES
CarlosAsrc,Reconhecedor-scheme,YES
oliver-reinhard,xtext-scoping-default-namespaces-demo,YES
TVTower,TVTDatabaseEditor,YES
casino-mdd,DSL,YES
cokeSchlumpf,bashdsl,YES
sumeetchhetri,faugjs-eclipse-plugin,YES
sderrien,Uclid-editor,YES
GlancingMind,xtext-lsp-missing-deleteFile-impl,YES
zmy3036190149,theia-xtext-pf-v1-backup,YES
MDSDLab,mdsd-2023-lab2-xtext-xtend,YES
abieren,MDSD-Xtext-Project-for-JavaFX,YES
SimonCockx,xtext-assertAllWhitespaceIsFormatted,YES
tombk556,SF_Factories_Beleg2324_Xtext_DSL,YES
DonatasC,CodeGeneration,NO
trichterwolke,init,YES
zs6jce,x400-xrpgle,NO
cyrilnavessamuel,TripManagment,YES
paullewallencom,xtext-xtend-978-1-7864-6496-5,YES
coalae,telemed,YES
vorburger,xtend-StackOverflowError-issue461,NO
JoaoMAlmeida,projetoCompiladores18-2,YES
Bisssen,math_assignment_3_math_compiler_xtext_and_xtend,NO
vks2106,domain.model,YES
metafacture,metafacture-flux,YES
mrtnstn,example-script-language,YES
Michel-Nassalang,eclipse_workspace,YES
varadbal,FunPL,YES
oliverablagojevic,QuestionnaireDSL,YES
EightPillars,NmtranEditor,YES
DSIE2,Implementing-observer-design-pattern-with-Xtext-and-Xtend,YES
George-6629,Lobster-language-conversion-sql-language-based-on-Xtext,YES
hvbargen,meth,YES
mischnic,bachelors-thesis,NO
cs130-w22,statemachine,YES
cesarlaso,tfm-udima-arquitectura-del-software-dsl-ecore-xtext-emf,YES
houssemradhouane,Meta-Modelisation-of-Games-Using-UML-Eclipse-Xtext-Acceleo-JAVA,NO
mdsd-team-1,domain-specific-language,YES
PalladioSimulator,Palladio-Editors-VSCode,NO
nils-christian,xtend-active-annotation-issue,NO
modicio,feature-dsl-tools,YES
HBuender,Aim42Visualizer,YES
scanyboss,ide-yourdsl,NO
spirvdev,dumpsymb,NO
thlaegler,edilang,YES
agonzalezgaliana,mydsl-language-server,NO
codezork,DSL-Blog,YES
LorenzoBettini,issue-2000-example,YES
trifonnt,net.adempiere.dsl.properties.spring.parent,YES
scanyboss,hello-world-language,NO
joerg-holtmann,Pretty-Printer_Language-Analysis,YES
coffeeframework,HLVL,YES
HermanPeeren,eJSL-MPS,NO
kukulkan-project,kukulkan-language-server,YES
mdsd-team-1,dsl-layered-style,NO
larissafiorini,t2-lingProg,YES
ragben,NetzDsl,NO
Cosimo5lli,assertx-swing,YES
gyaltso,Eclipse-Training-Schedules,NO
wzurborg,xtend-example,YES
kyberszittya,simple-ros-code-generator,YES
LinguaPhylo,linguaPhyloDSL,YES
dsanmartins,Entidades,YES
opcoach,datasample,YES
bujosa,smart-dsl,YES
robinguill,DSL_UML_INSA,YES
DedalArmy,SpringDSLJava,NO
LiamWalsh98,tumlrt-language-server,YES
jonev,HTTP-REST-test-DSL,YES
ElBilbao,DSL-Wizard-Creator,YES
ooaa30,Wail,YES
Wilson008,GrammarGenerator,NO
ScytherTool,dsl,YES
NaoMod,MiniTL,YES
ryangarvey,mde-spec,YES
bfMarcelino,SchemeLP,YES
henriklange,ifcBrickConvert,NO
osarenogae,fault_trees_textual_editor,YES
claudenirmf,TPTP-Editor,YES
augustin-rialan,IDM,YES
henriklange,ifcBrickConvertDsl,YES
PikaQin,XModel-Code-Converter,YES
helloyaqin,XModel-Code-Converter,YES
Garlo13,CEPStaticAnalysis,YES
Frederic-Boulanger-UPS,MiniARM-feature,YES
Jaddison011,C4EventB,YES
MDEGroup,metatemplating,YES
abdullah-4Mohammed,AWS-EC2-Service_DSL-EMF,NO
grammeaway,math-interpreter-dsl,YES
ahmedsaleh1998,concept_project,NO
Chaimaa-Louahabi,Model-Driven-Engineering,NO
fayssalElAnsari,Kotlin-Meta-Model,YES
MisbahAwan,SeamlessRuntimeTransformations,YES
ProjetoDSL,CanopusDesign,NO
Ryuzaki101,Workbench,YES
eclipse,xtext,YES
eclipse,xtext-core,YES
eclipse,xtext-xtend,YES
eclipse,xtext-eclipse,YES
eclipse,xtext-extras,YES
eclipse,xtext-web,YES
xtext,seven-languages-xtext,YES
eclipse,xtext-maven,YES
eclipse,xtext-lib,NO
xtext,maven-xtext-example,YES
seebk,LaTeXText,NO
cdietrich,xtext-languageserver-example,YES
eclipse,xtext-idea,NO
adamschmideg,coffeescript-eclipse,YES
RvonMassow,xDoc,YES
xtext,xtext-gradle-plugin,NO
LorenzoBettini,packtpub-xtext-book-2nd-examples,YES
PrinceMei,xTextHandler,NO
LorenzoBettini,packtpub-xtext-book-examples,YES
theia-ide,theia-xtext,YES
svenefftinge,xtext-lsp-workshop,YES
ObeoNetwork,Xtext-Sirius-integration,YES
dslmeinte,Xtext2-DSLs,YES
merks,Xcore,YES
ssi-schaefer,lcdsl,YES
eclipse,xtext-umbrella,NO
danieldietrich,xtext-protected-regions,NO
xtext,xtend-gradle-plugin,NO
aphethean,xtext-maven-examples,YES
ckulla,xtext-tycho-example,YES
vorburger,xtext-sandbox,YES
basilfx,xtext-standalone-maven-build,YES
JakeGinnivan,XText,YES
OLibutzki,xtext.tools,NO
Xpitfire,xtext-dnn,YES
LorenzoBettini,Xtext2-experiments,YES
eclipse,xsemantics,YES
xtext,xtext-reference-projects,YES
mzaks,FlatBuffersSchemaEditor,YES
vorburger,eLang,YES
fuinorg,emt-xtext-archetype,YES
eclipse-soc,amalgamation-examples-xtext,YES
kthoms,xtext-experimental,NO
dsldevkit,dsl-devkit,YES
itemis,generator-xtext,YES
att,yang-design-studio,YES
martinbaker,xtextadd,YES
LorenzoBettini,edelta,YES
sebastianbenz,xgherkin,YES
vladdu,xtext.unittesting,YES
slizaa,slizaa-opencypher-xtext,YES
xpomul,cdo-xtext,YES
mark-christiaens,Xtext-Models-Stats-View,NO
TypeFox,xtext-jflex,NO
vorburger,eclipse-typescript-xtext,YES
patrickneubauer,XMLText,NO
xtext,org.xtext.antlr.generator,NO
boalang,xtext-ide,YES
nittka,terminology,YES
veraPDF,veraPDF-model-syntax,YES
TypeFox,languageserver-example,YES
Hellmy,plantuml-eclipse-xtext,YES
stephanrauh,JSFLibraryGenerator,YES
loonwerks,jkind-xtext,YES
TatyPerson,Xtext2Sonar,NO
TypeFox,xtext-vscode,YES
svenefftinge,Xtext-Workshop-Development-Workspace,YES
cdietrich,xtext-uml-example,YES
cdietrich,xtext-maven-example,YES
marklemay,tptpParser,YES
borgar,xtexts,NO
uqbar-project,xtext-tortuga-lang,YES
dslmeinte,Xtext1-DSLs,YES
applause,applause,YES
LorenzoBettini,ecefrance2015-xtext-example,YES
jcmm33,DirectXTextBlock,NO
dhuebner,xtext-apidiff,NO
appdev,XTextView,NO
oehme,xtext-maven-example,YES
SMadani,ThriftMDE,NO
xtext,xtext-external-editors,NO
itemis,xtext-generator-vscode,YES
soluvas,ecommerce-sample,NO
tianguanghui,xTextHandler-objc,NO
meysholdt,xtext_stateful_lexer,YES
holgerschill,XtextCon_Xcore_Maven,YES
scottopell,vim-xtext,YES
itemis,xtext-debug-example-no-xbase,YES
TypeFox,Xtext-XMI,YES
joergreichert,XtextPlayground,YES
wuwen1030,XTExtension,NO
fuinorg,org.fuin.dsl.cqrs,YES
JanKoehnlein,EclipseCon2013_XtextTutorial,YES
avaranovich,megal-xtext,YES
fuinorg,org.fuin.dsl.ddd,YES
arturboronat,xtext.domainmodel,YES
otrosien,xtext-perl,YES
cmendible,Hexa.xText,NO
SciSpike,yaktor-dsl-xtext,YES
andrearn,org.fornax.soa.xtextservicerepository,YES
ujhelyiz,xtext-reflective,NO
szarnekow,xtextcon-xbase-example,YES
bsi-software,org.eclipse.scout.xtext,YES
cdietrich,xtext-languageserver-xbase-example,YES
test-editor,deprecated-test-editor-xtext,YES
awk-kazmin,eclipse_1C_xtext,YES
svenefftinge,fowlers-statemachine-with-expressions,YES
copton,XTextExamples,YES
GeekBugs,XTextView,NO
akosyakov,org.xtext.example.mydsl.idea,YES
vaulttec,isis-script,YES
HBehrens,Xtext2Workshop,NO
GrupoHunter,Kukuroo,YES
itemis,xtext-languageserver-example-lsp4e,NO
fatalerrortan,Xtext_Xtend_HTML_Generator,YES
spoenemann,xtext-gef,YES
Minres,RDL-Editor,YES
svenefftinge,Guice-Modules-DSL,YES
LorenzoBettini,jbase,YES
mn-mikke,Model-driven-Pretty-Printer-for-Xtext-Framework,YES
hishidama,xtext-dmdl-editor,YES
cmark,androtext,YES
svenefftinge,homeautomation-example,YES
SOM-Research,graphQL-xtext-grammar,YES
janesser,frege-xtext,YES
szarnekow,org.eclipse.e4.xcss,NO
LorenzoBettini,xtext-scoping,YES
JanKoehnlein,ESE-2010-Tutorial,YES
spoenemann,xtext-orion,YES
Modaptix,xtext-expressions,YES
nittka,Jtag,YES
erlide,erlide_xtext,YES
cdietrich,xtext-forum-support-example,NO
ESIR2Compilation,Langage-WHILE,YES
jhonatan89,gen-angular-grammar,YES
Sofiane-13,tutorialXtextSirius,NO
eclipse-soc,amalgamation-examples,YES
dvdkruk,xtext-xsd-resourceprovider,NO
marnix,metamath-eclipse-xtext,YES
JanKoehnlein,Xtext-Syntax-View,NO
planger,xtext-uml-experiment,YES
rquinio,ck2xtext,YES
mzaks,petrinet_dsl,YES
drnappalm,xtext,YES
svenefftinge,Xtext-Workshop-Runtime-Workspace,YES
martijndwars,XtextXT,NO
nahni,xtextTessla,YES
baidty,xtextLearning,NO
MoayadHn,XtextBDI,YES
fzalila,XtextExperiments,YES
Girish-Venkatesh,XTextSelenium,YES
Vinayakatk,xtextScopes,YES
01Lizard10,XTextUML,YES
Salome-Maro,XtextUtils,NO
fanghuixing,XtextApricot,YES
mraminella,xtextTests,NO
Alma2015RSABSAWA,XtextLangage,NO
myorb,XTextParser,NO
Jhinnn,XTextView,NO
kathisai,xtextSample,NO
huibo-shi,XtextExamples,YES
osamu-k,XTextStudy,YES
Treehopper,XTextTemplate,YES
seba111,Xtext1,YES
shinesamjacob,XtextExample,YES
ajperalt,xtext,YES
schakko,xtext-plugin-with-maven-tycho,YES
colameo,xtext4roo,YES
vinpereira,XtextToXMI,YES
JanKoehnlein,XtextCon2014,NO
bink81,xtext-test,NO
xtext42,xtext42-coding,NO
borisbrodski,XtextBug437519,YES
hypery2k,xText,YES
borisbrodski,XtextBug453268,YES
arnulfo-rodriguez,XtextClosureExample,YES
superxlx,XTextViewDemo,NO
johnBened,XtextMyDSLExample,NO
philiber92,XtextTestRepository,YES
fabienfleureau,XtextAtStackoverflow,NO
yunxiaocloud,XTextFieldLimtDemo,NO
eclipse,xtext-gradle,NO
Mensmec,THESIS_XTEXT,NO
MacJariel,sandbox-dsl,YES
chetanladdha,XtextFormatingHoverSample,NO
ainslec,XTextCustomLexerExample,YES
hem28,DSL_Xtext2.3,YES
HBuender,XtextAndSiriusIntegration,YES
meysholdt,EclipseCon2014_XtextTutorial,YES
jaimedelgado,Xtext,YES
chris125964,xtext,YES
DonRenando,xtext,YES
martijndwars,Xtext,YES
ozkandemir,XText,YES
johnahfong,xtext,YES
Mensmec,Xtext,YES
pellcorp,xtext,YES
Tutti91,Xtext,YES
ANCIT,xtext-examples,YES
DECENTSoftwareAssessment,dag.m1x,YES
rmemory,xtext,YES
deb-sandeep,com.sandy.xtext.jovenotes.tests,NO
yasuohosotani,Xtext,YES
Nika24,Xtext,YES
BenediktNiehues,de.nie.fin,YES
AlexElvers,XText,YES
lakzso,xtext,YES
seba111,Xtext,YES
MacJariel,xtext,YES
tmtron,xtext.15minTutorial,YES
blewis13,Boxes,YES
DECENTSoftwareAssessment,famix.m3x,YES
dslmeinte,SimScript,YES
webdaford,aqleditor,NO
goldschmiede,2012-02-03_dsls_mit_xtext,YES
kthoms,org.eclipse.xtext.example.domainmodel,YES
Reitzner,xtextmaven,YES
hectorsun,xtextonboost,NO
duck2,xtextbg,NO
HolyCityAudio,SpinCAD-Builder,YES
ceefour,glproto,YES
DECENTSoftwareAssessment,dag.m1x.tests,NO
gvd,xtext-sm,YES
davidmpaz,php.ware.web.ui,NO
DanielWeber,xtextext,NO
fzalila,xtextfsm,YES
DECENTSoftwareAssessment,dag.m1x.sdk,NO
jgoppert,xmodelica,YES
Vinayakatk,xtextgeneratetest,NO
deb-sandeep,com.sandy.xtext.jovenotes,YES
DECENTSoftwareAssessment,dag.m1x.ui,NO
viatra,viatra-evm-xtext,YES
protossoftware,ReqText,YES
meysholdt,e4dsl,YES
benzait27,Xtext.Promo,YES
malakeel,myDsl,YES
npalix,org.eclipse.xtext.example.arithmetics,YES
sormgabriel,textual_verduler,NO
ekowahyudi,examplextext,NO
DECENTSoftwareAssessment,famix.m3x.ui,NO
nakul02,sialx-xtext-ide,YES
kduske-n4,DomainModel,YES
Infoly,SmallJava,NO
inakuhn,de.htwg.mdse.setgame.entities.parent,YES
mlanoe,x-vhdl,YES
DECENTSoftwareAssessment,famix.m3x.tests,NO
nkonev,CalcXtext,YES
meysholdt,xtext_examples,YES
manuelleduc,xtext-lib,NO
xarvey,atom-xtext-package,YES
LolloCorte,bpel-xtext,YES
sciolizer,xtext-sandbox,YES
denschu,xtext-whitespace,YES
pablitar,claseXtext,YES
DECENTSoftwareAssessment,famix.m3x.sdk,NO
tdegueul,xtext-composition,YES
danieldietrich,xtext-javatools,YES
akademia,ontouml-xtext,YES
efuentesp,codebuilder-xtext,YES
zrrk,xtext-utils,NO
juli1,xtext-debug,YES
nbhusare,Xtext-sandbox,YES
jachinte,xtext-grammars,NO
susieagerholm,XTEXT_EXAMPLE,YES
itemis,monaco-xtext,NO
xiaoyvr,xtext-demo,YES
hmc-cs111-fall2015,picobot-XText,NO
yanntm,Xtext-Light,NO
quendimax,libXtextcursorchanger,NO
Ikraminfo,GrammaireXtext,NO
nickeeyyoo,xtext_project,YES
marinamygithub,xtext_project,YES
lukashaertel,xtext-xgen,YES
fmca,xtext-typesystem,YES
almazhou,xtext-demo,YES
Huluvu424242,xtext.example,YES
kiddochan,xtext-typesystem,YES
mmalohlava,ppXtext,YES
ponta027,xtext_practice,YES
bhdrkn,Xtext-Examples,YES
fatalerrortan,Xtext-examples,YES
gcr-nist,runtime-Xtext,NO
fBrx,language-xtext,NO
ilya-klyuchnikov,sll-xtext,YES
vonbolt,Xtext_test,YES
rytina,xtext-typesystem,YES
philiber92,xtext-utils,NO
thomasfischl,xtext-workshop,YES
jbadeau,ng-xtext,NO
OliverScherf,MGPL-Xtext,YES
szarnyasg,gradle-xtext,YES
malbac,Xtend_Xtext,YES
gitpan,Convert-XText,NO
rmemory,xtext_eclipse,NO
lukashaertel,xtext-technocat,YES
lukashaertel,xtext-xtestgen,YES
zhangyuanqiao,selenium-xtext,YES
cooked,modelica-xtext,YES
pablitar,firewall-xtext,YES
hamza-abed,JSEditorXtext,YES
Virtlink,paplj-xtext,YES
kwanggy,xtext-sublime,YES
thicket-lang,thicket-xtext,YES
agentlab,xtext-web,YES
test-editor,xtext-dropwizard,YES
kecskesk,xtext-menetrend,YES
ftrifin,xtext-utils,NO
scottopell,xtext_utils,NO
lukashaertel,xtext-fsml,YES
sahrmann,xtext-json,YES
Modaptix,xtext-utils,NO
itemis,xtext-issues,NO
holzem,xtext-lexertrace,YES
victorlacorte,Tcc,NO
limelanguage,lime-xtext,NO
edgarmueller,xtext-recordmapper,YES
santoshdeshpande,wwf-xtext,YES
MatzeGIT,XText-maven,YES
tkurita,XText.scptd,NO
t-buss,mgpl_xtext,YES
dvdkruk,xtext-workshop,YES
npalix,org.xtext.example.mde,YES
logicfish,XActiv,YES
kittaakos,webcalc,YES
evandor,skysail-prototypr-dsl,YES
iensen,certware-l-editor,YES
vladimirkozhaev,casualintellect_new_wizard,YES
TinyScream,org.xtext.amodel,YES
M2TIIL2016-2017,SiteWeb_XText,YES
schakko,hackcamp-xtext-automotivebus,YES
sfinnie,xtext.scoping.adventures,YES
jpaw,bonaparte-apidsl,YES
rainerschuster,yacc-ide,YES
schakko,xtext-bug-436688,YES
dhuebner,xtext-builddsl-tycho,YES
matejsp,lwc13-xtext,YES
ftrifin,xtext-utils.uml,NO
mbarbero,xtext-forms-integration,YES
FForw4rd,xtext-restriction-framework,YES
zrrk,xtext-utils.devenv,NO
ftrifin,xtext-utils.xtend,NO
svenefftinge,xtext-jaxcon-example,YES
LorenzoBettini,xtext-demo-laquila,YES
jakecobb,xtext-iris-datalog,YES
Huluvu424242,rezept-dsl.xtext,YES
philiber92,xtext-utils.unittesting,YES
philiber92,xtext-utils.distribution,NO
phaldan,htwg-cform-xtext,YES
itemis,xtext-example-conplan,YES
LorenzoBettini,Xtext-Buckminster-Example,YES
LorenzoBettini,xtextcon-typesystem-example,YES
dhuebner,org.xtext.example.tycho,YES
agentlab,eclipse-orbit_xtext-web,YES
Tutti91,xtext_language_bla,YES
LeonoraG,xtext-req-editor,YES
xarvey,atom-xtext-autocomplete,NO
franzbecker,xtext-formatter-problem,YES
ftrifin,xtext-utils.distribution,NO
Fritzi,XText_TeSSLa,YES
madasar,booster2-xtext,YES
TypeFox,xtext-splitted-repo,YES
zrrk,xtext-utils.uml,NO
zrrk,xtext-utils.xtend,NO
ftrifin,xtext-forms-integration,YES
JanKoehnlein,fxdiagram-xtext-examples,YES
ubx,openair,YES
rju,xtext-typing-example,YES
philiber92,xtext-utils.xtend,NO
Advanced-Model-Engineering-SS16,xtext-ocl-extensions,YES
zrrk,xtext-utils.distribution,NO
Johanvdberg,mcrl2.xtext,YES
kryptonite22,rsbac.xtext.dsl,NO
tkleszczynski,jug-zgora-xtext,YES
philiber92,xtext-utils.devenv,NO
jeffmaury,devoxx2012-xtext,YES
YonedaMasashi,xText_Practice,YES
jackqq,xTextEdit,NO
ftrifin,xtext-utils.unittesting,YES
lgcardeas,xtext-forms-integration,YES
vrichard12,xtext-forms-integration,YES
itemis,xtext-monaco-example,YES
pabu90,xtext-ci-test,YES
EricssonPlant,plantuml-xtext-light,NO
zrrk,xtext-utils.unittesting,YES
LorenzoBettini,xtext-index-experiments,YES
ftrifin,xtext-utils.devenv,NO
inteldict,xtext-gradle-demo,YES
cdietrich,xtext-multi-dsl,YES
hachreak,dmss.pouex.xtext,YES
lunifera,lunifera-xtext-runtimebuilder,YES
sikessle,xtext-forms-integration,YES
priya0311,xtext-forms-integration,YES
philiber92,xtext-utils.uml,NO
talalong,dbFactoryXtext,YES
stackoverflowmailer,lwc13-xtext,YES
willy2706,if4150-xtext,YES
wwu-pi,acse-xtext-validation,YES
ProgrammableDrones,xTextLanguage,NO
stefano-bragaglia,Kinect-ECE-XText,YES
wwu-pi,acse-xtext-gui,YES
peterssas,xtext-gradle-problem,YES
zhoumin03,xtext-forms-integration,YES
gcubar,CodeXcessXtext,YES
cdietrich,xtext-ecore-xcore,YES
ayoubziat,xtext_DSL_example,YES
xiaoyvr,xtext-demo-oxygen,YES
test-editor,deprecated-xtext-index-backend,NO
kuniss,Aqua,YES
npalix,org.eclipse.xtext.example.fowlerdsl,YES
dslmeinte,xtext-workshop-code1,YES
chauhansaurabhb,Eclipse-Xtext-Mydsl-Plugin,YES
oyse,jetson,YES
zwgirl,summer,YES
rymarenkosuccess,Coffeescript-Eclipse,YES
felipedf,compiler,YES
logicfish,XPlane,NO
LorenzoBettini,Xtext-Xtend-Buckminster-Example,YES
vorburger,eclipse-typescript-xtext-repository,NO
pankeshpatel,EclipsePluginForXtext,YES
Hellmy,plantuml-eclipse-xtext_update,NO
xpomul,xtext-multi-edit-example,YES
tmtron,xtext.eclipse.15minExtended,YES
deb-sandeep,com.sandy.xtext.jovenotes.ui,NO
ftrifin,xtext-utils.xtend1,NO
szarnekow,xtext-arithmetics-web-example,YES
wwu-pi,acse-xtext-knuth-binaries,YES
jwachter,xtext-serializer-issue-example,YES
DemidovAlexander,Xtext_MiniJava_IDE,YES
camilagarcia113,xtext-dsl-obj3,YES
cdietrich,gradle-xtext-xtend-problem,NO
uqbar-paco,firewall-dsls-externos-xtext,YES
svenefftinge,Xtext-LWC-contribution--Instances-,YES
rainerschuster,eclipse-webidl,YES
willy2706,if4150-xtext-html,NO
phaldan,htwg-cform-xtext-demo,NO
hypery2k,Xtext-GrammarMixin-Example,YES
philiber92,xtext-utils.subproject-template,NO
zrrk,xtext-utils.subproject-template,NO
thowin,ituXtextLandinConfigurator,YES
philiber92,xtext-utils.xtend1,NO
claudenirmf,old-tests-on-xtext,YES
zouhairireda,xtext-ocl-xtend-poc,YES
franzbecker,xtext-serializer-parallel-problem,YES
lunifera,lunifera-xtext-runtimebuilder-example,NO
ftrifin,xtext-utils.subproject-template,NO
fluxtah,xtext-android-gradle-example,NO
hypery2k,Xtext-Maven-BuildExample,YES
kittaakos,xtext-eclipse-gh-238,YES
MatzeGIT,XText-Maven-CleanStart,YES
Rodolfocostapr,org.xtext.example.pascalito,YES
deb-sandeep,JoveNotesProcessor,NO
zrrk,xtext-utils.xtend1,NO
tanthingdeveloper3unshine,AutoCompleteXTextView,NO
loradd,uml-xtext-grammar-generator,NO
RobertWalter83,DialogScriptDSL,YES
vicegd,org.xtext.dsl.restaurante,YES
paulluap,xtext-extras-issue216,YES
dhakehurst,net.akehurst.example.xtext.vertx,YES
alvilgau,de.htwg.xtext.setGame,YES
nittka,Xarchive,YES
rdurelli,com.br.refactoring.xtext.dsl,YES
tmtron,xtext.15minTutorial.project,NO
agentlab,eclipse-orbit_xtext-web-dsls,YES
threadedblue,org.eclipse.xtext.example.domainmodel,YES
cdietrich,xtext-existing-metamodel-gradle-example,YES
wrungel,tycho.xtext.mwe2.test,YES
Scholvac,EclipseTaskJuggler,YES
ftmdida,xtext_code_gen_version_2,YES
alexwatts,xtext-j2ee-dsl,YES
cdietrich,xtext-gradle-plugin-issue-60,YES
thowin,ituXtextLandin2Configurator,YES
jkouwer,basicfamily,NO
goldschmiede,2011-02-18_xtext_apache_wicket,NO
nileshrege,El,YES
deparlak,de.htwg.mdsd.xtext.portals,YES
shashwatanand,org.shashwat.xtext.smallJava,YES
mmalohlava,gpp-for-xtext-master-thesis,NO
dexz92,Integrating-Xtext-and-JavaRAG,YES
Rodolfocostapr,org.xtext.example.pascalitoOld,YES
KasperGam,IGESImport,YES
fuinorg,xsample,YES
florianpirchner,beantypes,NO
cdietrich,xtext-gradle-plugin-issue-61,YES
rdurelli,com.br.refactoring.xtext.dsl.ui,NO
threadedblue,org.eclipse.xtext.example.domainmodel.tests,NO
rdurelli,com.br.refactoring.xtext.dsl.tests,NO
shashwatanand,org.shashwat.xtext.smallJava.ui,NO
tmtron,xtext.eclipse.15minExtended.project,NO
chqu1012,MetroUiDescriper,NO
rainerschuster,sygus-ide,YES
jacruzca,xtext-multilanguage-multiple-target-impl-reuse,YES
qscdfg,mybash,YES
eirikg,XbaseSiriusIntegration,YES
nohum,android-code-generation,YES
gvd,zest-sm,NO
uqbar-paco,declaratividad-orm-java,YES
shashwatanand,org.shashwat.xtext.smallJava.tests,NO
dhakehurst,net.akehurst.example.xtext.vertx.lsp,NO
vztpv,ClauTextWithEclipse,NO
goldschmiede,2011-04-29_xtext_service_repository,NO
markusvoelter,DSLEngBook-Xtext-P3Demo,YES
ESIR2Compilation,PrettyPrinter,NO
bmael,MVCLang,NO
zhou-jg,tefler,YES
bogdanvuk,xvhdl,YES
marcotinacci,XTuring,YES
threadedblue,org.eclipse.xtext.example.domainmodel.ui,NO
joergreichert,OperationsResearch,YES
tommyettinger,julepp,NO
masters-info-nantes,SmokingText,YES
daniel-laszlo,temalabor,YES
Communote,communote-restws,YES
vorburger,FormGeneratorPOC,NO
nittka,pocesl,YES
logicfish,POMText,NO
cdietrich,https---github.com-meysholdt-xtext_stateful_lexer,NO
bogdanvuk,xrst,YES
meysholdt,performance_probes,NO
agentlab,PowerLoomDSL,YES
rainerschuster,jdl-ide,YES
JoostvanPinxten,SDF3-editor,YES
ceefour,emf-sandbox,NO
Mehdi23,FlexoModelingLanguage,YES
atanaka,experimental-rmodp-dsl,YES
leolimasa,reqlang,YES
smba,model-based-times,YES
DavidFosterLuhmann,high-dim,NO
test-editor,deprecated-test-editor-index-backend,NO
sidz8690,EasyUnit,NO
lsotnk,lsotnk.xbase.launching,NO
Tim-S,ReqLNG,YES
helunwencser,PAOC,YES
nakul02,sysml.dml,YES
rainerschuster,tlsf-ide,YES
rainerschuster,asdl-ide,YES
N0P0x90,EclipseExamples,YES
martinmuellenberg,cityplanning,YES
newdigate,soa-dsl-scaffolding,YES
evansnicholas,yaxpath,YES
nittka,ASP,NO
josros,boby,YES
danhaywood,kemble,NO
schakko,bsc-thesis-documentation,NO
szarnekow,mongoBeans,YES
timeraider4u,external_jar_download,NO
Buggaboo,xplatform,YES
jonathankoehn,entitygenerator,NO
marcusphi,polopoly-dsl,YES
alexisfacques,dsl-feature-modelling,YES
sbrocard,statemachine-generator,YES
JPL-IMCE,gov.nasa.jpl.imce.oml.core,YES
PuneetPatwari,system-map-maker,NO
atanaka,DomainmodelWithCrossReference,YES
cedricvidal,protobuf4e,NO
rowlo,testdsl,YES
joergreichert,Cool,YES
WesleyMarques,CompiladorJava,YES
tommyettinger,kobold,YES
stolorz,RankPL-EclipsePlugin,YES
UnibgInfo3A,ebnfworkbench,YES
sergiowebo,RaspduinoDSL,YES
Remypoc,CmooSimpleJ,YES
majordomo,majordomo,YES
ryanignatius,CheckerDSL,YES
raynair,webml,YES
arbennett,ParserGeneratorExample,YES
OElabed,Model-Driven-Engineering--Eclipse-RCP-plugin--Software-product-line,YES
renaudhelias,MameVHDL,YES
cwiscount,mydsl-emf-gen,YES
rmuecke,clinicaltrialcreator,NO
mythicfreak,aomxsgrammar,YES
diverse-project,melange-studio,NO
marcotinacci,Event-Oriented-Language,YES
ksza,Bicycle-Shop,YES
marcotinacci,SwarmRobotics,YES
Padmar1995,gh,NO
