Name,Repository Name,Repository HTML URL,Owner Name
Sleigh.xtext,ghidra,https://github.com/NationalSecurityAgency/ghidra,NationalSecurityAgency
Xtext.xtext,xtext,https://github.com/eclipse/xtext,eclipse
IECST.xtext,vscode-st,https://github.com/Serhioromano/vscode-st,Serhioromano
Gaml.xtext,gama,https://github.com/gama-platform/gama,gama-platform
Rules.xtext,openhab-core,https://github.com/openhab/openhab-core,openhab
temp_Room.xtext,franca,https://github.com/franca/franca,franca
LinguaFranca.xtext,lingua-franca,https://github.com/lf-lang/lingua-franca,lf-lang
DeltaJ.xtext,FeatureIDE,https://github.com/FeatureIDE/FeatureIDE,FeatureIDE
Owl.xtext,SysML-v2-Pilot-Implementation,https://github.com/Systems-Modeling/SysML-v2-Pilot-Implementation,Systems-Modeling
IDL.xtext,emf4cpp,https://github.com/catedrasaes-umu/emf4cpp,catedrasaes-umu
Render.xtext,opentelemetry-network,https://github.com/open-telemetry/opentelemetry-network,open-telemetry
Spec.xtext,Jnario,https://github.com/sebastianbenz/Jnario,sebastianbenz
RD.xtext,Getaviz,https://github.com/softvis-research/Getaviz,softvis-research
Template.xtext,seven-languages-xtext,https://github.com/xtext/seven-languages-xtext,xtext
Check.xtext,dsl-devkit,https://github.com/dsldevkit/dsl-devkit,dsldevkit
MyQvto.xtext,Pretty-Printer_Language-Analysis,https://github.com/joerg-holtmann/Pretty-Printer_Language-Analysis,joerg-holtmann
OperationDsl.xtext,lemma,https://github.com/SeelabFhdo/lemma,SeelabFhdo
StateSpecification.xtext,CertWare,https://github.com/nasa/CertWare,nasa
Paplj.xtext,paplj-xtext,https://github.com/Virtlink/paplj-xtext,Virtlink
Cord.xtext,main,https://github.com/chorusjs/main,chorusjs
Language.xtext,sysadl,https://github.com/consiste/sysadl,consiste
Mel.xtext,emfviews,https://github.com/atlanmod/emfviews,atlanmod
Instance.xtext,osate2,https://github.com/osate/osate2,osate
Musket.xtext,musket-material,https://github.com/wwu-pi/musket-material,wwu-pi
Tutorial.xtext,xtextadd,https://github.com/martinbaker/xtextadd,martinbaker
Tutorial.xtext,xtextadd,https://github.com/martinbaker/xtextadd,martinbaker
TextualMVD.xtext,step,https://github.com/Bitub/step,Bitub
Dsl.xtext,CorC,https://github.com/KIT-TVA/CorC,KIT-TVA
SimpleAntlr.xtext,XMLIntellEdit,https://github.com/patrickneubauer/XMLIntellEdit,patrickneubauer
RestDsl.xtext,RESTgen,https://github.com/Orrimp/RESTgen,Orrimp
EQL.xtext,eFaps-EQL,https://github.com/eFaps/eFaps-EQL,eFaps
Yang.xtext,ECSS,https://github.com/patrickneubauer/ECSS,patrickneubauer
GT.xtext,emoflon-ibex-ui,https://github.com/eMoflon/emoflon-ibex-ui,eMoflon
ex2-grammar_Qa.xtext,NTNU,https://github.com/magnuskiro/NTNU,magnuskiro
WML.xtext,svn,https://github.com/battle-for-wesnoth/svn,battle-for-wesnoth
Verdict.xtext,VERDICT,https://github.com/ge-high-assurance/VERDICT,ge-high-assurance
CoffeeScript.xtext,coffeescript-eclipse,https://github.com/adamschmideg/coffeescript-eclipse,adamschmideg
ClassData.xtext,klassviz,https://github.com/kieler/klassviz,kieler
VCML.xtext,VClipse,https://github.com/webXcerpt/VClipse,webXcerpt
Domainmodel.xtext,dslforge,https://github.com/plugbee/dslforge,plugbee
Ivml.xtext,EASyProducer,https://github.com/SSEHUB/EASyProducer,SSEHUB
PDL2.xtext,ENSEEIHT,https://github.com/MOUDDENEHamza/ENSEEIHT,MOUDDENEHamza
Typescript.xtext,eclipse-typescript-xtext,https://github.com/vorburger/eclipse-typescript-xtext,vorburger
Ddl.xtext,keen,https://github.com/ugilio/keen,ugilio
Iotlang.xtext,iotdsl,https://github.com/atlanmod/iotdsl,atlanmod
TraceLanguage.xtext,gamma,https://github.com/ftsrg/gamma,ftsrg
GModelDSL.xtext,efxclipse-eclipse,https://github.com/eclipse-efx/efxclipse-eclipse,eclipse-efx
CARMA.xtext,CARMA,https://github.com/Quanticol/CARMA,Quanticol
ActionLanguage.xtext,gamma,https://github.com/ftsrg/gamma,ftsrg
KM3.xtext,ATLGT,https://github.com/atlanmod/ATLGT,atlanmod
ComponentLanguage.xtext,JSFLibraryGenerator,https://github.com/stephanrauh/JSFLibraryGenerator,stephanrauh
HLPNGInscriptionLanguage.xtext,ePNK,https://github.com/ekkart/ePNK,ekkart
HLPNGInscriptionLanguage2.xtext,ePNK,https://github.com/ekkart/ePNK,ekkart
Unity.xtext,SimGen,https://github.com/PasternakMichal/SimGen,PasternakMichal
IOI.xtext,101repo,https://github.com/101companies/101repo,101companies
Condition.xtext,VClipse,https://github.com/webXcerpt/VClipse,webXcerpt
Sensidl.xtext,SensIDL,https://github.com/SENSIDL-PROJECT/SensIDL,SENSIDL-PROJECT
Rpgle.xtext,RPG-lexer,https://github.com/NielsLiisberg/RPG-lexer,NielsLiisberg
AlloyLanguage.xtext,VIATRA-Generator,https://github.com/viatra/VIATRA-Generator,viatra
Cal.xtext,caltoopia,https://github.com/Caltoopia/caltoopia,Caltoopia
TRoML.xtext,TRoML,https://github.com/Eden-06/TRoML,Eden-06
XUmlb.xtext,XUML_B,https://github.com/eventB-Soton/XUML_B,eventB-Soton
Oscf.xtext,OSCake,https://github.com/Open-Source-Compliance/OSCake,Open-Source-Compliance
Mdl.xtext,mdleditorplugin,https://github.com/ModelDefinitionLanguage/mdleditorplugin,ModelDefinitionLanguage
Rdsl.xtext,DES,https://github.com/LBoonstra/DES,LBoonstra
Xdsl.xtext,xm,https://github.com/abstratt/xm,abstratt
PDL1.xtext,IDM_ENSEEIHT_S7,https://github.com/Roropey/IDM_ENSEEIHT_S7,Roropey
RulesDSL.xtext,Design-of-Embedded-Systems,https://github.com/ErinvanderVeen/Design-of-Embedded-Systems,ErinvanderVeen
WML_6.xtext,ECSS,https://github.com/patrickneubauer/ECSS,patrickneubauer
MyDsl.xtext,worthwhile,https://github.com/team-worthwhile/worthwhile,team-worthwhile
Musket.xtext,musket_dsl,https://github.com/wwu-pi/musket_dsl,wwu-pi
ScenarioLanguage.xtext,gamma,https://github.com/ftsrg/gamma,ftsrg
PipesGraph.xtext,PipesGraphLanguage,https://github.com/specs-feup/PipesGraphLanguage,specs-feup
ExpressionLanguage.xtext,gamma,https://github.com/ftsrg/gamma,ftsrg
Verify.xtext,alisa,https://github.com/osate/alisa,osate
RtVil.xtext,EASyProducer,https://github.com/SSEHUB/EASyProducer,SSEHUB
Rules_42.xtext,ECSS,https://github.com/patrickneubauer/ECSS,patrickneubauer
StsLanguageYaml.xtext,ECSS,https://github.com/patrickneubauer/ECSS,patrickneubauer
Module_2.xtext,ECSS,https://github.com/patrickneubauer/ECSS,patrickneubauer
RIMDsl_2.xtext,ECSS,https://github.com/patrickneubauer/ECSS,patrickneubauer
StsLanguageFlex.xtext,ECSS,https://github.com/patrickneubauer/ECSS,patrickneubauer
Rolez.xtext,rolez,https://github.com/rolve/rolez,rolve
GuiDsl.xtext,typesystemcomparison,https://github.com/markusvoelter/typesystemcomparison,markusvoelter
BDsl.xtext,bonaparte-dsl,https://github.com/jpaw/bonaparte-dsl,jpaw
Nix.xtext,nix-eclipse-xtext,https://github.com/random-eclipse/nix-eclipse-xtext,random-eclipse
Items.xtext,opensmarthouse-core,https://github.com/opensmarthouse/opensmarthouse-core,opensmarthouse
AiC_DSL.xtext,ats.testcc,https://github.com/AiC-Project/ats.testcc,AiC-Project
PumlLanguage.xtext,plantestic-team-1,https://github.com/elite-se/plantestic-team-1,elite-se
PsiKedsXtxKrl.xtext,psikeds,https://github.com/telekom/psikeds,telekom
Html.xtext,janki,https://github.com/rogueai/janki,rogueai
MyDsl.xtext,ecoreDocGen,https://github.com/IncQueryLabs/ecoreDocGen,IncQueryLabs
JFRMeta.xtext,jfr-doc,https://github.com/BestSolution-at/jfr-doc,BestSolution-at
MGLang.xtext,MofGen,https://github.com/eMoflon/MofGen,eMoflon
ReqSpec.xtext,alisa,https://github.com/osate/alisa,osate
DtoGrammar.xtext,lunifera-dsl,https://github.com/lunifera/lunifera-dsl,lunifera
Sculptordsl.xtext,ECSS,https://github.com/patrickneubauer/ECSS,patrickneubauer
Statemachine.xtext,xtext-sirius-integration,https://github.com/altran-mde/xtext-sirius-integration,altran-mde
Datatype.xtext,vorto,https://github.com/eclipse/vorto,eclipse
ApplauseDsl.xtext,applause,https://github.com/applause/applause,applause
JSON.xtext,n4js,https://github.com/eclipse/n4js,eclipse
Sleigh.xtext,Ghidra,https://github.com/dragonGR/Ghidra,dragonGR
Sleigh.xtext,ghidra,https://github.com/icicle-emu/ghidra,icicle-emu
Xtext.xtext,Domemtech.Trash,https://github.com/kaby76/Domemtech.Trash,kaby76
Xtext.xtext,Domemtech.Trash,https://github.com/kaby76/Domemtech.Trash,kaby76
DeltaJ.xtext,comtestnist,https://github.com/comtest/comtestnist,comtest
IDL.xtext,emf4cpp,https://github.com/catedrasaes-umu/emf4cpp,catedrasaes-umu
IDL.xtext,emf4cpp-old,https://github.com/catedrasaes-umu/emf4cpp-old,catedrasaes-umu
IDL.xtext,emf4cpp-old,https://github.com/catedrasaes-umu/emf4cpp-old,catedrasaes-umu
IDL.xtext,emf4cpp,https://github.com/phamvancam2104/emf4cpp,phamvancam2104
Tutorial.xtext,xtextadd,https://github.com/martinbaker/xtextadd,martinbaker
SimpleAntlr.xtext,XMLIntellEdit,https://github.com/patrickneubauer/XMLIntellEdit,patrickneubauer
SimpleAntlr.xtext,XMLTextWork,https://github.com/thedjenny/XMLTextWork,thedjenny
SimpleAntlr.xtext,XMLTextWork,https://github.com/thedjenny/XMLTextWork,thedjenny
Verdict.xtext,OYSTER,https://github.com/ge-high-assurance/OYSTER,ge-high-assurance
VCML.xtext,vclipse,https://github.com/TheProjecter/vclipse,TheProjecter
PDL2.xtext,ENSEEIHT,https://github.com/MOUDDENEHamza/ENSEEIHT,MOUDDENEHamza
GModelDSL.xtext,efxclipse,https://github.com/eclipse-efx/efxclipse,eclipse-efx
Unity.xtext,SimGen,https://github.com/PasternakMichal/SimGen,PasternakMichal
IOI.xtext,101repo,https://github.com/101companies/101repo,101companies
Condition.xtext,vclipse,https://github.com/TheProjecter/vclipse,TheProjecter
Cal.xtext,caltoopia,https://github.com/Caltoopia/caltoopia,Caltoopia
PDL1.xtext,N7,https://github.com/Tropmathise/N7,Tropmathise
PDL1.xtext,S7_2A_SN_ENSEEIHT,https://github.com/Dave0126/S7_2A_SN_ENSEEIHT,Dave0126
PDL1.xtext,ENSEEIHT,https://github.com/thieryx/ENSEEIHT,thieryx
PDL1.xtext,Work,https://github.com/Tomosaure/Work,Tomosaure
PipesGraph.xtext,PipesGraphLanguage,https://github.com/specs-feup/PipesGraphLanguage,specs-feup
Rules.xtext,esh-puremaven,https://github.com/kaikreuzer/esh-puremaven,kaikreuzer
Rules.xtext,smarthome,https://github.com/eric-erki/smarthome,eric-erki
Rules.xtext,smarthome,https://github.com/2lambda123/smarthome,2lambda123
Rules.xtext,My-Project,https://github.com/imss2022/My-Project,imss2022
StsLanguageFlex.xtext,ECSS,https://github.com/patrickneubauer/ECSS,patrickneubauer
AiC_DSL.xtext,ats.testcc,https://github.com/AiC-Project/ats.testcc,AiC-Project
Datatype.xtext,vorto,https://github.com/sergeielite0711/vorto,sergeielite0711
Bug462047Lang.xtext,xtext,https://github.com/eclipse/xtext,eclipse
UFOScript.xtext,ufoai,https://github.com/ufoaiorg/ufoai,ufoaiorg
PP.xtext,geppetto,https://github.com/cloudsmith/geppetto,cloudsmith
Cucumber.xtext,Natural,https://github.com/rlogiacco/Natural,rlogiacco
MyDsl.xtext,dslforge,https://github.com/plugbee/dslforge,plugbee
DataDsl.xtext,lemma,https://github.com/SeelabFhdo/lemma,SeelabFhdo
Categories.xtext,osate2,https://github.com/osate/osate2,osate
HazardAnalysis.xtext,CertWare,https://github.com/nasa/CertWare,nasa
Xdocker.xtext,jhipster-ide,https://github.com/jhipster/jhipster-ide,jhipster
Divine.xtext,ITSTools,https://github.com/lip6/ITSTools,lip6
GraphQL.xtext,graphql-xtext,https://github.com/graph-quilt/graphql-xtext,graph-quilt
CloudML.xtext,cloudml-dsl,https://github.com/SINTEF-9012/cloudml-dsl,SINTEF-9012
DotPoint.xtext,gef,https://github.com/eclipse/gef,eclipse
Survey.xtext,EclipseCon2013_XtextTutorial,https://github.com/JanKoehnlein/EclipseCon2013_XtextTutorial,JanKoehnlein
HLPNGInscriptionLanguage4.xtext,ePNK,https://github.com/ekkart/ePNK,ekkart
BDDL.xtext,bonaparte-dsl,https://github.com/jpaw/bonaparte-dsl,jpaw
Lang.xtext,XtextCon_Xcore_Maven,https://github.com/holgerschill/XtextCon_Xcore_Maven,holgerschill
VariCell.xtext,VariCell,https://github.com/FAMILIAR-project/VariCell,FAMILIAR-project
2 MyDsl.xtext,KanoaV2,https://github.com/Gricel-lee/KanoaV2,Gricel-lee
Sculptorguidsl.xtext,base,https://github.com/sculptor/base,sculptor
Datenmodell.xtext,Datenmodell,https://github.com/MarkusAmshove/Datenmodell,MarkusAmshove
BasicAttributes.xtext,SmartMDSD-Toolchain,https://github.com/Servicerobotics-Ulm/SmartMDSD-Toolchain,Servicerobotics-Ulm
DSL.xtext,ontouml-xtext,https://github.com/akademia/ontouml-xtext,akademia
Types.xtext,pcm-data-type-language,https://github.com/research-iobserve/pcm-data-type-language,research-iobserve
TGRL.xtext,TGRL,https://github.com/vahdat-ab/TGRL,vahdat-ab
DSL.xtext,Entitas-Lang,https://github.com/mzaks/Entitas-Lang,mzaks
Form.xtext,model-engineering-ws14,https://github.com/Model-Engineering-AG-34/model-engineering-ws14,Model-Engineering-AG-34
spacetransportationservice_GEN_1562940390246.xtext,ECSS,https://github.com/patrickneubauer/ECSS,patrickneubauer
Remix.xtext,remix,https://github.com/kbirken/remix,kbirken
TypeExpressions.xtext,n4js,https://github.com/NumberFour/n4js,NumberFour
ActivityDiagramInput.xtext,activitydiagram,https://github.com/gemoc/activitydiagram,gemoc
Z3Model.xtext,worthwhile,https://github.com/team-worthwhile/worthwhile,team-worthwhile
DeployModel.xtext,deploy_model_for_robots,https://github.com/ipa-rwu/deploy_model_for_robots,ipa-rwu
PDL2.xtext,N7,https://github.com/Absobel/N7,Absobel
Ucs.xtext,Xtext-UCS,https://github.com/efuentesp/Xtext-UCS,efuentesp
spacetransportationservice_GEN_1567600260788.xtext,ECSS,https://github.com/patrickneubauer/ECSS,patrickneubauer
CustomerDsl.xtext,CustomerDSLSample,https://github.com/wwu-acse-2015/CustomerDSLSample,wwu-acse-2015
FoW.xtext,FlowOfWork,https://github.com/protossoftware/FlowOfWork,protossoftware
Entities.xtext,xtext-dsl-book,https://github.com/snarkipus/xtext-dsl-book,snarkipus
aadl2.xtext,ECSS,https://github.com/patrickneubauer/ECSS,patrickneubauer
KLayoutData.xtext,de.cau.cs.kieler,https://github.com/imace/de.cau.cs.kieler,imace
SpecApiLang.xtext,specapi,https://github.com/robotoworks/specapi,robotoworks
DbDsl.xtext,lmrc,https://github.com/cdietrich/lmrc,cdietrich
EMSL.xtext,emoflon-neo,https://github.com/eMoflon/emoflon-neo,eMoflon
ConstraintLang.xtext,rac-language,https://github.com/research-iobserve/rac-language,research-iobserve
Semver.xtext,n4js,https://github.com/eclipse/n4js,eclipse
Cypriot.xtext,CyprIoT,https://github.com/atlanmod/CyprIoT,atlanmod
Facpl2.xtext,FACPL,https://github.com/andreamargheri/FACPL,andreamargheri
Domainmodel.xtext,Xtext-Workshop-Development-Workspace,https://github.com/svenefftinge/Xtext-Workshop-Development-Workspace,svenefftinge
Language.xtext,Monascript,https://github.com/monaco-ex/Monascript,monaco-ex
CONFIG.xtext,gss-eclipse,https://github.com/uah-srg-tech/gss-eclipse,uah-srg-tech
Slo.xtext,keptn-consistency-maintenance,https://github.com/lowcomote/keptn-consistency-maintenance,lowcomote
Turtles.xtext,turtle_dsl,https://github.com/7ccsmmdd/turtle_dsl,7ccsmmdd
ActivityDiagram.xtext,activitydiagram,https://github.com/gemoc/activitydiagram,gemoc
Oscc.xtext,OSCake,https://github.com/Open-Source-Compliance/OSCake,Open-Source-Compliance
Structs4JavaDsl.xtext,structs4java,https://github.com/marc-christian-schulze/structs4java,marc-christian-schulze
IotLuaXtext.xtext,ale-xbase,https://github.com/tdegueul/ale-xbase,tdegueul
BCOoLLib.xtext,coordination,https://github.com/gemoc/coordination,gemoc
DSL.xtext,des-exercises,https://github.com/rowanG077/des-exercises,rowanG077
GML.xtext,ARTIST,https://github.com/artist-project/ARTIST,artist-project
SpecDsl.xtext,solderbullet,https://github.com/s-hosoai/solderbullet,s-hosoai
VoiceDsl.xtext,test,https://github.com/felixvelasco/test,felixvelasco
ComponentParameter.xtext,SmartMDSD-Toolchain,https://github.com/Servicerobotics-Ulm/SmartMDSD-Toolchain,Servicerobotics-Ulm
IGES.xtext,IGESImport,https://github.com/KasperGam/IGESImport,KasperGam
TomModel.xtext,tom-addons,https://github.com/rewriting/tom-addons,rewriting
Language.xtext,VSTeP-NGT-Sketch,https://github.com/opentestmodeling/VSTeP-NGT-Sketch,opentestmodeling
Scg.xtext,snomed-scg,https://github.com/b2ihealthcare/snomed-scg,b2ihealthcare
Yarel.xtext,yarel,https://github.com/yarel-di/yarel,yarel-di
Firewalll.xtext,firewall-dsls-externos-xtext,https://github.com/uqbar-paco/firewall-dsls-externos-xtext,uqbar-paco
KExt.xtext,semantics,https://github.com/kieler/semantics,kieler
Oyster.xtext,OYSTER,https://github.com/ge-high-assurance/OYSTER,ge-high-assurance
CSS.xtext,Papyrus-1.0-M5-DevSourceSet,https://github.com/ApexSoft/Papyrus-1.0-M5-DevSourceSet,ApexSoft
SAI.xtext,micobs,https://github.com/parraman/micobs,parraman
Emfatic.xtext,emfatic-lsp,https://github.com/epsilonlabs/emfatic-lsp,epsilonlabs
Cnd.xtext,cnd-editor,https://github.com/evra/cnd-editor,evra
spacetransportationservice_NOAOBASIC_1567685928835.xtext,ECSS,https://github.com/patrickneubauer/ECSS,patrickneubauer
Entity.xtext,xtext-ocl-extensions,https://github.com/Advanced-Model-Engineering-SS16/xtext-ocl-extensions,Advanced-Model-Engineering-SS16
MSDsl.xtext,mde2020,https://github.com/rdinizcal/mde2020,rdinizcal
Sitemap_29.xtext,ECSS,https://github.com/patrickneubauer/ECSS,patrickneubauer
GpuScheduler.xtext,Samples,https://github.com/meeduse/Samples,meeduse
ModelText.xtext,Wodel,https://github.com/gomezabajo/Wodel,gomezabajo
Claret.xtext,claret,https://github.com/SPLAB-UFCG/claret,SPLAB-UFCG
DynamicScreenDsl.xtext,Xtext1-DSLs,https://github.com/dslmeinte/Xtext1-DSLs,dslmeinte
ReqText.xtext,ReqText,https://github.com/protossoftware/ReqText,protossoftware
Lil.xtext,lil,https://github.com/crubier/lil,crubier
QVTcore.xtext,qvtMustus,https://github.com/arcanefoam/qvtMustus,arcanefoam
SPViz.xtext,SoftwareProjectViz,https://github.com/kieler/SoftwareProjectViz,kieler
spacetransportationservice_GENNOWS_1563299667126.xtext,ECSS,https://github.com/patrickneubauer/ECSS,patrickneubauer
spacetransportationservice_GENNOAO_1567699625400.xtext,ECSS,https://github.com/patrickneubauer/ECSS,patrickneubauer
DynamicScreenDsl.xtext,Xtext2-DSLs,https://github.com/dslmeinte/Xtext2-DSLs,dslmeinte
Library3.xtext,XMLIntellEdit,https://github.com/patrickneubauer/XMLIntellEdit,patrickneubauer
K3FSM.xtext,Testing4DSLs,https://github.com/lowcomote/Testing4DSLs,lowcomote
Expressions.xtext,xtext-type-errors-examples,https://github.com/LorenzoBettini/xtext-type-errors-examples,LorenzoBettini
Pjl.xtext,org.parallelj.studio,https://github.com/awltech/org.parallelj.studio,awltech
NormalJobRuns_45onOneOf1.xtext,GitHubWorkflowDSL,https://github.com/lowcomote/GitHubWorkflowDSL,lowcomote
FLY.xtext,fly-language,https://github.com/fly-language/fly-language,fly-language
MyDsl.xtext,XMLIntellEdit,https://github.com/patrickneubauer/XMLIntellEdit,patrickneubauer
Mxml.xtext,mxml,https://github.com/efuentesp/mxml,efuentesp
Klaim.xtext,jSAM,https://github.com/Quanticol/jSAM,Quanticol
Domainmodel.xtext,xtext-languageserver-xbase-example,https://github.com/cdietrich/xtext-languageserver-xbase-example,cdietrich
Expressions.xtext,xtextcon-typesystem-example,https://github.com/LorenzoBettini/xtextcon-typesystem-example,LorenzoBettini
Slo.xtext,keptn-consistency-maintenance,https://github.com/lowcomote/keptn-consistency-maintenance,lowcomote
HandProof.xtext,acl2,https://github.com/acl2/acl2,acl2
MyDsl.xtext,PAOC,https://github.com/helunwencser/PAOC,helunwencser
MyDsl.xtext,splitting-token-source-ca-problem,https://github.com/cdietrich/splitting-token-source-ca-problem,cdietrich
Expressions.xtext,TextBE2,https://github.com/708y/TextBE2,708y
Bot.xtext,CONGA,https://github.com/SaraPerezSoler/CONGA,SaraPerezSoler
Turn.xtext,TURN,https://github.com/JUCMNAV/TURN,JUCMNAV
Mathematica.xtext,lamp-dp-mt,https://github.com/manojo/lamp-dp-mt,manojo
Router.xtext,ECSS,https://github.com/patrickneubauer/ECSS,patrickneubauer
EFactory.xtext,ESON,https://github.com/vorburger/ESON,vorburger
Modane.xtext,Modane,https://github.com/cea-hpc/Modane,cea-hpc
CardTemplate.xtext,janki,https://github.com/rogueai/janki,rogueai
Sgoil.xtext,Sgoil,https://github.com/PizzaFactory/Sgoil,PizzaFactory
TestSuite.xtext,Model-Based_Test_Generator_SPL,https://github.com/fabiodisilv/Model-Based_Test_Generator_SPL,fabiodisilv
spacetransportationservice_GENNOWS_1563267174267.xtext,ECSS,https://github.com/patrickneubauer/ECSS,patrickneubauer
Words.xtext,dynamicobjects,https://github.com/TheProjecter/dynamicobjects,TheProjecter
IoT.xtext,ale-xbase,https://github.com/tdegueul/ale-xbase,tdegueul
Thrift.xtext,ThriftMDE,https://github.com/SMadani/ThriftMDE,SMadani
TMHEADER.xtext,gss-eclipse,https://github.com/uah-srg-tech/gss-eclipse,uah-srg-tech
UmlProperty.xtext,Papyrus-1.0-M5-DevSourceSet,https://github.com/ApexSoft/Papyrus-1.0-M5-DevSourceSet,ApexSoft
MyDsl.xtext,mql,https://github.com/cdietrich/mql,cdietrich
ReqSpec.xtext,osate2,https://github.com/osate/osate2,osate
Xtext.xtext,XMLIntellEdit,https://github.com/patrickneubauer/XMLIntellEdit,patrickneubauer
Attributes.xtext,XTextCustomLexerExample,https://github.com/ainslec/XTextCustomLexerExample,ainslec
Behavior.xtext,ArchiCorC,https://github.com/TUBS-ISF/ArchiCorC,TUBS-ISF
ConPlan.xtext,xtext_DSL_example,https://github.com/ayoubziat/xtext_DSL_example,ayoubziat
spacetransportationservice_GEN_1562940594366.xtext,ECSS,https://github.com/patrickneubauer/ECSS,patrickneubauer
SDELang.xtext,Model-Driven-Engineering--Eclipse-RCP-plugin--Software-product-line,https://github.com/OElabed/Model-Driven-Engineering--Eclipse-RCP-plugin--Software-product-line,OElabed
Dsl.xtext,SmartDBE,https://github.com/Servicerobotics-Ulm/SmartDBE,Servicerobotics-Ulm
SQLDDL.xtext,Pretty-Printer_Language-Analysis,https://github.com/joerg-holtmann/Pretty-Printer_Language-Analysis,joerg-holtmann
MyDsl.xtext,xtext-dnn,https://github.com/Xpitfire/xtext-dnn,Xpitfire
GF.xtext,gf-eclipse-plugin,https://github.com/GrammaticalFramework/gf-eclipse-plugin,GrammaticalFramework
RDFTurtle.xtext,RDFXtext,https://github.com/klusyu/RDFXtext,klusyu
GraphvizDot.xtext,de.cau.cs.kieler,https://github.com/agentlab/de.cau.cs.kieler,agentlab
AnairiatsSats.xtext,org.ats-lang.anairiats.ide,https://github.com/alex-ren/org.ats-lang.anairiats.ide,alex-ren
DorDsl.xtext,SmartDependencyVariabilityGraphs,https://github.com/Servicerobotics-Ulm/SmartDependencyVariabilityGraphs,Servicerobotics-Ulm
SharedPreferencesModel.xtext,mechanoid,https://github.com/robotoworks/mechanoid,robotoworks
OML.xtext,gov.nasa.jpl.imce.oml,https://github.com/JPL-IMCE/gov.nasa.jpl.imce.oml,JPL-IMCE
spacetransportationservice_GENNOAO_1567687277699.xtext,ECSS,https://github.com/patrickneubauer/ECSS,patrickneubauer
DxlDsl.xtext,Traceability,https://github.com/Smart-Contract-Modelling-uOttawa/Traceability,Smart-Contract-Modelling-uOttawa
Pascal.xtext,pascal-compiler,https://github.com/gileadekelvin/pascal-compiler,gileadekelvin
GuiexerciceAdvanced.xtext,IMT-DSL-Test,https://github.com/anaelChardan/IMT-DSL-Test,anaelChardan
Vpui.xtext,kitalpha,https://github.com/eclipse/kitalpha,eclipse
StreamDescLanguage.xtext,eclectic,https://github.com/jesusc/eclectic,jesusc
PatternLanguage.xtext,refactory,https://github.com/jreimone/refactory,jreimone
RoboProse.xtext,robo-prose,https://github.com/richban/robo-prose,richban
Kaom.xtext,de.cau.cs.kieler,https://github.com/imace/de.cau.cs.kieler,imace
MyDsl.xtext,dmss.pouex.xtext,https://github.com/hachreak/dmss.pouex.xtext,hachreak
Tsm.xtext,TimedStateMachine,https://github.com/ModelEngineeringBooks/TimedStateMachine,ModelEngineeringBooks
Xklaim.xtext,xklaim,https://github.com/LorenzoBettini/xklaim,LorenzoBettini
AppBuilderDSL.xtext,MDSD,https://github.com/nteg/MDSD,nteg
Xcore.xtext,emf,https://github.com/ind1go/emf,ind1go
TMDsl.xtext,cards,https://github.com/secure-software-engineering/cards,secure-software-engineering
Input.xtext,MOAP,https://github.com/dwightnaylor/MOAP,dwightnaylor
ReducedAlfLanguage.xtext,EMDW-Common,https://github.com/IncQueryLabs/EMDW-Common,IncQueryLabs
Esterel.xtext,de.cau.cs.kieler,https://github.com/imace/de.cau.cs.kieler,imace
ConcurrencyCancel_45in_45progressOneOf1.xtext,GitHubWorkflowDSL,https://github.com/lowcomote/GitHubWorkflowDSL,lowcomote
Puml-original.xtext,pt.isep.dsl.puml,https://github.com/atb/pt.isep.dsl.puml,atb
spacetransportationservice_GEN_1563298369253.xtext,ECSS,https://github.com/patrickneubauer/ECSS,patrickneubauer
StateMachine.xtext,SmartMDSD-Toolchain,https://github.com/Servicerobotics-Ulm/SmartMDSD-Toolchain,Servicerobotics-Ulm
MyDot.xtext,Source_Code_MODELS_2024,https://github.com/Wilson008/Source_Code_MODELS_2024,Wilson008
StsLanguage.xtext,ECSS,https://github.com/patrickneubauer/ECSS,patrickneubauer
Ddsl.xtext,Android_EC,https://github.com/solimand/Android_EC,solimand
JenaRules.xtext,swedit,https://github.com/ghillairet/swedit,ghillairet
Usecase.xtext,CooperateModelingEnvironment,https://github.com/Cooperate-Project/CooperateModelingEnvironment,Cooperate-Project
PropertyCS.xtext,property-language,https://github.com/tetrabox/property-language,tetrabox
HelloDSL.xtext,testing-multiple-dsls,https://github.com/szarnekow/testing-multiple-dsls,szarnekow
PropertyLanguage.xtext,gamma,https://github.com/ftsrg/gamma,ftsrg
Core.xtext,k3,https://github.com/diverse-project/k3,diverse-project
MyDsl.xtext,mde_optimiser,https://github.com/mde-optimiser/mde_optimiser,mde-optimiser
ArkanoidDsl.xtext,jugh-xtext-arkanoid,https://github.com/laubfall/jugh-xtext-arkanoid,laubfall
XSampleDsl.xtext,xsample,https://github.com/fuinorg/xsample,fuinorg
Poosl.xtext,poosl,https://github.com/eclipse/poosl,eclipse
GithubwfRootOnOneOf2Workflow_dispatchInputsPatternProperties0AllOf0Then.xtext,GitHubWorkflowDSL,https://github.com/lowcomote/GitHubWorkflowDSL,lowcomote
MyAtl.xtext,Pretty-Printer_Language-Analysis,https://github.com/joerg-holtmann/Pretty-Printer_Language-Analysis,joerg-holtmann
Pascal.xtext,pascal,https://github.com/mariana-mendes/pascal,mariana-mendes
Conference.xtext,Stuff,https://github.com/holgerschill/Stuff,holgerschill
KGraph.xtext,KLighD,https://github.com/kieler/KLighD,kieler
Platoon.xtext,2IMP20-Generic-Language-Technology,https://github.com/ruudandriessen/2IMP20-Generic-Language-Technology,ruudandriessen
ComponentMode.xtext,smartmdsd,https://github.com/eclipse/smartmdsd,eclipse
ContainerPortsItemsOneOf1.xtext,GitHubWorkflowDSL,https://github.com/lowcomote/GitHubWorkflowDSL,lowcomote
Mathinterpreteer.xtext,MDSDMathInterpreter,https://github.com/thphr/MDSDMathInterpreter,thphr
ENIGME.xtext,Enseeiht,https://github.com/kimokipo/Enseeiht,kimokipo
Fix.xtext,metafacture-fix,https://github.com/metafacture/metafacture-fix,metafacture
Oil.xtext,RT-DRUID,https://github.com/svn2github/RT-DRUID,svn2github
BeeLang.xtext,b3,https://github.com/hlindberg/b3,hlindberg
OCLstdlib.xtext,ocl,https://github.com/matterche/ocl,matterche
MonetLocalizationLanguage.xtext,monet,https://github.com/ulpgc-siani/monet,ulpgc-siani
Grana.xtext,pragmatics,https://github.com/kieler/pragmatics,kieler
UmlCollaborationUse.xtext,Papyrus-1.0-M5-DevSourceSet,https://github.com/ApexSoft/Papyrus-1.0-M5-DevSourceSet,ApexSoft
Student.xtext,IDEA-Plug-Ins,https://github.com/vihanga-liyanage/IDEA-Plug-Ins,vihanga-liyanage
TableFork.xtext,FEUP-ELS,https://github.com/Educorreia932/FEUP-ELS,Educorreia932
Boa.xtext,xtext-ide,https://github.com/boalang/xtext-ide,boalang
ScribbleDsl.xtext,scribble-eclipse,https://github.com/scribble/scribble-eclipse,scribble
MkDsl.xtext,esg-dsl,https://github.com/esg4aspl/esg-dsl,esg4aspl
GithubwfRootOnOneOf2Workflow_dispatchInputsPatternProperties0AllOf0.xtext,GitHubWorkflowDSL,https://github.com/lowcomote/GitHubWorkflowDSL,lowcomote
Canvas.xtext,bridgepoint,https://github.com/xtuml/bridgepoint,xtuml
GuiceModules.xtext,seven-languages-xtext,https://github.com/xtext/seven-languages-xtext,xtext
spacetransportationservice_GENNOWS_1563264336507.xtext,ECSS,https://github.com/patrickneubauer/ECSS,patrickneubauer
PP_1.xtext,ECSS,https://github.com/patrickneubauer/ECSS,patrickneubauer
MyDsl.xtext,xtext-reference-projects,https://github.com/xtext/xtext-reference-projects,xtext
MyDsl.xtext,xtext-reference-projects,https://github.com/xtext/xtext-reference-projects,xtext
MyDsl.xtext,xtext-reference-projects,https://github.com/xtext/xtext-reference-projects,xtext
MyDsl.xtext,M2Doc,https://github.com/ObeoNetwork/M2Doc,ObeoNetwork
Survey.xtext,EclipseCon2014_XtextTutorial,https://github.com/meysholdt/EclipseCon2014_XtextTutorial,meysholdt
Survey.xtext,se_2015_dresden,https://github.com/meysholdt/se_2015_dresden,meysholdt
VariCell.xtext,VariCell,https://github.com/FAMILIAR-project/VariCell,FAMILIAR-project
PDL2.xtext,Projet-IDM,https://github.com/guilhemmgt/Projet-IDM,guilhemmgt
spacetransportationservice_NOAOBASIC_1567600290577.xtext,ECSS,https://github.com/patrickneubauer/ECSS,patrickneubauer
DbDsl.xtext,lmrc,https://github.com/cdietrich/lmrc,cdietrich
GML.xtext,ARTIST-NFRVT,https://github.com/artist-project/ARTIST-NFRVT,artist-project
Yarel.xtext,yarel,https://github.com/yarel-di/yarel,yarel-di
MSDsl.xtext,mde2020,https://github.com/rdinizcal/mde2020,rdinizcal
Sitemap.xtext,esh-puremaven,https://github.com/kaikreuzer/esh-puremaven,kaikreuzer
Sitemap.xtext,smarthome,https://github.com/2lambda123/smarthome,2lambda123
Sitemap.xtext,My-Project,https://github.com/imss2022/My-Project,imss2022
DynamicScreenDsl.xtext,Xtext1-DSLs,https://github.com/dslmeinte/Xtext1-DSLs,dslmeinte
Lil.xtext,lil,https://github.com/crubier/lil,crubier
Library3.xtext,XMLTextWork,https://github.com/thedjenny/XMLTextWork,thedjenny
NormalJobRuns_45onOneOf1.xtext,GitHubWorkflowDSL,https://github.com/lowcomote/GitHubWorkflowDSL,lowcomote
MyDsl.xtext,XMLTextWork,https://github.com/thedjenny/XMLTextWork,thedjenny
MyDsl.xtext,PAOC,https://github.com/helunwencser/PAOC,helunwencser
Expressions.xtext,textbe,https://github.com/t-ho/textbe,t-ho
Bot.xtext,CONGA,https://github.com/SaraPerezSoler/CONGA,SaraPerezSoler
Turn.xtext,TURN,https://github.com/JUCMNAV/TURN,JUCMNAV
Router.xtext,ECSS,https://github.com/patrickneubauer/ECSS,patrickneubauer
CardTemplate.xtext,janki,https://github.com/rogueai/janki,rogueai
TestSuite.xtext,Model-Based_Test_Generator_SPL,https://github.com/fabiodisilv/Model-Based_Test_Generator_SPL,fabiodisilv
Xtext.xtext,XMLTextWork,https://github.com/thedjenny/XMLTextWork,thedjenny
SDELang.xtext,Model-Driven-Engineering--Eclipse-RCP-plugin--Software-product-line,https://github.com/OElabed/Model-Driven-Engineering--Eclipse-RCP-plugin--Software-product-line,OElabed
GF.xtext,gf-eclipse-plugin,https://github.com/GrammaticalFramework/gf-eclipse-plugin,GrammaticalFramework
GraphvizDot.xtext,de.cau.cs.kieler,https://github.com/imace/de.cau.cs.kieler,imace
DxlDsl.xtext,Traceability,https://github.com/Smart-Contract-Modelling-uOttawa/Traceability,Smart-Contract-Modelling-uOttawa
GuiexerciceAdvanced.xtext,IMT-DSL-Test,https://github.com/anaelChardan/IMT-DSL-Test,anaelChardan
PatternLanguage.xtext,refactory,https://github.com/jreimone/refactory,jreimone
ConcurrencyCancel_45in_45progressOneOf1.xtext,GitHubWorkflowDSL,https://github.com/lowcomote/GitHubWorkflowDSL,lowcomote
GithubwfRootOnOneOf2Workflow_dispatchInputsPatternProperties0AllOf0Then.xtext,GitHubWorkflowDSL,https://github.com/lowcomote/GitHubWorkflowDSL,lowcomote
Pascal.xtext,pascal,https://github.com/mariana-mendes/pascal,mariana-mendes
ContainerPortsItemsOneOf1.xtext,GitHubWorkflowDSL,https://github.com/lowcomote/GitHubWorkflowDSL,lowcomote
MonetLocalizationLanguage.xtext,monet,https://github.com/ulpgc-siani/monet,ulpgc-siani
GithubwfRootOnOneOf2Workflow_dispatchInputsPatternProperties0AllOf0.xtext,GitHubWorkflowDSL,https://github.com/lowcomote/GitHubWorkflowDSL,lowcomote
Sitemap.xtext,openhab-core,https://github.com/openhab/openhab-core,openhab
ProtoLang.xtext,plexus-interop,https://github.com/finos/plexus-interop,finos
XImportSectionTestLang.xtext,xtext,https://github.com/eclipse/xtext,eclipse
APIDescription.xtext,MDSL-Specification,https://github.com/Microservice-API-Patterns/MDSL-Specification,Microservice-API-Patterns
Verify.xtext,osate2,https://github.com/osate/osate2,osate
StateAnalysis.xtext,CertWare,https://github.com/nasa/CertWare,nasa
Treo.xtext,Reo,https://github.com/ReoLanguage/Reo,ReoLanguage
TargetPlatform.xtext,targetplatform-dsl,https://github.com/eclipse-cbi/targetplatform-dsl,eclipse-cbi
LLVM_IR.xtext,llvm-ir-editor,https://github.com/amishne/llvm-ir-editor,amishne
Less.xtext,ow,https://github.com/vtst/ow,vtst
N4MF.xtext,n4js,https://github.com/NumberFour/n4js,NumberFour
Xsmpcore.xtext,xsmp-modeler-core,https://github.com/ThalesGroup/xsmp-modeler-core,ThalesGroup
quapp-grammar.xtext,ankle-rehab-examples,https://github.com/wwu-pi/ankle-rehab-examples,wwu-pi
integrity.xtext,integrity,https://github.com/integrity-tf/integrity,integrity-tf
Aml.xtext,deprecated-test-editor-xtext,https://github.com/test-editor/deprecated-test-editor-xtext,test-editor
Jbasescript.xtext,jbase,https://github.com/LorenzoBettini/jbase,LorenzoBettini
OpServiceModel.xtext,mechanoid,https://github.com/robotoworks/mechanoid,robotoworks
MyDsl.xtext,generator-xtext,https://github.com/itemis/generator-xtext,itemis
RecordLang.xtext,instrumentation-languages,https://github.com/kieker-monitoring/instrumentation-languages,kieker-monitoring
def.xtext,dsl_frontend,https://github.com/Liberxue/dsl_frontend,Liberxue
RulesDSL.xtext,Design-of-Embedded-Systems,https://github.com/ErinvanderVeen/Design-of-Embedded-Systems,ErinvanderVeen
Kactors.xtext,klab,https://github.com/integratedmodelling/klab,integratedmodelling
HUPN.xtext,HUPN-HumanUsablePetriNotation,https://github.com/yanntm/HUPN-HumanUsablePetriNotation,yanntm
byteman.xtext,jbosstools-byteman,https://github.com/jeffmaury/jbosstools-byteman,jeffmaury
Myjson.xtext,DICE,https://github.com/MicheleGuerriero/DICE,MicheleGuerriero
Xtext.xtext,xtext-ide-extensions,https://github.com/kuniss/xtext-ide-extensions,kuniss
CharacterScript.xtext,DialogScriptDSL,https://github.com/RobertWalter83/DialogScriptDSL,RobertWalter83
DotEscString.xtext,gef,https://github.com/eclipse/gef,eclipse
Locks.xtext,DSALs,https://github.com/OpenUniversity/DSALs,OpenUniversity
MOMoT.xtext,MOMoT-RL,https://github.com/martineisenberg/MOMoT-RL,martineisenberg
AceGen.xtext,de.acegen,https://github.com/annettedorothea/de.acegen,annettedorothea
Gramatica.xtext,Tesina,https://github.com/Danita25/Tesina,Danita25
FLY.xtext,FLY-language,https://github.com/spagnuolocarmine/FLY-language,spagnuolocarmine
Arithmetics.xtext,dslforge,https://github.com/plugbee/dslforge,plugbee
CSVToTable.xtext,Projet-IDM,https://github.com/tom38110/Projet-IDM,tom38110
Nablagen.xtext,NabLab,https://github.com/cea-hpc/NabLab,cea-hpc
MiniJava.xtext,ale-lang-compiler,https://github.com/gemoc/ale-lang-compiler,gemoc
TmcdbTables.xtext,ACS,https://github.com/ACS-Community/ACS,ACS-Community
Expression.xtext,eclipse-platform-evaluation,https://github.com/openETCS/eclipse-platform-evaluation,openETCS
SCL.xtext,semantics,https://github.com/kieler/semantics,kieler
StsLanguageWsAware.xtext,ECSS,https://github.com/patrickneubauer/ECSS,patrickneubauer
PROTOCOL_PACKETS.xtext,gss-eclipse,https://github.com/uah-srg-tech/gss-eclipse,uah-srg-tech
YourDsl.xtext,mydsl-idea,https://github.com/biancode/mydsl-idea,biancode
Domainmodel.xtext,xtext-debug,https://github.com/juli1/xtext-debug,juli1
RbacDSL.xtext,rbacDSL,https://github.com/lmontrieux/rbacDSL,lmontrieux
Safety.xtext,AMASE,https://github.com/loonwerks/AMASE,loonwerks
InitConfig.xtext,ecore,https://github.com/zakaria68K/ecore,zakaria68K
MDML.xtext,MDML,https://github.com/davidmilward/MDML,davidmilward
SCTX.xtext,semantics,https://github.com/kieler/semantics,kieler
Ale.xtext,ale-xbase,https://github.com/tdegueul/ale-xbase,tdegueul
Vnf.xtext,nfv-dsl-qpn,https://github.com/CN-UPB/nfv-dsl-qpn,CN-UPB
Fasttwr.xtext,NDT,https://github.com/cooked/NDT,cooked
spacetransportationservice_GEN_1562937909966.xtext,ECSS,https://github.com/patrickneubauer/ECSS,patrickneubauer
Valid.xtext,dsl-devkit,https://github.com/dsldevkit/dsl-devkit,dsldevkit
BbDsl.xtext,SmartDependencyVariabilityGraphs,https://github.com/Servicerobotics-Ulm/SmartDependencyVariabilityGraphs,Servicerobotics-Ulm
Sct.xtext,semantics,https://github.com/kieler/semantics,kieler
Domainmodel.xtext,slice,https://github.com/slice-project/slice,slice-project
Library3.xtext,XMLIntellEdit,https://github.com/patrickneubauer/XMLIntellEdit,patrickneubauer
Sql.xtext,ezRepo-Designer,https://github.com/HOUSEI-INC/ezRepo-Designer,HOUSEI-INC
Json.xtext,BriefCASE,https://github.com/loonwerks/BriefCASE,loonwerks
StatechartDSL.xtext,distributed-systems,https://github.com/levoskaa/distributed-systems,levoskaa
DSL.xtext,smags.min,https://github.com/gpue/smags.min,gpue
ProfileDsl.xtext,org.fornax.soa.xtextservicerepository,https://github.com/andrearn/org.fornax.soa.xtextservicerepository,andrearn
EntityRelationship.xtext,bigER,https://github.com/borkdominik/bigER,borkdominik
problem.xtext,meaningful-changes,https://github.com/yijunyu/meaningful-changes,yijunyu
Tom.xtext,tom-addons,https://github.com/rewriting/tom-addons,rewriting
Xcore.xtext,Pretty-Printer_Language-Analysis,https://github.com/joerg-holtmann/Pretty-Printer_Language-Analysis,joerg-holtmann
Demo1.xtext,devoxx2012-xtext,https://github.com/jeffmaury/devoxx2012-xtext,jeffmaury
SLADsl.xtext,org.fornax.soa.xtextservicerepository,https://github.com/andrearn/org.fornax.soa.xtextservicerepository,andrearn
EnvironmentDsl.xtext,org.fornax.soa.xtextservicerepository,https://github.com/andrearn/org.fornax.soa.xtextservicerepository,andrearn
XProofAssistant.xtext,Proof_Assistant,https://github.com/eventB-Soton/Proof_Assistant,eventB-Soton
ModelDraw.xtext,Wodel,https://github.com/gomezabajo/Wodel,gomezabajo
ProgramDsl.xtext,Xbase-sandbox,https://github.com/nbhusare/Xbase-sandbox,nbhusare
Delegation.xtext,effective-permission-evaluation,https://github.com/ftsrg/effective-permission-evaluation,ftsrg
ExpressionStrings.xtext,step,https://github.com/Bitub/step,Bitub
SPVizModel.xtext,SoftwareProjectViz,https://github.com/kieler/SoftwareProjectViz,kieler
Items.xtext,esh-puremaven,https://github.com/kaikreuzer/esh-puremaven,kaikreuzer
DataDsl.xtext,ddmm,https://github.com/SeelabFhdo/ddmm,SeelabFhdo
Gen.xtext,xtextadd,https://github.com/martinbaker/xtextadd,martinbaker
CardGameLanguage.xtext,cardgame-dsl,https://github.com/TeresaTang98/cardgame-dsl,TeresaTang98
TmscXtext.xtext,PPS,https://github.com/TNO/PPS,TNO
JexTest.xtext,jexercise,https://github.com/hallvard/jexercise,hallvard
USE.xtext,model-converter,https://github.com/juliarobles/model-converter,juliarobles
Xturtle.xtext,ECSS,https://github.com/patrickneubauer/ECSS,patrickneubauer
TracingExecutionContext.xtext,xtendency,https://github.com/kbirken/xtendency,kbirken
SmtLanguage.xtext,VIATRA-Generator,https://github.com/viatra/VIATRA-Generator,viatra
NormalJobRuns_45onOneOf0.xtext,GitHubWorkflowDSL,https://github.com/lowcomote/GitHubWorkflowDSL,lowcomote
Ui.xtext,Xtext-GrammarMixin-Example,https://github.com/hypery2k/Xtext-GrammarMixin-Example,hypery2k
WML.xtext,ECSS,https://github.com/patrickneubauer/ECSS,patrickneubauer
MyDslC.xtext,xtext-multi-dsl,https://github.com/cdietrich/xtext-multi-dsl,cdietrich
ClassDiagram.xtext,ECSS,https://github.com/patrickneubauer/ECSS,patrickneubauer
Entity.xtext,lunifera-dsl,https://github.com/lunifera/lunifera-dsl,lunifera
Antlr4.xtext,ECSS,https://github.com/patrickneubauer/ECSS,patrickneubauer
SimpleTemplate.xtext,xtext_stateful_lexer,https://github.com/meysholdt/xtext_stateful_lexer,meysholdt
KiVis.xtext,semantics,https://github.com/kieler/semantics,kieler
COV.xtext,TestAmplification4Models,https://github.com/Faezeh-Kh/TestAmplification4Models,Faezeh-Kh
DomainModel.xtext,Fortify-X10,https://github.com/kartiksayani/Fortify-X10,kartiksayani
Gaml.xtext,new.gama,https://github.com/gama-platform/new.gama,gama-platform
Sculptordsl.xtext,ECSS,https://github.com/patrickneubauer/ECSS,patrickneubauer
CcsEclipse.xtext,CcsEclipse,https://github.com/mattgodbolt/CcsEclipse,mattgodbolt
UmlParameter.xtext,Papyrus-1.0-M5-DevSourceSet,https://github.com/ApexSoft/Papyrus-1.0-M5-DevSourceSet,ApexSoft
spacetransportationservice_GEN_1567685937893.xtext,ECSS,https://github.com/patrickneubauer/ECSS,patrickneubauer
spacetransportationservice_GEN_1563226577231.xtext,ECSS,https://github.com/patrickneubauer/ECSS,patrickneubauer
KairosSystem.xtext,miniTutoGemocKairos,https://github.com/jdeantoni/miniTutoGemocKairos,jdeantoni
Cls.xtext,CooperateModelingEnvironment,https://github.com/Cooperate-Project/CooperateModelingEnvironment,Cooperate-Project
XGuiDsl.xtext,typesystemcomparison,https://github.com/markusvoelter/typesystemcomparison,markusvoelter
Ripacola.xtext,ripacola-xtext,https://github.com/preesm/ripacola-xtext,preesm
Zoo.xtext,Model-driven-Pretty-Printer-for-Xtext-Framework,https://github.com/mn-mikke/Model-driven-Pretty-Printer-for-Xtext-Framework,mn-mikke
spacetransportationservice_BASICAO_1567686262737.xtext,ECSS,https://github.com/patrickneubauer/ECSS,patrickneubauer
spacetransportationservice_GENNOWS_1563267097496.xtext,ECSS,https://github.com/patrickneubauer/ECSS,patrickneubauer
Edelta.xtext,edelta,https://github.com/LorenzoBettini/edelta,LorenzoBettini
Yang.xtext,ECSS,https://github.com/patrickneubauer/ECSS,patrickneubauer
Module2.xtext,ECSS,https://github.com/patrickneubauer/ECSS,patrickneubauer
Service.xtext,XMLIntellEdit,https://github.com/patrickneubauer/XMLIntellEdit,patrickneubauer
IoT.xtext,melange-examples,https://github.com/diverse-project/melange-examples,diverse-project
CS2ASDSL.xtext,cs2as,https://github.com/adolfosbh/cs2as,adolfosbh
LenguajeNaturalReducido.xtext,Tesina,https://github.com/Danita25/Tesina,Danita25
ValDsl.xtext,acse-xtext-validation,https://github.com/wwu-pi/acse-xtext-validation,wwu-pi
Domainmodel.xtext,org.eclipse.xtext.example.domainmodel,https://github.com/kthoms/org.eclipse.xtext.example.domainmodel,kthoms
Prolog.xtext,ArchStudio5,https://github.com/isr-uci-edu/ArchStudio5,isr-uci-edu
Workflow.xtext,model-management-services,https://github.com/indamutsa/model-management-services,indamutsa
TestCaseGenerator.xtext,UniMapperGenerator,https://github.com/UnicoenProject/UniMapperGenerator,UnicoenProject
Elascript.xtext,ElaScript,https://github.com/EmrysMyrddin/ElaScript,EmrysMyrddin
MuLE.xtext,mulesource,https://github.com/NikitaDuemmel90/mulesource,NikitaDuemmel90
Ecl.xtext,snomed-ecl,https://github.com/b2ihealthcare/snomed-ecl,b2ihealthcare
ScelLight.xtext,jresp,https://github.com/hoelzl/jresp,hoelzl
Epsilon.xtext,epsilon-ide-extensions,https://github.com/kuniss/epsilon-ide-extensions,kuniss
DataContract.xtext,mod4j,https://github.com/codehaus/mod4j,codehaus
Group.xtext,xtext-composition,https://github.com/tdegueul/xtext-composition,tdegueul
KEffects.xtext,semantics,https://github.com/kieler/semantics,kieler
Issue60.xtext,xtext-gradle-plugin-issue-60,https://github.com/cdietrich/xtext-gradle-plugin-issue-60,cdietrich
Editor.xtext,euclideanspace,https://github.com/martinbaker/euclideanspace,martinbaker
Jlanguage.xtext,Colleg-UENP,https://github.com/Jh0wjso/Colleg-UENP,Jh0wjso
Math.xtext,mdsd-external-dsl-generator,https://github.com/priebek/mdsd-external-dsl-generator,priebek
Githubwf.xtext,GitHubWorkflowDSL,https://github.com/lowcomote/GitHubWorkflowDSL,lowcomote
Flora2Editor.xtext,flora2-eclipse,https://github.com/vital-ai/flora2-eclipse,vital-ai
spacetransportationservice_BASICAO_1567684909434.xtext,ECSS,https://github.com/patrickneubauer/ECSS,patrickneubauer
TESTSETUP.xtext,verification,https://github.com/uah-srg-tech/verification,uah-srg-tech
BLESS.xtext,BLESS-IDE,https://github.com/brlarson/BLESS-IDE,brlarson
Datatypes.xtext,chariot,https://github.com/scope-lab-vu/chariot,scope-lab-vu
Common.xtext,kitalpha,https://github.com/eclipse/kitalpha,eclipse
Assess.xtext,engage_dsl,https://github.com/yaelleC/engage_dsl,yaelleC
ExpressionLanguage.xtext,gamma-c,https://github.com/csuvi98/gamma-c,csuvi98
Gui2.xtext,IMT-GUI-DSL,https://github.com/alexisrobin/IMT-GUI-DSL,alexisrobin
Ares.xtext,alwb-java,https://github.com/ocmc-alwb/alwb-java,ocmc-alwb
ContextDsl.xtext,rodin-b-sharp-iUML_B_Utils,https://github.com/weetmuts/rodin-b-sharp-iUML_B_Utils,weetmuts
XDrone.xtext,xTextLanguage,https://github.com/ProgrammableDrones/xTextLanguage,ProgrammableDrones
ArithmeticExpression.xtext,xtext-expressions,https://github.com/Modaptix/xtext-expressions,Modaptix
Vpservices.xtext,kitalpha,https://github.com/eclipse/kitalpha,eclipse
DDDsl.xtext,Palladio-Addons-DataFlowConfidentiality,https://github.com/FluidTrust/Palladio-Addons-DataFlowConfidentiality,FluidTrust
PermissionsOneOf1.xtext,GitHubWorkflowDSL,https://github.com/lowcomote/GitHubWorkflowDSL,lowcomote
TaskDSL.xtext,des-exercises,https://github.com/rowanG077/des-exercises,rowanG077
Droid.xtext,amalgamation-examples,https://github.com/eclipse-soc/amalgamation-examples,eclipse-soc
PlantUML.xtext,mdd-puml-to-uml,https://github.com/elite-se/mdd-puml-to-uml,elite-se
Bro.xtext,browser-automation-DSL,https://github.com/alexisrobin/browser-automation-DSL,alexisrobin
RDMTextDSL.xtext,gomrp,https://github.com/benedekh/gomrp,benedekh
Example.xtext,se_2015_dresden,https://github.com/meysholdt/se_2015_dresden,meysholdt
MappingDsl.xtext,lemma,https://github.com/SeelabFhdo/lemma,SeelabFhdo
RigidBodies.xtext,RigidBodies,https://github.com/szschaler/RigidBodies,szschaler
OntologicalModelingLanguage.xtext,gov.nasa.jpl.imce.oml.core,https://github.com/JPL-IMCE/gov.nasa.jpl.imce.oml.core,JPL-IMCE
Quan6.xtext,xtext_tutorial_15_min_zh,https://github.com/program-in-chinese/xtext_tutorial_15_min_zh,program-in-chinese
StateMachineDSL.xtext,gomrp,https://github.com/benedekh/gomrp,benedekh
aadl2_AADL_1563525577770.xtext,ECSS,https://github.com/patrickneubauer/ECSS,patrickneubauer
Survey.xtext,EclipseCon2013_XtextTutorial,https://github.com/JanKoehnlein/EclipseCon2013_XtextTutorial,JanKoehnlein
Sitemap.xtext,bcanhome-openhab,https://github.com/ANierbeck/bcanhome-openhab,ANierbeck
Common.xtext,alisa,https://github.com/osate/alisa,osate
Wodel.xtext,Wodel,https://github.com/gomezabajo/Wodel,gomezabajo
Metamodel.xtext,xtext-gen-extension,https://github.com/Lzgpom/xtext-gen-extension,Lzgpom
CDL.xtext,VPatChecker,https://github.com/Myshtea/VPatChecker,Myshtea
Dsl.xtext,SmartDBE,https://github.com/Servicerobotics-Ulm/SmartDBE,Servicerobotics-Ulm
Lisp.xtext,xtext-folding-issue,https://github.com/mister-walter/xtext-folding-issue,mister-walter
EmfSupportDsl.xtext,RichClientFX,https://github.com/chqu1012/RichClientFX,chqu1012
MyDsl.xtext,ats.testcc,https://github.com/AiC-Project/ats.testcc,AiC-Project
EssentialOCL.xtext,ocl,https://github.com/matterche/ocl,matterche
MyDsl.xtext,MyDsl,https://github.com/thedjenny/MyDsl,thedjenny
SpecDSL.xtext,specmate,https://github.com/qualicen/specmate,qualicen
InterparameterDependenciesLanguage.xtext,IDL,https://github.com/isa-group/IDL,isa-group
JqlDsl.xtext,judo-meta-jql,https://github.com/BlackBeltTechnology/judo-meta-jql,BlackBeltTechnology
LuceneFields.xtext,CodeFinder,https://github.com/tobiasb/CodeFinder,tobiasb
BashDSL.xtext,bashdsl,https://github.com/cokeSchlumpf/bashdsl,cokeSchlumpf
ENIGME.xtext,Enseeiht,https://github.com/kimokipo/Enseeiht,kimokipo
Rules.xtext,opensmarthouse-core,https://github.com/opensmarthouse/opensmarthouse-core,opensmarthouse
Xill.xtext,xill_language,https://github.com/xillio/xill_language,xillio
QueryDsl.xtext,Architecture-Designer,https://github.com/Tocea/Architecture-Designer,Tocea
Orion.xtext,uschema-engineering,https://github.com/modelum/uschema-engineering,modelum
spacetransportationservice_GENNOAO_1563221308758.xtext,ECSS,https://github.com/patrickneubauer/ECSS,patrickneubauer
Rules.xtext,openhab-hdl,https://github.com/andrey-desman/openhab-hdl,andrey-desman
CAEXtext.xtext,caex-workbench,https://github.com/amlModeling/caex-workbench,amlModeling
Scad.xtext,scad2pov,https://github.com/erdinc09/scad2pov,erdinc09
Guiexercice.xtext,IMT-DSL-Test,https://github.com/anaelChardan/IMT-DSL-Test,anaelChardan
MyDsl.xtext,Formal_Systems_Modeling,https://github.com/ahmadspm/Formal_Systems_Modeling,ahmadspm
ActivitiesDSL.xtext,idm2014,https://github.com/jmbruel/idm2014,jmbruel
MyDsl.xtext,xtext-fragment-experiments,https://github.com/cdietrich/xtext-fragment-experiments,cdietrich
UmlState.xtext,Papyrus-1.0-M5-DevSourceSet,https://github.com/ApexSoft/Papyrus-1.0-M5-DevSourceSet,ApexSoft
JDL.xtext,jhipster-ide,https://github.com/jhipster/jhipster-ide,jhipster
MetaTemplating.xtext,metatemplating,https://github.com/MDEGroup/metatemplating,MDEGroup
KExpressions.xtext,semantics,https://github.com/kieler/semantics,kieler
Omt.xtext,hla-toolkit,https://github.com/CohesionForce/hla-toolkit,CohesionForce
Ssl.xtext,protocoldef,https://github.com/SudoHenk/protocoldef,SudoHenk
Taco.xtext,Taco-DSL,https://github.com/tonybeltramelli/Taco-DSL,tonybeltramelli
APIDescription.xtext,MDSL-Specification,https://github.com/2lambda123/MDSL-Specification,2lambda123
Myjson.xtext,DICE,https://github.com/MicheleGuerriero/DICE,MicheleGuerriero
MOMoT.xtext,RL4MT,https://github.com/RL4MT/RL4MT,RL4MT
Arithmetics.xtext,xtext-arithmetics-web-example,https://github.com/szarnekow/xtext-arithmetics-web-example,szarnekow
TmcdbTables.xtext,acscb-legacy,https://github.com/csrg-utfsm/acscb-legacy,csrg-utfsm
StsLanguageWsAware.xtext,ECSS,https://github.com/patrickneubauer/ECSS,patrickneubauer
InitConfig.xtext,ecore,https://github.com/zakaria68K/ecore,zakaria68K
MDML.xtext,MDML,https://github.com/davidmilward/MDML,davidmilward
Domainmodel.xtext,slice-source,https://github.com/slice-project/slice-source,slice-project
Library3.xtext,XMLTextWork,https://github.com/thedjenny/XMLTextWork,thedjenny
Library3.xtext,XMLIntellEdit,https://github.com/patrickneubauer/XMLIntellEdit,patrickneubauer
Library3.xtext,XMLTextWork,https://github.com/thedjenny/XMLTextWork,thedjenny
StatechartDSL.xtext,distributed-systems,https://github.com/levoskaa/distributed-systems,levoskaa
Demo1.xtext,devoxx2012-xtext,https://github.com/jeffmaury/devoxx2012-xtext,jeffmaury
ProgramDsl.xtext,Xbase-sandbox,https://github.com/nbhusare/Xbase-sandbox,nbhusare
Items.xtext,smarthome,https://github.com/eric-erki/smarthome,eric-erki
Items.xtext,smarthome,https://github.com/2lambda123/smarthome,2lambda123
Items.xtext,My-Project,https://github.com/imss2022/My-Project,imss2022
CardGameLanguage.xtext,cardgame-dsl,https://github.com/TeresaTang98/cardgame-dsl,TeresaTang98
USE.xtext,XMIConverterForUSEPlugin,https://github.com/juliarobles/XMIConverterForUSEPlugin,juliarobles
Xturtle.xtext,ECSS,https://github.com/patrickneubauer/ECSS,patrickneubauer
NormalJobRuns_45onOneOf0.xtext,GitHubWorkflowDSL,https://github.com/lowcomote/GitHubWorkflowDSL,lowcomote
WML.xtext,ECSS,https://github.com/patrickneubauer/ECSS,patrickneubauer
Antlr4.xtext,ECSS,https://github.com/patrickneubauer/ECSS,patrickneubauer
Sculptordsl.xtext,ECSS,https://github.com/patrickneubauer/ECSS,patrickneubauer
spacetransportationservice_GEN_1567686192459.xtext,ECSS,https://github.com/patrickneubauer/ECSS,patrickneubauer
spacetransportationservice_GEN_1567686258500.xtext,ECSS,https://github.com/patrickneubauer/ECSS,patrickneubauer
KairosSystem.xtext,miniTutoGemocKairos,https://github.com/jdeantoni/miniTutoGemocKairos,jdeantoni
Yang.xtext,ECSS,https://github.com/patrickneubauer/ECSS,patrickneubauer
Module2.xtext,ECSS,https://github.com/patrickneubauer/ECSS,patrickneubauer
Service.xtext,XMLTextWork,https://github.com/thedjenny/XMLTextWork,thedjenny
ValDsl.xtext,acse-xtext-validation,https://github.com/wwu-pi/acse-xtext-validation,wwu-pi
Workflow.xtext,model-management-services,https://github.com/indamutsa/model-management-services,indamutsa
Elascript.xtext,ElaScript,https://github.com/EmrysMyrddin/ElaScript,EmrysMyrddin
ScelLight.xtext,jresp,https://github.com/hoelzl/jresp,hoelzl
Issue60.xtext,xtext-gradle-plugin-issue-60,https://github.com/cdietrich/xtext-gradle-plugin-issue-60,cdietrich
Editor.xtext,euclideanspace,https://github.com/martinbaker/euclideanspace,martinbaker
Jlanguage.xtext,Colleg-UENP,https://github.com/Jh0wjso/Colleg-UENP,Jh0wjso
Githubwf.xtext,GitHubWorkflowDSL,https://github.com/lowcomote/GitHubWorkflowDSL,lowcomote
Flora2Editor.xtext,flora2-eclipse,https://github.com/vital-ai/flora2-eclipse,vital-ai
spacetransportationservice_BASICAO_1567685656101.xtext,ECSS,https://github.com/patrickneubauer/ECSS,patrickneubauer
Assess.xtext,engage_dsl,https://github.com/yaelleC/engage_dsl,yaelleC
Ares.xtext,alwb-source,https://github.com/mcolburn/alwb-source,mcolburn
ContextDsl.xtext,rodin-b-sharp-iUML_B_Utils,https://github.com/weetmuts/rodin-b-sharp-iUML_B_Utils,weetmuts
PermissionsOneOf1.xtext,GitHubWorkflowDSL,https://github.com/lowcomote/GitHubWorkflowDSL,lowcomote
Survey.xtext,EclipseCon2014_XtextTutorial,https://github.com/meysholdt/EclipseCon2014_XtextTutorial,meysholdt
Survey.xtext,se_2015_dresden,https://github.com/meysholdt/se_2015_dresden,meysholdt
Sitemap.xtext,openhab,https://github.com/google-code-export/openhab,google-code-export
EmfSupportDsl.xtext,RichClientFX,https://github.com/chqu1012/RichClientFX,chqu1012
MyDsl.xtext,ats.testcc,https://github.com/AiC-Project/ats.testcc,AiC-Project
MyDsl.xtext,MyDsl,https://github.com/thedjenny/MyDsl,thedjenny
SpecDSL.xtext,specmate,https://github.com/qualicen/specmate,qualicen
SpecDSL.xtext,PA2558-specmate-2020,https://github.com/EriksKlotins/PA2558-specmate-2020,EriksKlotins
SpecDSL.xtext,PA2558-specmate-2020,https://github.com/EriksKlotins/PA2558-specmate-2020,EriksKlotins
LuceneFields.xtext,CodeFinder,https://github.com/tobiasb/CodeFinder,tobiasb
BashDSL.xtext,bashdsl,https://github.com/cokeSchlumpf/bashdsl,cokeSchlumpf
ENIGME.xtext,Enseeiht,https://github.com/kimokipo/Enseeiht,kimokipo
Rules.xtext,bcanhome-openhab,https://github.com/ANierbeck/bcanhome-openhab,ANierbeck
Rules.xtext,openhab,https://github.com/google-code-export/openhab,google-code-export
Guiexercice.xtext,IMT-DSL-Test,https://github.com/anaelChardan/IMT-DSL-Test,anaelChardan
MyDsl.xtext,Formal_Systems_Modeling,https://github.com/ahmadspm/Formal_Systems_Modeling,ahmadspm
Script.xtext,openhab-core,https://github.com/openhab/openhab-core,openhab
KerML.xtext,SysML-v2-Pilot-Implementation,https://github.com/Systems-Modeling/SysML-v2-Pilot-Implementation,Systems-Modeling
Dot.xtext,gef,https://github.com/eclipse/gef,eclipse
TacticDDDLanguage.xtext,context-mapper-dsl,https://github.com/ContextMapper/context-mapper-dsl,ContextMapper
Nabla.xtext,NabLab,https://github.com/cea-hpc/NabLab,cea-hpc
Route.xtext,seven-languages-xtext,https://github.com/xtext/seven-languages-xtext,xtext
Common.xtext,osate2,https://github.com/osate/osate2,osate
Clautext.xtext,ClauTextWithEclipse,https://github.com/vztpv/ClauTextWithEclipse,vztpv
RegularExpression.xtext,n4js,https://github.com/NumberFour/n4js,NumberFour
AppBuilder.xtext,MDSD,https://github.com/nteg/MDSD,nteg
Feature.xtext,raconteur,https://github.com/limadelic/raconteur,limadelic
ModelEditor.xtext,Sparrow,https://github.com/ioanaverebi/Sparrow,ioanaverebi
GRandom.xtext,KLighD,https://github.com/kieler/KLighD,kieler
SacmDsl.xtext,CertWare,https://github.com/nasa/CertWare,nasa
ProgramDsl.xtext,mita,https://github.com/eclipse/mita,eclipse
AADM.xtext,ide,https://github.com/SODALITE-EU/ide,SODALITE-EU
MyQvto.xtext,Pretty-Printer_Language-Analysis,https://github.com/joerg-holtmann/Pretty-Printer_Language-Analysis,joerg-holtmann
CtlXtext.xtext,foam-tool,https://github.com/d3sreq/foam-tool,d3sreq
City.xtext,Getaviz,https://github.com/softvis-research/Getaviz,softvis-research
TaskDSL.xtext,DES,https://github.com/LBoonstra/DES,LBoonstra
MROS.xtext,metacontrol_tooling,https://github.com/MROS-RobMoSys-ITP/metacontrol_tooling,MROS-RobMoSys-ITP
InlineEdit.xtext,xtext-sirius-integration,https://github.com/altran-mde/xtext-sirius-integration,altran-mde
MyPL-naive.xtext,Xtext2-DSLs,https://github.com/dslmeinte/Xtext2-DSLs,dslmeinte
Argument.xtext,meaningful-changes,https://github.com/yijunyu/meaningful-changes,yijunyu
RMDF.xtext,iac-modelling-doml,https://github.com/tasiomendez/iac-modelling-doml,tasiomendez
MyDsl.xtext,XtextPlayground,https://github.com/joergreichert/XtextPlayground,joergreichert
AltaRica.xtext,aadl2altarica,https://github.com/osate/aadl2altarica,osate
EgyDsl.xtext,bts,https://github.com/thesaurus-linguae-aegyptiae/bts,thesaurus-linguae-aegyptiae
OntologicalModelingLanguage.xtext,gov.nasa.jpl.imce.oml.specification.parent,https://github.com/JPL-IMCE/gov.nasa.jpl.imce.oml.specification.parent,JPL-IMCE
SimpleML.xtext,Simple-ML,https://github.com/Simple-ML/Simple-ML,Simple-ML
Entities.xtext,xtext,https://github.com/rmemory/xtext,rmemory
EntityDsl.xtext,Xtext-sandbox,https://github.com/nbhusare/Xtext-sandbox,nbhusare
Flux.xtext,metafacture-flux,https://github.com/metafacture/metafacture-flux,metafacture
SmallJava.xtext,xtextxtend-book-examples,https://github.com/fedorov-vk/xtextxtend-book-examples,fedorov-vk
Dm.xtext,dom4editor,https://github.com/larzm42/dom4editor,larzm42
Annotations.xtext,semantics,https://github.com/kieler/semantics,kieler
Dsl.xtext,MDSD,https://github.com/steffenschmitt1/MDSD,steffenschmitt1
Cdl.xtext,tecs-ide,https://github.com/PizzaFactory/tecs-ide,PizzaFactory
spacetransportationservice_NOAOBASIC_1567688840699.xtext,ECSS,https://github.com/patrickneubauer/ECSS,patrickneubauer
Yang.xtext,yang-lsp,https://github.com/TypeFox/yang-lsp,TypeFox
PDL.xtext,idm.miniprojet,https://github.com/gabrielaiji/idm.miniprojet,gabrielaiji
PDL1.xtext,Projet-IDM,https://github.com/guilhemmgt/Projet-IDM,guilhemmgt
Picobot.xtext,picobot-XText,https://github.com/hmc-cs111-fall2015/picobot-XText,hmc-cs111-fall2015
Block.xtext,xtext-tips,https://github.com/idiomaticsoft/xtext-tips,idiomaticsoft
Statemachine.xtext,dslforge,https://github.com/plugbee/dslforge,plugbee
Adl.xtext,sandboxes,https://github.com/MIND-Tools/sandboxes,MIND-Tools
basic_MGEN 1563557491580.xtext,ECSS,https://github.com/patrickneubauer/ECSS,patrickneubauer
basic_MGEN 1563557045692.xtext,ECSS,https://github.com/patrickneubauer/ECSS,patrickneubauer
OCLstdlib.xtext,frsl-1.0.0,https://github.com/vnu-frsl/frsl-1.0.0,vnu-frsl
TargetPlatform.xtext,SmartMDSD-Toolchain,https://github.com/Servicerobotics-Ulm/SmartMDSD-Toolchain,Servicerobotics-Ulm
AspectLang.xtext,instrumentation-languages,https://github.com/kieker-monitoring/instrumentation-languages,kieker-monitoring
Foo.xtext,gethandly.0,https://github.com/pisv/gethandly.0,pisv
Companies_xtextStyle.xtext,cs2as,https://github.com/adolfosbh/cs2as,adolfosbh
Bonanza.xtext,BonanzaDSL,https://github.com/kidylee/BonanzaDSL,kidylee
Protobuf.xtext,Model-driven-Pretty-Printer-for-Xtext-Framework,https://github.com/mn-mikke/Model-driven-Pretty-Printer-for-Xtext-Framework,mn-mikke
GithubwfRootOnOneOf2.xtext,GitHubWorkflowDSL,https://github.com/lowcomote/GitHubWorkflowDSL,lowcomote
DeviceModelingLanguage.xtext,devicemodel,https://github.com/mdcf/devicemodel,mdcf
KerMLExpressions.xtext,SysML-v2-Pilot-Implementation,https://github.com/Systems-Modeling/SysML-v2-Pilot-Implementation,Systems-Modeling
Jenkins.xtext,ecore,https://github.com/zakaria68K/ecore,zakaria68K
GdmLang.xtext,mortadelo,https://github.com/alfonsodelavega/mortadelo,alfonsodelavega
BrowserAutomation.xtext,browser-automation,https://github.com/jonag/browser-automation,jonag
RosInterfacesPool.xtext,SeRoNet-Tooling-ROS-Mixed-Port,https://github.com/seronet-project/SeRoNet-Tooling-ROS-Mixed-Port,seronet-project
LinguaFranca.xtext,lingua-franca-nogil,https://github.com/jackyk02/lingua-franca-nogil,jackyk02
Fastbld.xtext,NDT,https://github.com/cooked/NDT,cooked
Abat.xtext,Abat,https://github.com/yanntm/Abat,yanntm
ClassDiagram.xtext,ECSS,https://github.com/patrickneubauer/ECSS,patrickneubauer
game.xtext,Enseeiht,https://github.com/kimokipo/Enseeiht,kimokipo
PDL1.xtext,N7_Projet-IDM,https://github.com/Dayonixe/N7_Projet-IDM,Dayonixe
PML.xtext,ARTIST,https://github.com/artist-project/ARTIST,artist-project
spacetransportationservice_GENNOWS_1563436354236.xtext,ECSS,https://github.com/patrickneubauer/ECSS,patrickneubauer
spacetransportationservice_GENNOAO_1562937385255.xtext,ECSS,https://github.com/patrickneubauer/ECSS,patrickneubauer
spacetransportationservice_GENNOWS_1562937916976.xtext,ECSS,https://github.com/patrickneubauer/ECSS,patrickneubauer
MyDsl.xtext,Kanoa,https://github.com/Gricel-lee/Kanoa,Gricel-lee
ExprDemo.xtext,Model-driven-Pretty-Printer-for-Xtext-Framework,https://github.com/mn-mikke/Model-driven-Pretty-Printer-for-Xtext-Framework,mn-mikke
Expressions.xtext,xtextxtend-book-examples,https://github.com/fedorov-vk/xtextxtend-book-examples,fedorov-vk
Vodsl.xtext,vodsl,https://github.com/pahjbo/vodsl,pahjbo
TextualWorkbench.xtext,e4dsl,https://github.com/meysholdt/e4dsl,meysholdt
MyDsl.xtext,farmingdsl,https://github.com/HamedKaramoko/farmingdsl,HamedKaramoko
EbnfLang.xtext,ebnfworkbench,https://github.com/UnibgInfo3A/ebnfworkbench,UnibgInfo3A
PCTL.xtext,CoWolf,https://github.com/CoWolf/CoWolf,CoWolf
Draft7.xtext,JSON-Schema-to-internal-DSL,https://github.com/jonaslagoni/JSON-Schema-to-internal-DSL,jonaslagoni
Jeu.xtext,ENSEEIHT,https://github.com/Badr-sajid/ENSEEIHT,Badr-sajid
JbaseTestlanguage.xtext,jbase,https://github.com/LorenzoBettini/jbase,LorenzoBettini
FeatureLang.xtext,feature-dsl-tools,https://github.com/modicio/feature-dsl-tools,modicio
NeoKappa.xtext,BioPMFramework,https://github.com/Echtzeitsysteme/BioPMFramework,Echtzeitsysteme
SmachDSL.xtext,bride,https://github.com/ipa320/bride,ipa320
MetricDSL.xtext,Extractor,https://github.com/CloudScale-Project/Extractor,CloudScale-Project
TggInterpreterConfig.xtext,Henshin-Editor,https://github.com/de-tu-berlin-tfs/Henshin-Editor,de-tu-berlin-tfs
Tao.xtext,eclectic,https://github.com/jesusc/eclectic,jesusc
XtextDsl.xtext,RAPID-ML,https://github.com/RepreZen/RAPID-ML,RepreZen
TargetModel.xtext,Overtarget,https://github.com/DLR-SC/Overtarget,DLR-SC
Aspect.xtext,dyn_adapt,https://github.com/supersede-project/dyn_adapt,supersede-project
SLL.xtext,sll-xtext,https://github.com/ilya-klyuchnikov/sll-xtext,ilya-klyuchnikov
basic_MGEN 1563557207314.xtext,ECSS,https://github.com/patrickneubauer/ECSS,patrickneubauer
Property.xtext,Corretto,https://github.com/deib-polimi/Corretto,deib-polimi
Hummingbird.xtext,dslforge,https://github.com/plugbee/dslforge,plugbee
EMFPatternLanguage.xtext,org.eclipse.incquery,https://github.com/siliconbrain/org.eclipse.incquery,siliconbrain
ControlDSL.xtext,example-ControlOptionDSL,https://github.com/zs6jce/example-ControlOptionDSL,zs6jce
RefOneOf0.xtext,GitHubWorkflowDSL,https://github.com/lowcomote/GitHubWorkflowDSL,lowcomote
PDL.xtext,IDM_ENSEEIHT_S7,https://github.com/Roropey/IDM_ENSEEIHT_S7,Roropey
MonetModelingLanguage.xtext,monet,https://github.com/ulpgc-siani/monet,ulpgc-siani
Expressions.xtext,packtpub-xtext-book-examples,https://github.com/LorenzoBettini/packtpub-xtext-book-examples,LorenzoBettini
Assignments.xtext,Model-driven-Pretty-Printer-for-Xtext-Framework,https://github.com/mn-mikke/Model-driven-Pretty-Printer-for-Xtext-Framework,mn-mikke
VideoGen.xtext,teaching-MDE-MIAGE1819,https://github.com/acherm/teaching-MDE-MIAGE1819,acherm
Web.xtext,php.ware.web,https://github.com/davidmpaz/php.ware.web,davidmpaz
Tw.xtext,twitterIM,https://github.com/ilyassazaroual/twitterIM,ilyassazaroual
UppaalXML.xtext,uppaal,https://github.com/uppaal-emf/uppaal,uppaal-emf
FLATMCAD.xtext,micobs,https://github.com/parraman/micobs,parraman
MyAsm.xtext,CompilerProject,https://github.com/diegoado/CompilerProject,diegoado
RuleEngine.xtext,xtext-gen-extension,https://github.com/Lzgpom/xtext-gen-extension,Lzgpom
FractalItf.xtext,sandboxes,https://github.com/MIND-Tools/sandboxes,MIND-Tools
QL.xtext,endless-ql,https://github.com/software-engineering-amsterdam/endless-ql,software-engineering-amsterdam
Protobuf.xtext,Model-driven-Pretty-Printer-for-Xtext-Framework,https://github.com/mn-mikke/Model-driven-Pretty-Printer-for-Xtext-Framework,mn-mikke
Expressions.xtext,eclectic,https://github.com/jesusc/eclectic,jesusc
JBehaveStory.xtext,jbehave,https://github.com/cheleb/jbehave,cheleb
FSMDsl.xtext,sle16,https://github.com/grammarware/sle16,grammarware
Domainmodel_noop.xtext,Stuff,https://github.com/holgerschill/Stuff,holgerschill
AuditLog.xtext,DSALs,https://github.com/OpenUniversity/DSALs,OpenUniversity
Gui.xtext,IMT-GUI-DSL,https://github.com/alexisrobin/IMT-GUI-DSL,alexisrobin
CrudDsl.xtext,bugfree-octo-tyrion,https://github.com/Dagefoerde/bugfree-octo-tyrion,Dagefoerde
Boa.xtext,ale-lang-compiler,https://github.com/gemoc/ale-lang-compiler,gemoc
SimplePDL.xtext,ENSEEIHT,https://github.com/flogaribal/ENSEEIHT,flogaribal
isda.xtext,protocol,https://github.com/freight-trust/protocol,freight-trust
CartridgeDsl.xtext,xmdlab,https://github.com/abes140377/xmdlab,abes140377
StsLanguageDefault.xtext,ECSS,https://github.com/patrickneubauer/ECSS,patrickneubauer
Minitl.xtext,minitl,https://github.com/tetrabox/minitl,tetrabox
DefaultBoxModelDefinition.xtext,Model-driven-Pretty-Printer-for-Xtext-Framework,https://github.com/mn-mikke/Model-driven-Pretty-Printer-for-Xtext-Framework,mn-mikke
Vm.xtext,ViViD-2.0,https://github.com/jagalindo/ViViD-2.0,jagalindo
MusicDsl.xtext,MusicDsl,https://github.com/oliverablagojevic/MusicDsl,oliverablagojevic
Express.xtext,emoflon-ibex-tests,https://github.com/eMoflon/emoflon-ibex-tests,eMoflon
Thing.xtext,smarthome,https://github.com/eric-erki/smarthome,eric-erki
Sparql.xtext,RDFXtext,https://github.com/klusyu/RDFXtext,klusyu
UISemanticsGrammar.xtext,lunifera-ecview-addons,https://github.com/lunifera/lunifera-ecview-addons,lunifera
ThingDescriptionJson.xtext,wot-toolkit,https://github.com/SOM-Research/wot-toolkit,SOM-Research
GraphqlXtext.xtext,graphQL-xtext-grammar,https://github.com/SOM-Research/graphQL-xtext-grammar,SOM-Research
WHILE.xtext,Henshin-Editor,https://github.com/de-tu-berlin-tfs/Henshin-Editor,de-tu-berlin-tfs
ServicesGrammar.xtext,lunifera-dsl,https://github.com/lunifera/lunifera-dsl,lunifera
Mkl.xtext,mkl,https://github.com/lobokoch/mkl,lobokoch
Persistence.xtext,openhab-hdl,https://github.com/andrey-desman/openhab-hdl,andrey-desman
Xturtle.xtext,Xturtle,https://github.com/AKSW/Xturtle,AKSW
ReusableWorkflowCallJobSecretsOneOf0.xtext,GitHubWorkflowDSL,https://github.com/lowcomote/GitHubWorkflowDSL,lowcomote
KTrace.xtext,semantics,https://github.com/kieler/semantics,kieler
XObjects.xtext,XObjects,https://github.com/vorburger/XObjects,vorburger
Modelica.xtext,xmodelica,https://github.com/jgoppert/xmodelica,jgoppert
WebIDL.xtext,webidl2ecore,https://github.com/rektide/webidl2ecore,rektide
Domainmodel.xtext,Xtext_Xtend_HTML_Generator,https://github.com/fatalerrortan/Xtext_Xtend_HTML_Generator,fatalerrortan
PDL.xtext,GLS_G111,https://github.com/Elystria/GLS_G111,Elystria
BookingDSL.xtext,bookingDSLIndividuel,https://github.com/UlrikSandberg/bookingDSLIndividuel,UlrikSandberg
PropSpec.xtext,HybridSynchAADL,https://github.com/hybridsynchaadl/HybridSynchAADL,hybridsynchaadl
ReusableWorkflowCallJobConcurrencyOneOf1.xtext,GitHubWorkflowDSL,https://github.com/lowcomote/GitHubWorkflowDSL,lowcomote
MyDsl.xtext,xtext-serializer-issue-example,https://github.com/jwachter/xtext-serializer-issue-example,jwachter
Firewalll.xtext,firewall-dsls-externos-xtext,https://github.com/uqbar-paco/firewall-dsls-externos-xtext,uqbar-paco
spacetransportationservice_GENNOWS_1563225319137.xtext,ECSS,https://github.com/patrickneubauer/ECSS,patrickneubauer
PP2.xtext,ECSS,https://github.com/patrickneubauer/ECSS,patrickneubauer
Dependency.xtext,SmartDG-DSL,https://github.com/Servicerobotics-Ulm/SmartDG-DSL,Servicerobotics-Ulm
Yang.xtext,ECSS,https://github.com/patrickneubauer/ECSS,patrickneubauer
Student.xtext,Eclipse-Plug-Ins,https://github.com/vihanga-liyanage/Eclipse-Plug-Ins,vihanga-liyanage
ViewDsl.xtext,eTool,https://github.com/spillay/eTool,spillay
ComponentDatasheet.xtext,SmartMDSD-Toolchain,https://github.com/Servicerobotics-Ulm/SmartMDSD-Toolchain,Servicerobotics-Ulm
GridGame.xtext,GridGames,https://github.com/szschaler/GridGames,szschaler
UiMockupLanguage.xtext,MDE_Mario_NEW,https://github.com/mariobyebye1/MDE_Mario_NEW,mariobyebye1
Turtles.xtext,demo-activity,https://github.com/wbdemo/demo-activity,wbdemo
Go.xtext,compilanovo,https://github.com/antunesdantass/compilanovo,antunesdantass
Entities.xtext,xtext-emacs-lsp-demo,https://github.com/rudi/xtext-emacs-lsp-demo,rudi
KiBuild.xtext,semantics,https://github.com/kieler/semantics,kieler
Mapper.xtext,objcgenerator,https://github.com/tomsontom/objcgenerator,tomsontom
LTL.xtext,benchmark-challenge-2018,https://github.com/runtime-verification/benchmark-challenge-2018,runtime-verification
PoST.xtext,post_core,https://github.com/v-bashev/post_core,v-bashev
EDeltaLang.xtext,EMFMigrate,https://github.com/MDEGroup/EMFMigrate,MDEGroup
game.xtext,ENSEEIHT,https://github.com/MOUDDENEHamza/ENSEEIHT,MOUDDENEHamza
DependencyDsl.xtext,polyglot-maven,https://github.com/deepin-community/polyglot-maven,deepin-community
NormalJobStrategyMatrixAdditionalPropertiesOneOf0.xtext,GitHubWorkflowDSL,https://github.com/lowcomote/GitHubWorkflowDSL,lowcomote
spacetransportationservice_GENNOWS_1562940757399.xtext,ECSS,https://github.com/patrickneubauer/ECSS,patrickneubauer
SolverLanguage.xtext,VIATRA-Generator,https://github.com/viatra/VIATRA-Generator,viatra
PDL2.xtext,enseeiht,https://github.com/kingdoublegui/enseeiht,kingdoublegui
SmallUML.xtext,SmallUML,https://github.com/P1erreGaultier/SmallUML,P1erreGaultier
USFLanguage.xtext,usf_safetymodeler,https://github.com/universalsafetyformat/usf_safetymodeler,universalsafetyformat
WPDsl.xtext,WordPress-Plugin-DSL,https://github.com/jcabot/WordPress-Plugin-DSL,jcabot
UmlTransition.xtext,Papyrus-1.0-M5-DevSourceSet,https://github.com/ApexSoft/Papyrus-1.0-M5-DevSourceSet,ApexSoft
SystemParameter.xtext,SmartMDSD-Toolchain,https://github.com/Servicerobotics-Ulm/SmartMDSD-Toolchain,Servicerobotics-Ulm
FitLang.xtext,fitoptivis-dsl,https://github.com/smartarch/fitoptivis-dsl,smartarch
Tinyscript.xtext,tinyscript,https://github.com/mabauer/tinyscript,mabauer
Yang.xtext,ECSS,https://github.com/patrickneubauer/ECSS,patrickneubauer
game.xtext,ENSEEIHT,https://github.com/Badr-sajid/ENSEEIHT,Badr-sajid
Dot.xtext,zest,https://github.com/ujhelyiz/zest,ujhelyiz
COV.xtext,Coverage4DSLs,https://github.com/Faezeh-Kh/Coverage4DSLs,Faezeh-Kh
Xturtle.xtext,ECSS,https://github.com/patrickneubauer/ECSS,patrickneubauer
TorXakisDsl.xtext,SupportEclipse,https://github.com/TorXakis/SupportEclipse,TorXakis
UniMapperGenerator.xtext,UniMapperGenerator,https://github.com/UnicoenProject/UniMapperGenerator,UnicoenProject
spacetransportationservice_GEN_1562937096122.xtext,ECSS,https://github.com/patrickneubauer/ECSS,patrickneubauer
TCHEADER.xtext,gss-eclipse,https://github.com/uah-srg-tech/gss-eclipse,uah-srg-tech
FSM.xtext,ModelingCrashCourse,https://github.com/gemoc/ModelingCrashCourse,gemoc
Postscript.xtext,psdt,https://github.com/thomas-fritsch/psdt,thomas-fritsch
BlendedWorkflow.xtext,blended-workflow,https://github.com/socialsoftware/blended-workflow,socialsoftware
Base.xtext,frsl-1.0.0,https://github.com/vnu-frsl/frsl-1.0.0,vnu-frsl
Lambda.xtext,xsemantics,https://github.com/eclipse/xsemantics,eclipse
CheckCfg.xtext,dsl-devkit,https://github.com/dsldevkit/dsl-devkit,dsldevkit
QueryDsl.xtext,query,https://github.com/indamutsa/query,indamutsa
SmDsl.xtext,com.systemassembly.sm.dsl.parent,https://github.com/gvergine/com.systemassembly.sm.dsl.parent,gvergine
RIMDsl.xtext,IRIS,https://github.com/JangidUK/IRIS,JangidUK
Script.xtext,opensmarthouse-core,https://github.com/opensmarthouse/opensmarthouse-core,opensmarthouse
MROS.xtext,metacontrol_tooling,https://github.com/MROS-RobMoSys-ITP/metacontrol_tooling,MROS-RobMoSys-ITP
EgyDsl.xtext,bts,https://github.com/thesaurus-linguae-aegyptiae/bts,thesaurus-linguae-aegyptiae
EntityDsl.xtext,Xtext-sandbox,https://github.com/nbhusare/Xtext-sandbox,nbhusare
spacetransportationservice_NOAOBASIC_1567687280084.xtext,ECSS,https://github.com/patrickneubauer/ECSS,patrickneubauer
PDL.xtext,idm.miniprojet,https://github.com/gabrielaiji/idm.miniprojet,gabrielaiji
Block.xtext,xtext-tips,https://github.com/idiomaticsoft/xtext-tips,idiomaticsoft
Block.xtext,xtext-tips,https://github.com/idiomaticsoft/xtext-tips,idiomaticsoft
Statemachine.xtext,Generic-Graph-View,https://github.com/JanKoehnlein/Generic-Graph-View,JanKoehnlein
Statemachine.xtext,Xtext-Sirius-integration,https://github.com/ObeoNetwork/Xtext-Sirius-integration,ObeoNetwork
Statemachine.xtext,Permet,https://github.com/joergreichert/Permet,joergreichert
Statemachine.xtext,Gama-Cloud,https://github.com/tung18tht/Gama-Cloud,tung18tht
Foo.xtext,gethandly.1st,https://github.com/pisv/gethandly.1st,pisv
Foo.xtext,handly-playground,https://github.com/pisv/handly-playground,pisv
Foo.xtext,gethandly.2nd,https://github.com/pisv/gethandly.2nd,pisv
Foo.xtext,gethandly.3rd,https://github.com/pisv/gethandly.3rd,pisv
GithubwfRootOnOneOf2.xtext,GitHubWorkflowDSL,https://github.com/lowcomote/GitHubWorkflowDSL,lowcomote
DeviceModelingLanguage.xtext,devicemodel,https://github.com/mdcf/devicemodel,mdcf
Jenkins.xtext,ecore,https://github.com/zakaria68K/ecore,zakaria68K
ClassDiagram.xtext,ECSS,https://github.com/patrickneubauer/ECSS,patrickneubauer
PDL1.xtext,N7_Projet-IDM,https://github.com/Dayonixe/N7_Projet-IDM,Dayonixe
PML.xtext,ARTIST-NFRVT,https://github.com/artist-project/ARTIST-NFRVT,artist-project
spacetransportationservice_GENNOWS_1562937568531.xtext,ECSS,https://github.com/patrickneubauer/ECSS,patrickneubauer
MyDsl.xtext,Kanoa,https://github.com/Gricel-lee/Kanoa,Gricel-lee
SmachDSL.xtext,bride,https://github.com/ipa320/bride,ipa320
RefOneOf0.xtext,GitHubWorkflowDSL,https://github.com/lowcomote/GitHubWorkflowDSL,lowcomote
MonetModelingLanguage.xtext,monet,https://github.com/ulpgc-siani/monet,ulpgc-siani
MonetModelingLanguage.xtext,monet,https://github.com/ulpgc-siani/monet,ulpgc-siani
VideoGen.xtext,teaching-MDE-MIAGE1819,https://github.com/acherm/teaching-MDE-MIAGE1819,acherm
Tw.xtext,twitterIM,https://github.com/ilyassazaroual/twitterIM,ilyassazaroual
Protobuf.xtext,Model-driven-Pretty-Printer-for-Xtext-Framework,https://github.com/mn-mikke/Model-driven-Pretty-Printer-for-Xtext-Framework,mn-mikke
CrudDsl.xtext,bugfree-octo-tyrion,https://github.com/Dagefoerde/bugfree-octo-tyrion,Dagefoerde
StsLanguageDefault.xtext,ECSS,https://github.com/patrickneubauer/ECSS,patrickneubauer
Minitl.xtext,MiniTL,https://github.com/NaoMod/MiniTL,NaoMod
MusicDsl.xtext,MusicDsl,https://github.com/oliverablagojevic/MusicDsl,oliverablagojevic
Persistence.xtext,bcanhome-openhab,https://github.com/ANierbeck/bcanhome-openhab,ANierbeck
Persistence.xtext,openhab,https://github.com/google-code-export/openhab,google-code-export
Xturtle.xtext,ECSS,https://github.com/patrickneubauer/ECSS,patrickneubauer
ReusableWorkflowCallJobSecretsOneOf0.xtext,GitHubWorkflowDSL,https://github.com/lowcomote/GitHubWorkflowDSL,lowcomote
PDL.xtext,GLS_G111,https://github.com/Elystria/GLS_G111,Elystria
PropSpec.xtext,hybridsynchaadl.github.io,https://github.com/hybridsynchaadl/hybridsynchaadl.github.io,hybridsynchaadl
PropSpec.xtext,hybridsynchaadl.github.io,https://github.com/hybridsynchaadl/hybridsynchaadl.github.io,hybridsynchaadl
ReusableWorkflowCallJobConcurrencyOneOf1.xtext,GitHubWorkflowDSL,https://github.com/lowcomote/GitHubWorkflowDSL,lowcomote
PP.xtext,ECSS,https://github.com/patrickneubauer/ECSS,patrickneubauer
Yang.xtext,ECSS,https://github.com/patrickneubauer/ECSS,patrickneubauer
UiMockupLanguage.xtext,MDE_Mario_NEW,https://github.com/mariobyebye1/MDE_Mario_NEW,mariobyebye1
Turtles.xtext,educationplatform-examples,https://github.com/mdenet/educationplatform-examples,mdenet
LTL.xtext,benchmark-challenge-2018,https://github.com/runtime-verification/benchmark-challenge-2018,runtime-verification
PoST.xtext,post_core,https://github.com/v-bashev/post_core,v-bashev
NormalJobStrategyMatrixAdditionalPropertiesOneOf0.xtext,GitHubWorkflowDSL,https://github.com/lowcomote/GitHubWorkflowDSL,lowcomote
SmallUML.xtext,SmallUML,https://github.com/P1erreGaultier/SmallUML,P1erreGaultier
Xturtle.xtext,ECSS,https://github.com/patrickneubauer/ECSS,patrickneubauer
spacetransportationservice_GEN_1562936895483.xtext,ECSS,https://github.com/patrickneubauer/ECSS,patrickneubauer
QueryDsl.xtext,query,https://github.com/indamutsa/query,indamutsa
Thing.xtext,openhab-core,https://github.com/openhab/openhab-core,openhab
PureXbase.xtext,xtext,https://github.com/eclipse/xtext,eclipse
Sculptordsl.xtext,sculptor,https://github.com/sculptor/sculptor,sculptor
FrancaIDL.xtext,franca,https://github.com/franca/franca,franca
Famix.xtext,Getaviz,https://github.com/softvis-research/Getaviz,softvis-research
School.xtext,packtpub-xtext-book-2nd-examples,https://github.com/LorenzoBettini/packtpub-xtext-book-2nd-examples,LorenzoBettini
SADL.xtext,sadl,https://github.com/SemanticApplicationDesignLanguage/sadl,SemanticApplicationDesignLanguage
OCCI.xtext,OCCI-Studio,https://github.com/occiware/OCCI-Studio,occiware
Gherkin.xtext,xgherkin,https://github.com/sebastianbenz/xgherkin,sebastianbenz
PDL1.xtext,ENSEEIHT,https://github.com/MOUDDENEHamza/ENSEEIHT,MOUDDENEHamza
HeroLanguage.xtext,maven-xtext-example,https://github.com/xtext/maven-xtext-example,xtext
Calculator.xtext,xtext-lsp-workshop,https://github.com/svenefftinge/xtext-lsp-workshop,svenefftinge
Kdl.xtext,klab,https://github.com/integratedmodelling/klab,integratedmodelling
BonScript.xtext,bonaparte-dsl,https://github.com/jpaw/bonaparte-dsl,jpaw
BoxModel.xtext,Model-driven-Pretty-Printer-for-Xtext-Framework,https://github.com/mn-mikke/Model-driven-Pretty-Printer-for-Xtext-Framework,mn-mikke
Efforts.xtext,graphite,https://github.com/epsilonlabs/graphite,epsilonlabs
Eso.xtext,semantics,https://github.com/kieler/semantics,kieler
Spec.xtext,Gauge-Eclipse,https://github.com/getgauge-contrib/Gauge-Eclipse,getgauge-contrib
IFACE.xtext,micobs,https://github.com/parraman/micobs,parraman
ActivityDiagram.xtext,melange-examples,https://github.com/diverse-project/melange-examples,diverse-project
RdfMapping.xtext,xrm,https://github.com/zazuko/xrm,zazuko
MathDSL.xtext,jmhmathexample,https://github.com/max-leuthaeuser/jmhmathexample,max-leuthaeuser
BxAuthZ.xtext,bxauthz,https://github.com/lmontrieux/bxauthz,lmontrieux
EventObjectOneOf1.xtext,GitHubWorkflowDSL,https://github.com/lowcomote/GitHubWorkflowDSL,lowcomote
Database.xtext,TVTDatabaseEditor,https://github.com/TVTower/TVTDatabaseEditor,TVTower
FcDsl.xtext,Palladio-Addons-PerOpteryx,https://github.com/PalladioSimulator/Palladio-Addons-PerOpteryx,PalladioSimulator
Specs.xtext,galen_ide,https://github.com/hypery2k/galen_ide,hypery2k
TurtleBotMissionDSL.xtext,wasp-mbse,https://github.com/kribe48/wasp-mbse,kribe48
ReusableWorkflowCallJobSecretsOneOf1.xtext,GitHubWorkflowDSL,https://github.com/lowcomote/GitHubWorkflowDSL,lowcomote
TC.xtext,gss-eclipse,https://github.com/uah-srg-tech/gss-eclipse,uah-srg-tech
MML.xtext,Modelsward2018,https://github.com/davidmilward/Modelsward2018,davidmilward
JavaFXDsl.xtext,RichClientFX,https://github.com/chqu1012/RichClientFX,chqu1012
Trek.xtext,trek,https://github.com/metableorg/trek,metableorg
Xss.xtext,CodeXcessXtext,https://github.com/gcubar/CodeXcessXtext,gcubar
ConditionDSL.xtext,X-MAN-TOOLSET,https://github.com/drSD/X-MAN-TOOLSET,drSD
WreslEditor.xtext,wrims,https://github.com/CentralValleyModeling/wrims,CentralValleyModeling
Businessdomain.xtext,mod4j,https://github.com/codehaus/mod4j,codehaus
TCTEMPLATE.xtext,verification,https://github.com/uah-srg-tech/verification,uah-srg-tech
spacetransportationservice_GEN_1563226828376.xtext,ECSS,https://github.com/patrickneubauer/ECSS,patrickneubauer
Model.xtext,veraPDF-model-syntax,https://github.com/veraPDF/veraPDF-model-syntax,veraPDF
SqliteModel.xtext,mechanoid,https://github.com/robotoworks/mechanoid,robotoworks
NormalJobContainerOneOf1.xtext,GitHubWorkflowDSL,https://github.com/lowcomote/GitHubWorkflowDSL,lowcomote
Ck2Terminals.xtext,ck2xtext,https://github.com/rquinio/ck2xtext,rquinio
ConPlan.xtext,xtext-example-conplan,https://github.com/itemis/xtext-example-conplan,itemis
Cal.xtext,orcc,https://github.com/orcc/orcc,orcc
SAPL.xtext,sapl-policy-engine,https://github.com/heutelbeck/sapl-policy-engine,heutelbeck
SystemDatasheet.xtext,SmartMDSD-Toolchain,https://github.com/Servicerobotics-Ulm/SmartMDSD-Toolchain,Servicerobotics-Ulm
Lang.xtext,XtextCon_Xcore_Maven,https://github.com/holgerschill/XtextCon_Xcore_Maven,holgerschill
RepreZenTerminals.xtext,RAPID-ML,https://github.com/RepreZen/RAPID-ML,RepreZen
SLEEC.xtext,SLEECVAL,https://github.com/SLEEC-project/SLEECVAL,SLEEC-project
Sbsml.xtext,SBSML,https://github.com/MDSE-TeachingCases/SBSML,MDSE-TeachingCases
AmbiguityDsl.xtext,Xtext1-DSLs,https://github.com/dslmeinte/Xtext1-DSLs,dslmeinte
Dsl.xtext,SmartDBE,https://github.com/Servicerobotics-Ulm/SmartDBE,Servicerobotics-Ulm
car.xtext,ECSS,https://github.com/patrickneubauer/ECSS,patrickneubauer
MyDsl.xtext,Resource,https://github.com/Map1e-fans/Resource,Map1e-fans
Persistence.xtext,openhab-core,https://github.com/openhab/openhab-core,openhab
Avalla.xtext,asmeta,https://github.com/asmeta/asmeta,asmeta
SpringFluentDSL.xtext,SpringFluentDSL-Code-in-Harmony,https://github.com/AbderrazzakNfissi/SpringFluentDSL-Code-in-Harmony,AbderrazzakNfissi
Eval.xtext,yamm,https://github.com/yetanothermetamodelmodel/yamm,yetanothermetamodelmodel
EventPatternLanguage.xtext,EMF-IncQuery-Addons,https://github.com/viatra/EMF-IncQuery-Addons,viatra
Math.xtext,mdsd-math-interpreter,https://github.com/priebek/mdsd-math-interpreter,priebek
BehaviorTree.xtext,MIRON-Modeling-Tools,https://github.com/MiRON-project/MIRON-Modeling-Tools,MiRON-project
PmDsl.xtext,graphics-procedural-modeling,https://github.com/mgsx-dev/graphics-procedural-modeling,mgsx-dev
Mmlg.xtext,mmlg,https://github.com/acherm/mmlg,acherm
EJSL.xtext,JooMDD,https://github.com/thm-mni-ii/JooMDD,thm-mni-ii
A.xtext,XMLIntellEdit,https://github.com/patrickneubauer/XMLIntellEdit,patrickneubauer
Mathdsl.xtext,DSLs,https://github.com/Samirez/DSLs,Samirez
Calculette.xtext,dsl-calculette,https://github.com/rsommerard/dsl-calculette,rsommerard
TargetMapping.xtext,alpha-language,https://github.com/CSU-CS-Melange/alpha-language,CSU-CS-Melange
States.xtext,sprotty-vscode,https://github.com/eclipse-sprotty/sprotty-vscode,eclipse-sprotty
Vm.xtext,VM-language,https://github.com/FAMILIAR-project/VM-language,FAMILIAR-project
Expressions.xtext,de.cau.cs.kieler,https://github.com/imace/de.cau.cs.kieler,imace
Didi.xtext,Data-Centric-DSL-TUES-Project,https://github.com/georgi-ivanov-tues/Data-Centric-DSL-TUES-Project,georgi-ivanov-tues
StructuredText.xtext,4DIAC,https://github.com/ThomasKurz/4DIAC,ThomasKurz
UmlDsl.xtext,xtext-uml-example,https://github.com/cdietrich/xtext-uml-example,cdietrich
DSL.xtext,commons,https://github.com/richwps/commons,richwps
ServiceCutterConfigurationDSL.xtext,context-mapper-dsl,https://github.com/ContextMapper/context-mapper-dsl,ContextMapper
Texlik.xtext,dynamicobjects,https://github.com/TheProjecter/dynamicobjects,TheProjecter
SeleniumDsl.xtext,IMt-A3-DSL-Selenium-Automation,https://github.com/CodeOne45/IMt-A3-DSL-Selenium-Automation,CodeOne45
Yaml.xtext,tosca-yaml-lsp,https://github.com/raghvendra-v/tosca-yaml-lsp,raghvendra-v
MDSC3.xtext,mdsc3,https://github.com/stmork/mdsc3,stmork
Population.xtext,jSAM,https://github.com/Quanticol/jSAM,Quanticol
Rule.xtext,cellularautomata,https://github.com/dvojtise/cellularautomata,dvojtise
PP.xtext,modinfo,https://github.com/kbrezina/modinfo,kbrezina
Inlineedit.xtext,xtext-sirius-integration,https://github.com/altran-mde/xtext-sirius-integration,altran-mde
SomeDsl.xtext,xtext4roo,https://github.com/colameo/xtext4roo,colameo
PDL.xtext,ENSEEIHT,https://github.com/Yahya-Younes/ENSEEIHT,Yahya-Younes
NormalJobRuns_45onOneOf1AnyOf2.xtext,GitHubWorkflowDSL,https://github.com/lowcomote/GitHubWorkflowDSL,lowcomote
EGov.xtext,eTool,https://github.com/spillay/eTool,spillay
Sattl.xtext,SAT-DSLmorphic,https://github.com/diverse-project/SAT-DSLmorphic,diverse-project
PropositionalLogicXtext.xtext,foam-tool,https://github.com/d3sreq/foam-tool,d3sreq
EnvOneOf0AdditionalPropertiesOneOf0.xtext,GitHubWorkflowDSL,https://github.com/lowcomote/GitHubWorkflowDSL,lowcomote
EnvOneOf0AdditionalPropertiesOneOf1.xtext,GitHubWorkflowDSL,https://github.com/lowcomote/GitHubWorkflowDSL,lowcomote
PDL3.xtext,Projet-IDM,https://github.com/guilhemmgt/Projet-IDM,guilhemmgt
Events.xtext,ArchiCorC2,https://github.com/KIT-TVA/ArchiCorC2,KIT-TVA
RulesLanguage.xtext,esp,https://github.com/daniele-canavese/esp,daniele-canavese
Arithmetics.xtext,codegeneration-goodies-demos,https://github.com/meysholdt/codegeneration-goodies-demos,meysholdt
InformationModel.xtext,vorto,https://github.com/eclipse/vorto,eclipse
Qegal.xtext,qegal,https://github.com/softlang/qegal,softlang
spacetransportationservice_GENNOWS_1563298479797.xtext,ECSS,https://github.com/patrickneubauer/ECSS,patrickneubauer
Expression.xtext,composer-language-server,https://github.com/nmaoez/composer-language-server,nmaoez
Symboleo.xtext,Symboleo-IDE,https://github.com/Smart-Contract-Modelling-uOttawa/Symboleo-IDE,Smart-Contract-Modelling-uOttawa
IDoc.xtext,VClipse,https://github.com/webXcerpt/VClipse,webXcerpt
DataflowDSL.xtext,ttc2016-live,https://github.com/TransformationToolContest/ttc2016-live,TransformationToolContest
Ocl.xtext,ocl-xtext,https://github.com/GiordanoT/ocl-xtext,GiordanoT
SiriusTextDsl.xtext,SiriusText,https://github.com/SiriusText/SiriusText,SiriusText
Mdal.xtext,modal,https://github.com/modal-dsl/modal,modal-dsl
SimpleSonora.xtext,simple-sonora,https://github.com/Comp-UFSCar/simple-sonora,Comp-UFSCar
Xaw.xtext,etablesaw,https://github.com/hallvard/etablesaw,hallvard
Ck2Gfx.xtext,ck2xtext,https://github.com/rquinio/ck2xtext,rquinio
