Owner,Repo,Ecore File,Commit Count
altran-mde,xtext-sirius-integration,code/com.altran.general.integration.xtextsirius.model.diagram/model/diagramxtext.ecore,1
altran-mde,xtext-sirius-integration,code/com.altran.general.integration.xtextsirius.model.eef/model/eefxtext.ecore,6
altran-mde,xtext-sirius-integration,code/com.altran.general.integration.xtextsirius.model.properties/model/propertiesxtext.ecore,1
altran-mde,xtext-sirius-integration,code/com.altran.general.integration.xtextsirius.model.viewpoint/model/viewpointxtext.ecore,1
altran-mde,xtext-sirius-integration,code/com.altran.general.integration.xtextsirius.model.xtext/model/xtextsirius.ecore,7
altran-mde,xtext-sirius-integration,demo/com.example.classes/model/generated/Classes.ecore,2
altran-mde,xtext-sirius-integration,demo/nl.altran.example.xtext.html/model/generated/HtmlLang.ecore,1
altran-mde,xtext-sirius-integration,demo/org.eclipse.xtext.example.fowlerdsl/model/generated/Statemachine.ecore,6
altran-mde,xtext-sirius-integration,test/com.altran.general.integration.xtextsirius.model.test/model/XtextSiriusTest.ecore,4
altran-mde,xtext-sirius-integration,test/com.altran.general.integration.xtextsirius.test.ekeylang/model/EKeyLang.ecore,2
altran-mde,xtext-sirius-integration,test/com.altran.general.integration.xtextsirius.test.reflang.RefLang/model/generated/RefLang.ecore,2
PacktPublishing,Implementing-Domain-Specific-Languages-with-Xtext-and-Xtend,org.example.customgreetings.parent/org.example.customgreetings/model/custom/Greetings.ecore,1
PacktPublishing,Implementing-Domain-Specific-Languages-with-Xtext-and-Xtend,org.example.school.parent/org.example.school.model/model/School.ecore,1
NielsLiisberg,RPG-lexer,org.sitemule.rpglanguage.rpgle/model/generated/Rpgle.ecore,1
laubfall,jugh-xtext-arkanoid,arkanoid3d.dsl.parent/arkanoid3d.dsl/model/generated/ArkanoidDsl.ecore,5
UnBCIC-TP2,Oberon-XText,org.unb.grupo10.oberon/model/generated/Oberon.ecore,1
eventB-Soton,XTheory,ac.soton.xtheory.emf.core/model/theoryextension.ecore,5
program-in-chinese,xtext_tutorial_15_min_zh,com.program_in_chinese.quan6/model/generated/Quan6.ecore,1
program-in-chinese,xtext_tutorial_15_min_zh,org.example.mydsl/model/generated/Domainmodel.ecore,1
UnBCIC-TP2,Oberon-IDE,br.unb.cic.obron.ide/model/generated/Oberon.ecore,1
idiomaticsoft,xtext-tips,custom-code/01start/com.idiomaticsoft.dsl.block.parent/com.idiomaticsoft.dsl.block/model/Block.ecore,1
idiomaticsoft,xtext-tips,custom-code/02end/com.idiomaticsoft.dsl.block.parent/com.idiomaticsoft.dsl.block/model/Block.ecore,1
idiomaticsoft,xtext-tips,migrate-to-emf-model/02end/com.idiomaticsoft.dsl.block.parent/com.idiomaticsoft.dsl.block/model/Block.ecore,1
Webastronaut,mgpl,workspace/mgpl/model/generated/MGPL.ecore,1
echebbi,standalone-xtext-example,org.xtext.example.mydsl.parent/org.xtext.example.mydsl/model/generated/MyDsl.ecore,1
darvasd,xtext-docs-gen,examples/org.example.domainmodel/model/generated/Domainmodel.ecore,1
mraminella,XtextExamples,org.example.expressions/model/generated/Expressions.ecore,1
mraminella,XtextExamples,org.xtext.example.smalljava/model/generated/SmallJava.ecore,1
msntts,XtextStudy,crossref_sample/crossref/org.xtext.example.mydsl/model/generated/MyDsl.ecore,1
dstoft,XtextWorkspace,sdu.mdsd.math.interpreter/model/generated/MathInterpreter.ecore,3
dstoft,XtextWorkspace,sdu.mdsd.tut1/model/generated/Tut1Dsl.ecore,1
vinisbranco,XtextTrabalho2,org.xtext.example.domainmodel/model/generated/Domainmodel.ecore,1
SharkJ,XtextInheritanceTest,org.xtext.example.mydsl/model/generated/MyDsl.ecore,1
SharkJ,XtextInheritanceTest,org.xtext.example.mydsl/model/generated/MyDsl2.ecore,1
OLibutzki,XtextExtras446,de.libutzki.xtextextras446.parent/de.libutzki.xtextextras446/model/generated/XtextExtras446.ecore,1
AndreasGroentved,XtextDSL2018,groupDSL/model/generated/WPage.ecore,16
taylorlohan,XtextHealth2.0,org.xtext.example.health/model/generated/Health.ecore,0
MisbahAwan,xtext,ZNotationEcore/model/zNotationEcore.ecore,2
l1ppe,xtext,model/generated/Domain.ecore,1
madhouni,wps-ecore-ocl-xtext,model/wps.ecore,1
tchebs,xtext,org.xtext.example.entitydsl/model/generated/EntityDsl.ecore,1
mlopez8621,xtext,.metadata/.plugins/org.eclipse.pde.core/New_configuration/org.eclipse.osgi/84/0/.cp/model/AcceleoWizardModel.ecore,1
mlopez8621,xtext,org.xtext.example.rest/model/generated/Rest.ecore,1
mlopez8621,xtext,uniandes.mdd.example.petrinetnetworksystem-master/model/petrinet.ecore,1
ShivaniBali,Theia-Xtext-Yangster-Project-,xtext-dsl-language-server/io.typefox.xtext.langserver.example/model/generated/MyDsl.ecore,1
MISO4202,co.edu.uniandes.gramaticajmeter,co.edu.uniandes.gramaticajmeter/model/generated/Gramaticajmeter.ecore,1
drkstr101,hello-xtext,drkstr.hello.xtext.natural.core/model/generated/Natural.ecore,5
drkstr101,hello-xtext,drkstr.hello.xtext.words.parent/drkstr.hello.xtext.words/model/generated/Words.ecore,1
AlanQuadros,xtextlpmangan,org.xtext.example.typescript/model/generated/TypeScript.ecore,3
jonaslagoni,JSON-Schema-to-internal-DSL,org.xtext.json.schema/model/generated/Draft7.ecore,7
OezzyB,e-portfolio-Xtext,org.example.methods/model/generated/Methods.ecore,1
bproenca,mpti-dsl,br.edu.ufrn.myhtml/model/generated/HtmlModel.ecore,2
LorenzoBettini,xtext-domain-model-guice-5,org.eclipse.xtext.example.domainmodel/model/generated/Domainmodel.ecore,1
germono,FormXtext,oliv.form.xtext.dsl/model/generated/Dsl.ecore,1
tshoang,XMarking,ac.soton.xmark.emf/model/feedback.ecore,1
tshoang,XMarking,ac.soton.xmark.emf/model/marking.ecore,2
tshoang,XMarking,ac.soton.xmark.emf/model/markingcore.ecore,1
adautofbn,pascal-xtext,edu.ufcg.compiladores.pascal/model/generated/Pascal.ecore,4
wibeck,testXtext,org.xtext.example.mydsl/model/generated/MyDsl.ecore,1
msun68,xtext-examples,org.example.rules/model/generated/Rules.ecore,1
kolchanov,org.xtext.example.mydsl.parent,org.xtext.example.mydsl/model/generated/MyDsl.ecore,1
kecksk0enig,vuc-xtext,de.grewe.vuc/model/generated/Mgpl.ecore,3
r4mtor,xtext-talks,kurs.xtext.dataflow.parent/kurs.xtext.dataflow/model/generated/DataFlowDsl.ecore,2
nbhusare,xtext-playground,org.eclipse.xtext.playground/org.eclipse.xtext.testing/org.xtext.example.modeldsl/model/generated/ModelDsl.ecore,1
nbhusare,xtext-playground,org.eclipse.xtext.playground/org.eclipse.xtext.testing/org.xtext.example.uidsl/model/generated/UiDsl.ecore,1
GiordanoT,ocl-xtext,org.xtext.ocl.parent/org.xtext.ocl/model/generated/Ocl.ecore,1
lahirugayanga,xtext-projection,com.ifs.lang.projection/model/generated/ProjectionLang.ecore,1
daniel614,xtext-webapp,org.xtext.example.wappm/model/generated/Wappm.ecore,7
mdsd-team-1,photos-xtext,org.xtext.example.mydsl/model/generated/MyDsl.ecore,3
MaxiEckert,Xtext-example,masterarbeit_workspace_xtext/de.uka.ipd.sdq.identifier/identifier.ecore,1
MaxiEckert,Xtext-example,masterarbeit_workspace_xtext/de.uka.ipd.sdq.identifier/model/identifier.ecore,1
MaxiEckert,Xtext-example,masterarbeit_workspace_xtext/de.uka.ipd.sdq.probfunction/ProbabilityFunction.ecore,1
MaxiEckert,Xtext-example,masterarbeit_workspace_xtext/de.uka.ipd.sdq.probfunction/model/ProbabilityFunction.ecore,1
MaxiEckert,Xtext-example,masterarbeit_workspace_xtext/de.uka.ipd.sdq.stoex/model/stoex.ecore,1
MaxiEckert,Xtext-example,masterarbeit_workspace_xtext/de.uka.ipd.sdq.stoex/stoex.ecore,1
MaxiEckert,Xtext-example,masterarbeit_workspace_xtext/de.uka.ipd.sdq.units/Units.ecore,1
MaxiEckert,Xtext-example,masterarbeit_workspace_xtext/de.uka.ipd.sdq.units/model/Units.ecore,1
MaxiEckert,Xtext-example,masterarbeit_workspace_xtext/edu.kit.ipd.are.dsexplore.featurecompletions/model/featureCompletions.ecore,1
MaxiEckert,Xtext-example,masterarbeit_workspace_xtext/edu.kit.ipd.are.dsexplore.featurecompletions/model/featureObjective.ecore,1
MaxiEckert,Xtext-example,masterarbeit_workspace_xtext/edu.kit.ipd.are.dsexplore.featurecompletions/model/featureSolution.ecore,1
MaxiEckert,Xtext-example,masterarbeit_workspace_xtext/org.palladiosimulator.pcm/model/pcm.ecore,1
MaxiEckert,Xtext-example,masterarbeit_workspace_xtext/org.palladiosimulator.pcm/pcm.ecore,1
vjordan,Xtext_browser,org.xtext.browser.mydsl/model/generated/MyDsl.ecore,1
Yop-La,xtext_project,model/generated/Mml.ecore,1
ShivaniBali,Theia-Xtext,org.xtext.example.mydsl.parent/org.xtext.example.mydsl/model/generated/MyDsl.ecore,1
zhanglin2018,learnXtext,org.example.entities.parent/org.example.entities/model/generated/Entities.ecore,1
zhanglin2018,learnXtext,org.xtext.example.mydsl.parent/org.xtext.example.mydsl/model/generated/MyDsl.ecore,1
arockiaraj1994,xtext-mvn,org.xtext.example.mydsl/model/generated/MyDsl.ecore,1
AssaX0,MDSE-xtext,eclipse-workspace/org.example.domainmodel/model/generated/Domainmodel.ecore,1
karthik137,xtext-demo,org.example.domainmodel/model/generated/Domainmodel.ecore,1
MDE-Course-23-24,SIRIUS-XTEXT,it.univaq.disim.usecase.statemachine.model/model/statemachine.ecore,1
softlang,megal-xtext,org.softlang.megal/model/Megal.ecore,24
laurocesar,xtext-domainmodel,org.example.domainmodel/model/generated/LanguageName.ecore,1
ravornyo,xspice,com.xtext.ravornyo.xspice/model/generated/XSpice.ecore,1
kainzpat14,xtext-plsql,sh.kainz.plsql.parent/sh.kainz.plsql/model/generated/Plsql.ecore,8
robertovillarejo,kukulkan-grammar,mx.infotec.dads.kukulkan.parent/mx.infotec.dads.kukulkan/model/generated/Kukulkan.ecore,4
lvanzeun,ulm-xtext-test,ulm.xtext2/model/generated/UlmDsl2.ecore,2
purerstamp,N7.compilateur,rat/model/generated/Rat.ecore,5
qxe35v,xtext_encoding_dsl,encoding_model/model/encoding_model.ecore,1
qxe35v,xtext_encoding_dsl,encoding_rules_base/model/generated/EncodingLang.ecore,2
LiamWalsh98,nusmv-xtext-lsp,org.xtext.nusmv.language/model/generated/NuSMV.ecore,1
andrewsandu,xtext-web-example,com.example.helloweb.parent/com.example.helloweb/model/generated/MyDsl.ecore,1
SharkJ,xtext-dsl-sample,org.xtext.example.mydsl/model/generated/MyDsl.ecore,1
SharkJ,my-theia-xtext,xtext-dsl-language-server/io.typefox.xtext.langserver.example/model/generated/MyDsl.ecore,1
urbanoanderson,xtext-gait-model,org.xtext.example.avante/model/generated/Prescription.ecore,1
vjordan,Xtext_directory-file,org.xtext.example.dirfile/model/generated/DirFile.ecore,1
bobbyfisher1,eclipse-workspace,org.example.entities/model/generated/Entities.ecore,1
drkstr101,Domainmodel,org.eclipse.xtext.example.domainmodel/model/generated/Domainmodel.ecore,1
vinicius0197,expressions-dsl,org.example.expressions/model/generated/Expressions.ecore,2
KarstenWilken,xTextForum,org.xtext.example.mydsl.parent/org.xtext.example.mydsl/model/generated/MyDsl.ecore,1
S-wald,xtext-plugin-gradle,org.xtext.example.mydsl.parent/org.xtext.example.mydsl/model/MyDsl.ecore,1
lahirugayanga,xtext-example-dsl,org.xtext.example.mydsl/model/generated/MyDsl.ecore,1
bergmanngabor,xtext-railmap-demo,hu.bme.mit.temalab.railmap/model/generated/RailLinesMap.ecore,1
mchlrch,xtext-intro-bfh,com.acme.homeautomation.dsl.parent/com.acme.homeautomation.dsl/model/generated/HarDsl.ecore,1
EvdokimovMaks,xtext-example-entities,org.example.entities/model/generated/Entities.ecore,2
cipek,MyFirstXText,org.xtext.example.helloweb/model/generated/HelloWeb.ecore,2
paulvberlin,BaSiriusXtext,main/de.htw.activity.emf/model/activity.ecore,1
balazsgrill,xtext_bug508518,org.xtext.example.mydsl/model/model.ecore,1
Tim-S,xtext-valueconverter-example,org.xtext.example.mydsl/model/generated/MyDsl.ecore,1
ArneDeutsch,xtext-gradle-example,org.xtext.example.mydsl.parent/org.xtext.example.mydsl/model/generated/MyDsl.ecore,1
ArneDeutsch,xtext-gradle-example,org.xtext.example.mydsl1.parent/org.xtext.example.mydsl1/model/generated/MyDsl1.ecore,1
ArneDeutsch,xtext-gradle-example,org.xtext.example.mydsl2.parent/org.xtext.example.mydsl2/model/generated/MyDsl2.ecore,1
oliver-reinhard,xtext-ppt-demo,org.xtext.example.abppt/model/generated/Abppt.ecore,1
pen-zhang,online_elm_xtext,org.xtext.online_elm/model/generated/OnlineElm.ecore,2
kulcsii,xtext-railmap-theia,railmap-language-server/hu.bme.mit.temalab.railmap/model/generated/RailLinesMap.ecore,1
jnt0r,xtext-npe-reproducable,org.xtext.example.mydsl/model/generated/MyDsl.ecore,1
cs130-w21,statemachine,org.xtext.example.statemachine/model/generated/Statemachine.ecore,1
csbc92,MDSE-assignment3,dk.chcla15.mdsd.math.assignment3/model/generated/MathAssignmentLanguage.ecore,3
ghillairet,org.example.mydsl.parent,org.example.mydsl.model/src/main/resources/model.ecore,1
patrickneubauer,UoY-MODE-XTEXT,Entity DSL Projects/uk.ac.york.cs.entities/model/entities.ecore,1
patrickneubauer,UoY-MODE-XTEXT,State Machine DSL Projects/uk.ac.york.cs.statemachines/model/statemachines.ecore,1
cau-se,sprat-ecosystem-dsl-xtext,org.sprat.ecosystem/model/generated/Ecosystem.ecore,1
loradd,xtext-lsp-ecore-support,example/theia-workspace/DSL.ecore,1
loradd,xtext-lsp-ecore-support,example/theia-workspace/Ecore.ecore,1
gon10,EclipseRepoTese,teseWorkspace/org.example.entities/model/generated/Entities.ecore,1
gon10,EclipseRepoTese,teseWorkspace/org.itlingo.rsl/model/generated/Rsl.ecore,1
gon10,EclipseRepoTese,teseWorkspace/org.xtext.example.mydsl/model/generated/MyDsl.ecore,1
max-leuthaeuser,jmhmathexample,de.itemis.jmhmathexample/model/generated/MathDSL.ecore,1
SharkJ,theia-xtext-extension-test,xtext-extension-language-server/org.xtext.example.dsl.parent/org.xtext.example.dsl/model/generated/Dsl.ecore,1
raptor494,Xtext-Minecraft-JSON-Languages,com.raptor.mcblockstate/model/generated/Mcblockstate.ecore,1
raptor494,Xtext-Minecraft-JSON-Languages,com.raptor.mcentity/model/generated/MCEntity.ecore,1
raptor494,Xtext-Minecraft-JSON-Languages,com.raptor.mcloot/model/generated/Mcloot.ecore,1
raptor494,Xtext-Minecraft-JSON-Languages,com.raptor.mcmodel/model/generated/Mcmodel.ecore,1
Ixgauth,perspectiveDSL-Sirus-Xtext,org.xtext.perspectivedsl/model/generated/PerspectiveDSL.ecore,0
dsl-course,xtext-tutorial-turku-interim,fi.tucs.entities/model/generated/Entities.ecore,1
oldulov,cfeditor,src/cfeditorxtext/edu.kit.scc.cfeditor.cfengine/src-gen/edu/kit/scc/cfeditor/cfengine/CfengineEditor.ecore,1
cdietrich,xtext-maven-plugin-coverage-example,org.xtext.example.mydslcov/model/generated/MyDslCov.ecore,1
Kevin-Philip,TP_etudiant_Compilax,org.xtext.comp.wh/model/generated/Wh.ecore,8
oliver-reinhard,xtext-scoping-default-imports-demo,org.xtext.example.scoping2/model/generated/Scoping2.ecore,1
MISO4202,uniandes.mdd.example.create-xtext,model/petrinet.ecore,1
NaoMod,XText-Language-Server-in-VSCode,server/naomod.family.parent/naomod.family/model/generated/Family.ecore,1
MISO4202,xtext-egl-sql2java,Gramatica/uniandes.automat.sql/model/generated/Sql.ecore,1
bobbyfisher1,expressions,expressions/org.example.expressions/model/generated/Expressions.ecore,3
bobbyfisher1,expressions,smalljava/org.example.smalljava/model/generated/SmallJava.ecore,1
yishakabreham,mde.sales.transactions.xtext.4,xtext.sales.assignment3/emf.assignment2/metamodel/assignment2.ecore,1
Rajesh2015,DSL-using-Xtext-and-Xtend,org.xtext.example.mydsl/model/generated/MyDsl.ecore,1
CarlosAsrc,Reconhecedor-scheme,pucrs.lp.scheme/model/generated/Scheme.ecore,5
oliver-reinhard,xtext-scoping-default-namespaces-demo,org.xtext.example.scoping/model/generated/Scoping.ecore,1
casino-mdd,DSL,org.xtext.casino.dsl/model/generated/Dsl.ecore,10
cokeSchlumpf,bashdsl,com.wellnr.bashdsl/model/generated/BashDSL.ecore,2
sumeetchhetri,faugjs-eclipse-plugin,com.faug.mvc.js/model/generated/Faug.ecore,1
zmy3036190149,theia-xtext-pf-v1-backup,xtext-pf-language-server/pf/model/generated/Pf.ecore,1
abieren,MDSD-Xtext-Project-for-JavaFX,org.xtext.example.mydsl/model/generated/MyDsl.ecore,3
cyrilnavessamuel,TripManagment,workspace_trip/trip_model/model/trip_model.ecore,1
coalae,telemed,implementation/ase.QueryDsl/model/generated/QueryDsl.ecore,1
coalae,telemed,implementation/telemed/model/telemed.ecore,1
vks2106,domain.model,org.example.domainmodel/model/generated/Domainmodel.ecore,1
varadbal,FunPL,xyz.varad.funpl/model/custom/FunPL.ecore,2
oliverablagojevic,QuestionnaireDSL,model/questionnaireModel.ecore,2
EightPillars,NmtranEditor,com.uk.eightpillars.nmtran/model/generated/NmTran.ecore,3
DSIE2,Implementing-observer-design-pattern-with-Xtext-and-Xtend,model/generated/Observer.ecore,1
George-6629,Lobster-language-conversion-sql-language-based-on-Xtext,kcl.mmdd.course.languages.lobster/model/generated/LobsterLanguages.ecore,1
cesarlaso,tfm-udima-arquitectura-del-software-dsl-ecore-xtext-emf,TFM/ejemplos/estado_cuestion_events.ecore,1
cesarlaso,tfm-udima-arquitectura-del-software-dsl-ecore-xtext-emf,eclipse-emf-udima/es.udima.cesarlaso.tfm/model/Clients.ecore,1
cesarlaso,tfm-udima-arquitectura-del-software-dsl-ecore-xtext-emf,eclipse-emf-udima/es.udima.cesarlaso.tfm/model/Communications.ecore,1
cesarlaso,tfm-udima-arquitectura-del-software-dsl-ecore-xtext-emf,eclipse-emf-udima/es.udima.cesarlaso.tfm/model/CommunicationsEvents.ecore,1
cesarlaso,tfm-udima-arquitectura-del-software-dsl-ecore-xtext-emf,eclipse-emf-udima/es.udima.cesarlaso.tfm/model/CommunicationsHealth.ecore,1
cesarlaso,tfm-udima-arquitectura-del-software-dsl-ecore-xtext-emf,eclipse-emf-udima/es.udima.cesarlaso.tfm/model/CommunicationsPrograms.ecore,1
cesarlaso,tfm-udima-arquitectura-del-software-dsl-ecore-xtext-emf,eclipse-emf-udima/es.udima.cesarlaso.tfm/model/CommunicationsStatus.ecore,1
cesarlaso,tfm-udima-arquitectura-del-software-dsl-ecore-xtext-emf,eclipse-emf-udima/es.udima.cesarlaso.tfm/model/DeploymentDevices.ecore,1
cesarlaso,tfm-udima-arquitectura-del-software-dsl-ecore-xtext-emf,eclipse-emf-udima/es.udima.cesarlaso.tfm/model/Events.ecore,1
cesarlaso,tfm-udima-arquitectura-del-software-dsl-ecore-xtext-emf,eclipse-emf-udima/es.udima.cesarlaso.tfm/model/Gpios.ecore,1
cesarlaso,tfm-udima-arquitectura-del-software-dsl-ecore-xtext-emf,eclipse-emf-udima/es.udima.cesarlaso.tfm/model/GpiosActuators.ecore,1
cesarlaso,tfm-udima-arquitectura-del-software-dsl-ecore-xtext-emf,eclipse-emf-udima/es.udima.cesarlaso.tfm/model/GpiosEvents.ecore,1
cesarlaso,tfm-udima-arquitectura-del-software-dsl-ecore-xtext-emf,eclipse-emf-udima/es.udima.cesarlaso.tfm/model/HealthMonitors.ecore,1
cesarlaso,tfm-udima-arquitectura-del-software-dsl-ecore-xtext-emf,eclipse-emf-udima/es.udima.cesarlaso.tfm/model/IotProyects.ecore,1
cesarlaso,tfm-udima-arquitectura-del-software-dsl-ecore-xtext-emf,eclipse-emf-udima/es.udima.cesarlaso.tfm/model/OperatingSystemActuators.ecore,1
cesarlaso,tfm-udima-arquitectura-del-software-dsl-ecore-xtext-emf,eclipse-emf-udima/es.udima.cesarlaso.tfm/model/Programs.ecore,1
cesarlaso,tfm-udima-arquitectura-del-software-dsl-ecore-xtext-emf,eclipse-emf-udima/es.udima.cesarlaso.tfm/model/Servers.ecore,1
cesarlaso,tfm-udima-arquitectura-del-software-dsl-ecore-xtext-emf,eclipse-emf-udima/es.udima.cesarlaso.tfm/model/Timers.ecore,1
mdsd-team-1,domain-specific-language,org.example.domainmodel/model/generated/Domainmodel.ecore,1
trifonnt,net.adempiere.dsl.properties.spring.parent,net.adempiere.dsl.properties.spring/model/generated/PropMod.ecore,1
kukulkan-project,kukulkan-language-server,mx.infotec.dads.kukulkan.dsl.parent/mx.infotec.dads.kukulkan.dsl/model/generated/Kukulkan.ecore,7
larissafiorini,t2-lingProg,org.xtext.example.mydsl/model/generated/MyDsl.ecore,2
Cosimo5lli,assertx-swing,org.assertx.swing.parent/org.assertx.swing/model/generated/AssertXSwing.ecore,5
kyberszittya,simple-ros-code-generator,hu.sze.aut.ros.network.model/model/rosnetworkmodel.ecore,1
kyberszittya,simple-ros-code-generator,hu.sze.jkk.middleware.statepubsub.model/model/statepubsubmodel.ecore,9
opcoach,datasample,com.opcoach.datasample.model/model/dataSample.ecore,17
jonev,HTTP-REST-test-DSL,xtext.http.rest.testsuite/model/generated/TestSuite.ecore,1
ElBilbao,DSL-Wizard-Creator,wizard/model/wizard.ecore,1
ooaa30,Wail,org.xtext.wesnoth.wail/model/generated/Wail.ecore,1
ScytherTool,dsl,ScytherDSL/model/generated/Scyther.ecore,1
ryangarvey,mde-spec,language/org.mde.spec/model/generated/Spec.ecore,2
bfMarcelino,SchemeLP,org.xtext.example.mydsl/model/generated/MyDsl.ecore,1
claudenirmf,TPTP-Editor,it.unibz.inf.tptp.parent/it.unibz.inf.tptp/model/generated/TPTP.ecore,2
augustin-rialan,IDM,qcm/model/qcm.ecore,3
henriklange,ifcBrickConvertDsl,org.xtext.ifcbrickconvert.mydsl/model/generated/IfcBrick.ecore,1
PikaQin,XModel-Code-Converter,源代码/org.xtext.example.xmodel/model/generated/XModel.ecore,1
helloyaqin,XModel-Code-Converter,源代码/org.xtext.example.xmodel/model/generated/XModel.ecore,1
Garlo13,CEPStaticAnalysis,org.xtext.tfg.esper/model/generated/Esper.ecore,1
MDEGroup,metatemplating,metaGenExecutive/model/iot1-domain.ecore,2
MDEGroup,metatemplating,metaGenExecutive/model/iot1.ecore,2
MDEGroup,metatemplating,metaGenExecutive/model/iot2-domain.ecore,2
MDEGroup,metatemplating,metaGenExecutive/model/iot2.ecore,2
MDEGroup,metatemplating,org.xtext.metatemplating/model/generated/MetaTemplating.ecore,5
eclipse,xtext-core,org.eclipse.xtext.ide.tests/model/generated/IndentationAwareUiTestLanguage.ecore,2
eclipse,xtext-core,org.eclipse.xtext.ide.tests/model/generated/PartialContentAssistTestLanguage.ecore,2
eclipse,xtext-core,org.eclipse.xtext.ide.tests/model/generated/PartialSerializationTestLanguage.ecore,3
eclipse,xtext-core,org.eclipse.xtext.ide.tests/model/generated/RenameTestLanguage.ecore,1
eclipse,xtext-core,org.eclipse.xtext.ide.tests/model/generated/TestLanguage.ecore,5
eclipse,xtext-core,org.eclipse.xtext.ide.tests/testlang-src/org/eclipse/xtext/ide/tests/testlanguage/WithTransient.ecore,1
eclipse,xtext-core,org.eclipse.xtext.testlanguages/model/generated/BeeLangTestLanguage.ecore,1
eclipse,xtext-core,org.eclipse.xtext.testlanguages/model/generated/FileAwareTestLanguage.ecore,1
eclipse,xtext-core,org.eclipse.xtext.testlanguages/model/generated/NestedRefsTestLanguage.ecore,1
eclipse,xtext-core,org.eclipse.xtext.testlanguages/model/generated/NoJdtTestLanguage.ecore,1
eclipse,xtext-core,org.eclipse.xtext.testlanguages/model/generated/XtextGrammarTestLanguage.ecore,1
eclipse,xtext-core,org.eclipse.xtext.tests/src-gen/org/eclipse/xtext/XtextGrammarTestLanguage.ecore,1
eclipse,xtext-core,org.eclipse.xtext.tests/src-gen/org/eclipse/xtext/dummy/DummyTestLanguage.ecore,1
eclipse,xtext-core,org.eclipse.xtext.tests/src-gen/org/eclipse/xtext/enumrules/EnumAndReferenceTestLanguage.ecore,1
eclipse,xtext-core,org.eclipse.xtext.tests/src-gen/org/eclipse/xtext/enumrules/EnumRulesTestLanguage.ecore,1
eclipse,xtext-core,org.eclipse.xtext.tests/src-gen/org/eclipse/xtext/enumrules/MultiRuleEnumTestLanguage.ecore,1
eclipse,xtext-core,org.eclipse.xtext.tests/src-gen/org/eclipse/xtext/formatting2/internal/FormatterTestLanguage.ecore,1
eclipse,xtext-core,org.eclipse.xtext.tests/src-gen/org/eclipse/xtext/formatting2/regionaccess/internal/RegionAccessTestLanguage.ecore,2
eclipse,xtext-core,org.eclipse.xtext.tests/src-gen/org/eclipse/xtext/generator/ecore/EcoreFragmentTestLanguage.ecore,1
eclipse,xtext-core,org.eclipse.xtext.tests/src-gen/org/eclipse/xtext/generator/ecore/SubTestLanguage.ecore,1
eclipse,xtext-core,org.eclipse.xtext.tests/src-gen/org/eclipse/xtext/generator/ecore/SuperTestLanguage.ecore,2
eclipse,xtext-core,org.eclipse.xtext.tests/src-gen/org/eclipse/xtext/grammarinheritance/BaseInheritanceTestLanguage.ecore,1
eclipse,xtext-core,org.eclipse.xtext.tests/src-gen/org/eclipse/xtext/grammarinheritance/ConcreteTestLanguage.ecore,1
eclipse,xtext-core,org.eclipse.xtext.tests/src-gen/org/eclipse/xtext/grammarinheritance/InheritanceTest2Language.ecore,1
eclipse,xtext-core,org.eclipse.xtext.tests/src-gen/org/eclipse/xtext/grammarinheritance/InheritanceTestLanguage.ecore,1
eclipse,xtext-core,org.eclipse.xtext.tests/src-gen/org/eclipse/xtext/index/IndexTestLanguage.ecore,1
eclipse,xtext-core,org.eclipse.xtext.tests/src-gen/org/eclipse/xtext/lexer/BacktrackingLexerTestLanguage.ecore,2
eclipse,xtext-core,org.eclipse.xtext.tests/src-gen/org/eclipse/xtext/lexer/IgnoreCaseLexerTestLanguage.ecore,1
eclipse,xtext-core,org.eclipse.xtext.tests/src-gen/org/eclipse/xtext/linking/AbstractIgnoreCaseLinkingTestLanguage.ecore,1
eclipse,xtext-core,org.eclipse.xtext.tests/src-gen/org/eclipse/xtext/linking/Bug287988TestLanguage.ecore,1
eclipse,xtext-core,org.eclipse.xtext.tests/src-gen/org/eclipse/xtext/linking/Bug289059TestLanguage.ecore,1
eclipse,xtext-core,org.eclipse.xtext.tests/src-gen/org/eclipse/xtext/linking/Bug313089TestLanguage.ecore,1
eclipse,xtext-core,org.eclipse.xtext.tests/src-gen/org/eclipse/xtext/linking/Bug362902.ecore,1
eclipse,xtext-core,org.eclipse.xtext.tests/src-gen/org/eclipse/xtext/linking/IgnoreCaseImportsTestLanguage.ecore,1
eclipse,xtext-core,org.eclipse.xtext.tests/src-gen/org/eclipse/xtext/linking/IgnoreCaseNamespacesTestLanguage.ecore,1
eclipse,xtext-core,org.eclipse.xtext.tests/src-gen/org/eclipse/xtext/linking/ImportUriTestLanguage.ecore,1
eclipse,xtext-core,org.eclipse.xtext.tests/src-gen/org/eclipse/xtext/linking/LangATestLanguage.ecore,1
eclipse,xtext-core,org.eclipse.xtext.tests/src-gen/org/eclipse/xtext/linking/lazy/Bug311337TestLanguage.ecore,1
eclipse,xtext-core,org.eclipse.xtext.tests/src-gen/org/eclipse/xtext/metamodelreferencing/tests/EcoreReferenceTestLanguage.ecore,1
eclipse,xtext-core,org.eclipse.xtext.tests/src-gen/org/eclipse/xtext/metamodelreferencing/tests/MetamodelRefTestLanguage.ecore,1
eclipse,xtext-core,org.eclipse.xtext.tests/src-gen/org/eclipse/xtext/metamodelreferencing/tests/MultiGenMMTestLanguage.ecore,1
eclipse,xtext-core,org.eclipse.xtext.tests/src-gen/org/eclipse/xtext/parser/antlr/Bug289515TestLanguage.ecore,1
eclipse,xtext-core,org.eclipse.xtext.tests/src-gen/org/eclipse/xtext/parser/antlr/Bug289524ExTestLanguage.ecore,1
eclipse,xtext-core,org.eclipse.xtext.tests/src-gen/org/eclipse/xtext/parser/antlr/Bug289524TestLanguage.ecore,1
eclipse,xtext-core,org.eclipse.xtext.tests/src-gen/org/eclipse/xtext/parser/antlr/Bug296889ExTestLanguage.ecore,1
eclipse,xtext-core,org.eclipse.xtext.tests/src-gen/org/eclipse/xtext/parser/antlr/Bug296889TestLanguage.ecore,1
eclipse,xtext-core,org.eclipse.xtext.tests/src-gen/org/eclipse/xtext/parser/antlr/Bug299237TestLanguage.ecore,1
eclipse,xtext-core,org.eclipse.xtext.tests/src-gen/org/eclipse/xtext/parser/antlr/Bug301935TestLanguage.ecore,3
eclipse,xtext-core,org.eclipse.xtext.tests/src-gen/org/eclipse/xtext/parser/antlr/Bug378967TestLanguage.ecore,1
eclipse,xtext-core,org.eclipse.xtext.tests/src-gen/org/eclipse/xtext/parser/antlr/Bug406914TestLanguage.ecore,2
eclipse,xtext-core,org.eclipse.xtext.tests/src-gen/org/eclipse/xtext/parser/antlr/Bug443221TestLanguage.ecore,1
eclipse,xtext-core,org.eclipse.xtext.tests/src-gen/org/eclipse/xtext/parser/antlr/GH1462TestLanguage.ecore,1
eclipse,xtext-core,org.eclipse.xtext.tests/src-gen/org/eclipse/xtext/parser/assignments/AssignmentsTestLanguage.ecore,1
eclipse,xtext-core,org.eclipse.xtext.tests/src-gen/org/eclipse/xtext/parser/assignments/Bug287184TestLanguage.ecore,1
eclipse,xtext-core,org.eclipse.xtext.tests/src-gen/org/eclipse/xtext/parser/assignments/Bug288432TestLanguage.ecore,1
eclipse,xtext-core,org.eclipse.xtext.tests/src-gen/org/eclipse/xtext/parser/datatyperules/DatatypeRulesTestLanguage.ecore,1
eclipse,xtext-core,org.eclipse.xtext.tests/src-gen/org/eclipse/xtext/parser/encoding/EncodingTestLanguage.ecore,1
eclipse,xtext-core,org.eclipse.xtext.tests/src-gen/org/eclipse/xtext/parser/epatch/EpatchTestLanguage.ecore,1
eclipse,xtext-core,org.eclipse.xtext.tests/src-gen/org/eclipse/xtext/parser/fragments/FragmentTestLanguage.ecore,1
eclipse,xtext-core,org.eclipse.xtext.tests/src-gen/org/eclipse/xtext/parser/indentation/IndentationAwareTestLanguage.ecore,3
eclipse,xtext-core,org.eclipse.xtext.tests/src-gen/org/eclipse/xtext/parser/keywords/KeywordsTestLanguage.ecore,1
eclipse,xtext-core,org.eclipse.xtext.tests/src-gen/org/eclipse/xtext/parser/parameters/ParametersTestLanguage.ecore,1
eclipse,xtext-core,org.eclipse.xtext.tests/src-gen/org/eclipse/xtext/parser/terminalrules/Bug292245TestLanguage.ecore,1
eclipse,xtext-core,org.eclipse.xtext.tests/src-gen/org/eclipse/xtext/parser/terminalrules/Bug297105TestLanguage.ecore,1
eclipse,xtext-core,org.eclipse.xtext.tests/src-gen/org/eclipse/xtext/parser/terminalrules/Bug317840TestLanguage.ecore,1
eclipse,xtext-core,org.eclipse.xtext.tests/src-gen/org/eclipse/xtext/parser/terminalrules/EcoreTerminalsTestLanguage.ecore,1
eclipse,xtext-core,org.eclipse.xtext.tests/src-gen/org/eclipse/xtext/parser/terminalrules/HiddenTerminalsTestLanguage.ecore,1
eclipse,xtext-core,org.eclipse.xtext.tests/src-gen/org/eclipse/xtext/parser/terminalrules/TerminalRulesTestLanguage.ecore,1
eclipse,xtext-core,org.eclipse.xtext.tests/src-gen/org/eclipse/xtext/parser/terminalrules/UnicodeTestLanguage.ecore,1
eclipse,xtext-core,org.eclipse.xtext.tests/src-gen/org/eclipse/xtext/parser/terminalrules/XtextTerminalsTestLanguage.ecore,1
eclipse,xtext-core,org.eclipse.xtext.tests/src-gen/org/eclipse/xtext/parser/unorderedGroups/BacktrackingBug325745TestLanguage.ecore,1
eclipse,xtext-core,org.eclipse.xtext.tests/src-gen/org/eclipse/xtext/parser/unorderedGroups/UnorderedGroupsTestLanguage.ecore,1
eclipse,xtext-core,org.eclipse.xtext.tests/src-gen/org/eclipse/xtext/parsetree/formatter/FormatterTestLanguage.ecore,1
eclipse,xtext-core,org.eclipse.xtext.tests/src-gen/org/eclipse/xtext/parsetree/formatter/FormatterTestLanguage2.ecore,1
eclipse,xtext-core,org.eclipse.xtext.tests/src-gen/org/eclipse/xtext/parsetree/impl/Bug305397.ecore,1
eclipse,xtext-core,org.eclipse.xtext.tests/src-gen/org/eclipse/xtext/parsetree/impl/CommentAssociationTestLanguage.ecore,1
eclipse,xtext-core,org.eclipse.xtext.tests/src-gen/org/eclipse/xtext/parsetree/reconstr/Bug299395TestLanguage.ecore,1
eclipse,xtext-core,org.eclipse.xtext.tests/src-gen/org/eclipse/xtext/parsetree/reconstr/Bug302128TestLanguage.ecore,1
eclipse,xtext-core,org.eclipse.xtext.tests/src-gen/org/eclipse/xtext/parsetree/reconstr/ComplexReconstrTestLanguage.ecore,1
eclipse,xtext-core,org.eclipse.xtext.tests/src-gen/org/eclipse/xtext/parsetree/reconstr/SerializationBug269362TestLanguage.ecore,1
eclipse,xtext-core,org.eclipse.xtext.tests/src-gen/org/eclipse/xtext/parsetree/reconstr/SerializationErrorTestLanguage.ecore,1
eclipse,xtext-core,org.eclipse.xtext.tests/src-gen/org/eclipse/xtext/parsetree/transientvalues/TransientValuesTest.ecore,1
eclipse,xtext-core,org.eclipse.xtext.tests/src-gen/org/eclipse/xtext/parsetree/unassignedtext/UnassignedTextTestLanguage.ecore,2
eclipse,xtext-core,org.eclipse.xtext.tests/src-gen/org/eclipse/xtext/resource/Bug385636.ecore,1
eclipse,xtext-core,org.eclipse.xtext.tests/src-gen/org/eclipse/xtext/resource/EObjectAtOffsetTestLanguage.ecore,1
eclipse,xtext-core,org.eclipse.xtext.tests/src-gen/org/eclipse/xtext/resource/LiveContainerBuilderIntegerationTestLanguage.ecore,1
eclipse,xtext-core,org.eclipse.xtext.tests/src-gen/org/eclipse/xtext/resource/LiveContainerTestLanguage.ecore,1
eclipse,xtext-core,org.eclipse.xtext.tests/src-gen/org/eclipse/xtext/resource/LocationProviderTestLanguage.ecore,1
eclipse,xtext-core,org.eclipse.xtext.tests/src-gen/org/eclipse/xtext/serializer/AssignmentFinderTestLanguage.ecore,1
eclipse,xtext-core,org.eclipse.xtext.tests/src-gen/org/eclipse/xtext/serializer/ContextFinderTestLanguage.ecore,1
eclipse,xtext-core,org.eclipse.xtext.tests/src-gen/org/eclipse/xtext/serializer/HiddenTokenSequencerTestLanguage.ecore,1
eclipse,xtext-core,org.eclipse.xtext.tests/src-gen/org/eclipse/xtext/serializer/SequencerTestLanguage.ecore,1
eclipse,xtext-core,org.eclipse.xtext.tests/src-gen/org/eclipse/xtext/serializer/SyntacticSequencerTestLanguage.ecore,3
eclipse,xtext-core,org.eclipse.xtext.tests/src-gen/org/eclipse/xtext/testlanguages/ActionTestLanguage.ecore,1
eclipse,xtext-core,org.eclipse.xtext.tests/src-gen/org/eclipse/xtext/testlanguages/ActionTestLanguage2.ecore,1
eclipse,xtext-core,org.eclipse.xtext.tests/src-gen/org/eclipse/xtext/testlanguages/ActionTestLanguage3.ecore,1
eclipse,xtext-core,org.eclipse.xtext.tests/src-gen/org/eclipse/xtext/testlanguages/FowlerDslTestLanguage.ecore,1
eclipse,xtext-core,org.eclipse.xtext.tests/src-gen/org/eclipse/xtext/testlanguages/LookaheadTestLanguage.ecore,2
eclipse,xtext-core,org.eclipse.xtext.tests/src-gen/org/eclipse/xtext/testlanguages/OptionalEmptyTestLanguage.ecore,1
eclipse,xtext-core,org.eclipse.xtext.tests/src-gen/org/eclipse/xtext/testlanguages/PartialParserTestLanguage.ecore,1
eclipse,xtext-core,org.eclipse.xtext.tests/src-gen/org/eclipse/xtext/testlanguages/ReferenceGrammarTestLanguage.ecore,1
eclipse,xtext-core,org.eclipse.xtext.tests/src-gen/org/eclipse/xtext/testlanguages/SimpleExpressionsTestLanguage.ecore,1
eclipse,xtext-core,org.eclipse.xtext.tests/src-gen/org/eclipse/xtext/testlanguages/TestLanguage.ecore,1
eclipse,xtext-core,org.eclipse.xtext.tests/src-gen/org/eclipse/xtext/testlanguages/TreeTestLanguage.ecore,1
eclipse,xtext-core,org.eclipse.xtext.tests/src-gen/org/eclipse/xtext/testlanguages/indent/IndentationAwareTestLanguage.ecore,1
eclipse,xtext-core,org.eclipse.xtext.tests/src-gen/org/eclipse/xtext/validation/ConcreteSyntaxValidationTestLanguage.ecore,1
eclipse,xtext-core,org.eclipse.xtext.tests/src-gen/org/eclipse/xtext/valueconverter/Bug250313.ecore,2
eclipse,xtext-core,org.eclipse.xtext.tests/src-gen/org/eclipse/xtext/valueconverter/QualifiedNameTestLanguage.ecore,1
eclipse,xtext-core,org.eclipse.xtext.tests/src-gen/org/eclipse/xtext/xtext/ecoreInference/MultiValueFeatureTestLanguage.ecore,1
eclipse,xtext-core,org.eclipse.xtext.tests/src-gen/org/eclipse/xtext/xtext/ecoreInference/UnassignedRuleCallTestLanguage.ecore,1
eclipse,xtext-core,org.eclipse.xtext.tests/src/org/eclipse/xtext/enumrules/enums.ecore,1
eclipse,xtext-core,org.eclipse.xtext.tests/src/org/eclipse/xtext/generator/ecore/First.ecore,1
eclipse,xtext-core,org.eclipse.xtext.tests/src/org/eclipse/xtext/generator/ecore/GenModelAccessTest.ecore,1
eclipse,xtext-core,org.eclipse.xtext.tests/src/org/eclipse/xtext/generator/grammarAccess/ametamodel.ecore,1
eclipse,xtext-core,org.eclipse.xtext.tests/src/org/eclipse/xtext/grammarinheritance/ametamodel.ecore,1
eclipse,xtext-core,org.eclipse.xtext.tests/src/org/eclipse/xtext/linking/lazy/LazyLinking.ecore,1
eclipse,xtext-core,org.eclipse.xtext.tests/src/org/eclipse/xtext/linking/lazy/LazyLinkingTestLanguage.ecore,1
eclipse,xtext-core,org.eclipse.xtext.tests/src/org/eclipse/xtext/metamodelreferencing/tests/EcorePerNsURI.ecore,1
eclipse,xtext-core,org.eclipse.xtext.tests/src/org/eclipse/xtext/metamodelreferencing/tests/EcorePerPlatformPlugin.ecore,1
eclipse,xtext-core,org.eclipse.xtext.tests/src/org/eclipse/xtext/metamodelreferencing/tests/EcorePerPlatformResource.ecore,1
eclipse,xtext-core,org.eclipse.xtext.tests/src/org/eclipse/xtext/parser/PartialParsingTestUtil.ecore,1
eclipse,xtext-core,org.eclipse.xtext.tests/src/org/eclipse/xtext/parsetree/impl/CrossContainment.ecore,1
eclipse,xtext-core,org.eclipse.xtext.tests/src/org/eclipse/xtext/resource/ecore/iso-8859-1.ecore,1
eclipse,xtext-core,org.eclipse.xtext.tests/src/org/eclipse/xtext/resource/ecore/utf16.ecore,1
eclipse,xtext-core,org.eclipse.xtext.tests/src/org/eclipse/xtext/resource/ecore/utf8.ecore,1
eclipse,xtext-core,org.eclipse.xtext.tests/src/org/eclipse/xtext/resource/mydsl.ecore,1
eclipse,xtext-core,org.eclipse.xtext.tests/src/org/eclipse/xtext/util/GenericsTest.ecore,1
eclipse,xtext-core,org.eclipse.xtext.tests/src/org/eclipse/xtext/xtext/Foo.ecore,1
eclipse,xtext-core,org.eclipse.xtext.tests/src/org/eclipse/xtext/xtext/ecoreInference/multiinheritancetest.ecore,1
eclipse,xtext-core,org.eclipse.xtext.tests/src/org/eclipse/xtext/xtext/ecoreInference/test.ecore,1
eclipse,xtext-core,org.eclipse.xtext.xtext.generator/src-gen/org/eclipse/xtext/xtext/generator/parser/antlr/splitting/SimpleExpressions.ecore,1
eclipse,xtext-core,org.eclipse.xtext/org/eclipse/xtext/Xtext.ecore,2
eclipse,xtext-xtend,org.eclipse.xtend.core/model/RichStrings.ecore,1
eclipse,xtext-xtend,org.eclipse.xtend.core/model/Xtend.ecore,1
eclipse,xtext-eclipse,org.eclipse.xtext.builder.tests/model/generated/BuilderTestLanguage.ecore,1
eclipse,xtext-eclipse,org.eclipse.xtext.builder/model/BuilderState.ecore,1
eclipse,xtext-eclipse,org.eclipse.xtext.builder/model/Trace.ecore,1
eclipse,xtext-eclipse,org.eclipse.xtext.common.types.eclipse.tests/model/generated/ContentAssistTestLanguage.ecore,1
eclipse,xtext-eclipse,org.eclipse.xtext.common.types.eclipse.tests/model/generated/RefactoringTestLanguage.ecore,1
eclipse,xtext-eclipse,org.eclipse.xtext.ui.codetemplates/model/generated/Codetemplates.ecore,1
eclipse,xtext-eclipse,org.eclipse.xtext.ui.tests/model/generated/BacktrackingContentAssistTestLanguage.ecore,1
eclipse,xtext-eclipse,org.eclipse.xtext.ui.tests/model/generated/BmTestLanguage.ecore,1
eclipse,xtext-eclipse,org.eclipse.xtext.ui.tests/model/generated/Bug286935TestLanguage.ecore,1
eclipse,xtext-eclipse,org.eclipse.xtext.ui.tests/model/generated/Bug287941TestLanguage.ecore,1
eclipse,xtext-eclipse,org.eclipse.xtext.ui.tests/model/generated/Bug288734TestLanguage.ecore,1
eclipse,xtext-eclipse,org.eclipse.xtext.ui.tests/model/generated/Bug288760TestLanguage.ecore,1
eclipse,xtext-eclipse,org.eclipse.xtext.ui.tests/model/generated/Bug289187TestLanguage.ecore,1
eclipse,xtext-eclipse,org.eclipse.xtext.ui.tests/model/generated/Bug291022TestLanguage.ecore,1
eclipse,xtext-eclipse,org.eclipse.xtext.ui.tests/model/generated/Bug303200TestLanguage.ecore,1
eclipse,xtext-eclipse,org.eclipse.xtext.ui.tests/model/generated/Bug304681TestLanguage.ecore,1
eclipse,xtext-eclipse,org.eclipse.xtext.ui.tests/model/generated/Bug307519TestLanguage.ecore,1
eclipse,xtext-eclipse,org.eclipse.xtext.ui.tests/model/generated/Bug309949TestLanguage.ecore,1
eclipse,xtext-eclipse,org.eclipse.xtext.ui.tests/model/generated/Bug332217TestLanguage.ecore,1
eclipse,xtext-eclipse,org.eclipse.xtext.ui.tests/model/generated/Bug347012TestLanguage.ecore,1
eclipse,xtext-eclipse,org.eclipse.xtext.ui.tests/model/generated/Bug348199TestLanguage.ecore,1
eclipse,xtext-eclipse,org.eclipse.xtext.ui.tests/model/generated/Bug348427TestLanguage.ecore,1
eclipse,xtext-eclipse,org.eclipse.xtext.ui.tests/model/generated/Bug360834TestLanguage.ecore,1
eclipse,xtext-eclipse,org.eclipse.xtext.ui.tests/model/generated/Bug377311TestLanguage.ecore,1
eclipse,xtext-eclipse,org.eclipse.xtext.ui.tests/model/generated/Bug381381TestLanguage.ecore,1
eclipse,xtext-eclipse,org.eclipse.xtext.ui.tests/model/generated/ContentAssistContextTestLanguage.ecore,1
eclipse,xtext-eclipse,org.eclipse.xtext.ui.tests/model/generated/ContentAssistCustomizingTestLanguage.ecore,1
eclipse,xtext-eclipse,org.eclipse.xtext.ui.tests/model/generated/ContentAssistNoTerminalExtensionTestLanguage.ecore,2
eclipse,xtext-eclipse,org.eclipse.xtext.ui.tests/model/generated/ContentAssistTestLanguage.ecore,1
eclipse,xtext-eclipse,org.eclipse.xtext.ui.tests/model/generated/CrossReferenceProposalTestLanguage.ecore,1
eclipse,xtext-eclipse,org.eclipse.xtext.ui.tests/model/generated/DatatypeRuleTestLanguage.ecore,1
eclipse,xtext-eclipse,org.eclipse.xtext.ui.tests/model/generated/DomainModelTestLanguage.ecore,1
eclipse,xtext-eclipse,org.eclipse.xtext.ui.tests/model/generated/EncodingUiTestLanguage.ecore,1
eclipse,xtext-eclipse,org.eclipse.xtext.ui.tests/model/generated/EnumRulesUiTestLanguage.ecore,1
eclipse,xtext-eclipse,org.eclipse.xtext.ui.tests/model/generated/FoldingTestLanguage.ecore,1
eclipse,xtext-eclipse,org.eclipse.xtext.ui.tests/model/generated/GH341TestLanguage.ecore,1
eclipse,xtext-eclipse,org.eclipse.xtext.ui.tests/model/generated/ImportUriUiTestLanguage.ecore,1
eclipse,xtext-eclipse,org.eclipse.xtext.ui.tests/model/generated/KeywordsUiTestLanguage.ecore,1
eclipse,xtext-eclipse,org.eclipse.xtext.ui.tests/model/generated/LookAheadContentAssistTestLanguage.ecore,1
eclipse,xtext-eclipse,org.eclipse.xtext.ui.tests/model/generated/OutlineTestLanguage.ecore,1
eclipse,xtext-eclipse,org.eclipse.xtext.ui.tests/model/generated/ParameterizedExpressionsTestLanguage.ecore,1
eclipse,xtext-eclipse,org.eclipse.xtext.ui.tests/model/generated/ParametersTestLanguage.ecore,1
eclipse,xtext-eclipse,org.eclipse.xtext.ui.tests/model/generated/QuickfixCrossrefTestLanguage.ecore,1
eclipse,xtext-eclipse,org.eclipse.xtext.ui.tests/model/generated/RefactoringTestLanguage.ecore,1
eclipse,xtext-eclipse,org.eclipse.xtext.ui.tests/model/generated/ReferenceGrammarUiTestLanguage.ecore,1
eclipse,xtext-eclipse,org.eclipse.xtext.ui.tests/model/generated/ReferringTestLanguage.ecore,2
eclipse,xtext-eclipse,org.eclipse.xtext.ui.tests/model/generated/TestLanguage.ecore,1
eclipse,xtext-eclipse,org.eclipse.xtext.ui.tests/model/generated/TwoContextsTestLanguage.ecore,1
eclipse,xtext-eclipse,org.eclipse.xtext.ui.tests/model/generated/UnorderedGroupsTestLanguage.ecore,1
eclipse,xtext-eclipse,org.eclipse.xtext.ui.tests/model/generated/Xml.ecore,1
eclipse,xtext-eclipse,org.eclipse.xtext.ui.tests/src/org/eclipse/xtext/ui/tests/editor/contentassist/Bug287941TestModel.ecore,1
eclipse,xtext-eclipse,org.eclipse.xtext.ui.tests/src/org/eclipse/xtext/ui/tests/enumrules/enumsUi.ecore,1
eclipse,xtext-eclipse,org.eclipse.xtext.ui.tests/testfiles/simple.ecore,1
eclipse,xtext-eclipse,org.eclipse.xtext.ui.tests/tests/org/eclipse/xtext/ui/tests/core/util/simple.ecore,1
eclipse,xtext-eclipse,org.eclipse.xtext.ui.tests/tests/org/eclipse/xtext/ui/tests/util/simple.ecore,1
eclipse,xtext-eclipse,org.eclipse.xtext.xtext.ui.examples/projects/arithmetics/org.eclipse.xtext.example.arithmetics/model/generated/Arithmetics.ecore,1
eclipse,xtext-eclipse,org.eclipse.xtext.xtext.ui.examples/projects/domainmodel/org.eclipse.xtext.example.domainmodel/model/generated/Domainmodel.ecore,1
eclipse,xtext-eclipse,org.eclipse.xtext.xtext.ui.examples/projects/fowlerdsl/org.eclipse.xtext.example.fowlerdsl/model/generated/Statemachine.ecore,1
eclipse,xtext-eclipse,org.eclipse.xtext.xtext.ui.examples/projects/homeautomation/org.eclipse.xtext.example.homeautomation/model/generated/RuleEngine.ecore,1
eclipse,xtext-eclipse,org.eclipse.xtext.xtext.ui.tests/src/org/eclipse/xtext/xtext/ui/ecore2xtext/Ecore2XtextTest.ecore,1
eclipse,xtext-eclipse,org.eclipse.xtext.xtext.ui.tests/src/org/eclipse/xtext/xtext/ui/editor/contentassist/enumsUi.ecore,1
eclipse,xtext-extras,org.eclipse.xtext.builder.standalone.tests/model/generated/BuilderTestLanguage.ecore,2
eclipse,xtext-extras,org.eclipse.xtext.common.types.tests/model/generated/ContentAssistTestLanguage.ecore,1
eclipse,xtext-extras,org.eclipse.xtext.common.types.tests/model/generated/RefactoringTestLanguage.ecore,1
eclipse,xtext-extras,org.eclipse.xtext.common.types/model/JavaVMTypes.ecore,3
eclipse,xtext-extras,org.eclipse.xtext.extras.tests/src-gen/org/eclipse/xtext/enumrules/EnumAndReferenceTestLanguage.ecore,2
eclipse,xtext-extras,org.eclipse.xtext.extras.tests/src-gen/org/eclipse/xtext/enumrules/EnumRulesTestLanguage.ecore,1
eclipse,xtext-extras,org.eclipse.xtext.extras.tests/src-gen/org/eclipse/xtext/enumrules/MultiRuleEnumTestLanguage.ecore,1
eclipse,xtext-extras,org.eclipse.xtext.extras.tests/src/org/eclipse/xtext/enumrules/enums.ecore,1
eclipse,xtext-extras,org.eclipse.xtext.extras.tests/src/org/eclipse/xtext/generator/grammarAccess/ametamodel.ecore,3
eclipse,xtext-extras,org.eclipse.xtext.extras.tests/src/org/eclipse/xtext/metamodelreferencing/tests/EcorePerNsURI.ecore,1
eclipse,xtext-extras,org.eclipse.xtext.extras.tests/src/org/eclipse/xtext/metamodelreferencing/tests/EcorePerPlatformPlugin.ecore,1
eclipse,xtext-extras,org.eclipse.xtext.extras.tests/src/org/eclipse/xtext/metamodelreferencing/tests/EcorePerPlatformResource.ecore,1
eclipse,xtext-extras,org.eclipse.xtext.extras.tests/src/org/eclipse/xtext/resource/ecore/iso-8859-1.ecore,1
eclipse,xtext-extras,org.eclipse.xtext.extras.tests/src/org/eclipse/xtext/resource/ecore/utf16.ecore,1
eclipse,xtext-extras,org.eclipse.xtext.extras.tests/src/org/eclipse/xtext/resource/ecore/utf8.ecore,1
eclipse,xtext-extras,org.eclipse.xtext.extras.tests/src/org/eclipse/xtext/resource/mydsl.ecore,1
eclipse,xtext-extras,org.eclipse.xtext.extras.tests/src/org/eclipse/xtext/xtext/ecoreInference/test.ecore,1
eclipse,xtext-extras,org.eclipse.xtext.generator/src-gen/org/eclipse/xtext/generator/parser/antlr/debug/SimpleAntlr.ecore,1
eclipse,xtext-extras,org.eclipse.xtext.purexbase/model/generated/PureXbase.ecore,1
eclipse,xtext-extras,org.eclipse.xtext.xbase.testlanguages/model/generated/Bug462047Lang.ecore,1
eclipse,xtext-extras,org.eclipse.xtext.xbase.testlanguages/model/generated/ContentAssistFragmentTestLang.ecore,2
eclipse,xtext-extras,org.eclipse.xtext.xbase.testlanguages/model/generated/XImportSectionTestLang.ecore,2
eclipse,xtext-extras,org.eclipse.xtext.xbase/model/XAnnotations.ecore,1
eclipse,xtext-extras,org.eclipse.xtext.xbase/model/Xbase.ecore,2
eclipse,xtext-extras,org.eclipse.xtext.xbase/model/Xtype.ecore,1
eclipse,xtext-web,org.eclipse.xtext.web.example.entities/model/generated/Entities.ecore,1
eclipse,xtext-web,org.eclipse.xtext.web.example.statemachine/model/generated/Statemachine.ecore,1
xtext,seven-languages-xtext,languages/org.xtext.builddsl/model/generated/BuildDSL.ecore,1
xtext,seven-languages-xtext,languages/org.xtext.guicemodules/model/generated/GuiceModules.ecore,1
xtext,seven-languages-xtext,languages/org.xtext.httprouting/model/generated/Route.ecore,1
xtext,seven-languages-xtext,languages/org.xtext.mongobeans/model/generated/MongoBeans.ecore,1
xtext,seven-languages-xtext,languages/org.xtext.scripting/model/generated/Scripting.ecore,1
xtext,seven-languages-xtext,languages/org.xtext.template/model/generated/Template.ecore,1
xtext,seven-languages-xtext,languages/org.xtext.tortoiseshell/model/generated/TortoiseShell.ecore,1
RvonMassow,xDoc,org.eclipse.xtext.xdoc/model/Images.ecore,1
RvonMassow,xDoc,org.eclipse.xtext.xdoc/model/Xdoc.ecore,12
LorenzoBettini,packtpub-xtext-book-2nd-examples,org.example.customgreetings.parent/org.example.customgreetings/model/custom/Greetings.ecore,1
LorenzoBettini,packtpub-xtext-book-2nd-examples,org.example.school.parent/org.example.school.model/model/School.ecore,1
LorenzoBettini,packtpub-xtext-book-examples,org.example.build.hello/model/generated/Hello.ecore,1
LorenzoBettini,packtpub-xtext-book-examples,org.example.entities/model/generated/Entities.ecore,1
LorenzoBettini,packtpub-xtext-book-examples,org.example.expressions/model/generated/Expressions.ecore,1
LorenzoBettini,packtpub-xtext-book-examples,org.example.smalljava/model/generated/SmallJava.ecore,1
LorenzoBettini,packtpub-xtext-book-examples,org.example.xbase.entities/model/generated/Entities.ecore,1
LorenzoBettini,packtpub-xtext-book-examples,org.example.xbase.expressions/model/generated/Expressions.ecore,1
theia-ide,theia-xtext,xtext-dsl-language-server/io.typefox.xtext.langserver.example/model/generated/MyDsl.ecore,1
svenefftinge,xtext-lsp-workshop,org.xtext.calc.parent/org.xtext.calc/model/generated/Calculator.ecore,1
ObeoNetwork,Xtext-Sirius-integration,xtext-support-parent/examples/org.eclipse.xtext.example.fowlerdsl/model/generated/Statemachine.ecore,4
merks,Xcore,org.eclipse.emf.ecore.xcore/model/Xcore.ecore,5
ssi-schaefer,lcdsl,com.wamas.ide.launching/model/generated/LcDsl.ecore,18
vorburger,xtext-sandbox,EcoreXtext/ch.vorburger.xecore/model/generated/XEcore.ecore,1
vorburger,xtext-sandbox,JvmType/ch.vorburger.xtext.sandbox.learnjvmtype/model/generated/LearnJvmType.ecore,1
vorburger,xtext-sandbox,SerializerCrossRefNewResEObjHowTo/org.xtext.example.mydsl/model/generated/MyDsl.ecore,1
vorburger,xtext-sandbox,SerializingChangedResourceProblem/org.xtext.example.mydsl/model/generated/MyDsl.ecore,1
vorburger,xtext-sandbox,XbaseDomainmodelXExpression/org.eclipse.xtext.example.domainmodel/model/generated/Domainmodel.ecore,1
basilfx,xtext-standalone-maven-build,org.xtext.example.mydsl/model/generated/MyDsl.ecore,1
LorenzoBettini,Xtext2-experiments,hellocustomecore/org.xtext.example.hellocustomecore/model/custom/HelloCustomEcore.ecore,2
LorenzoBettini,Xtext2-experiments,helloinferrer/org.xtext.example.helloinferrer/src-gen/org/xtext/example/helloinferrer/HelloInferrer.ecore,6
LorenzoBettini,Xtext2-experiments,hellojvmtypes/org.xtext.example.hellojvmtypes/src-gen/org/xtext/example/hellojvmtypes/HelloJvmTypes.ecore,4
LorenzoBettini,Xtext2-experiments,helloxbase/org.xtext.example.helloxbase/src-gen/org/xtext/example/helloxbase/HelloXbase.ecore,5
eclipse,xsemantics,plugins/org.eclipse.xsemantics.dsl/model/custom/Xsemantics.ecore,1
mzaks,FlatBuffersSchemaEditor,maxim.zaks.flattBuffers/model/generated/FlatBuffers.ecore,10
dsldevkit,dsl-devkit,com.avaloq.tools.ddk.check.core/metamodel/com/avaloq/tools/ddk/check/Check.ecore,2
dsldevkit,dsl-devkit,com.avaloq.tools.ddk.check.test.runtime/src-gen/com/avaloq/tools/ddk/check/TestLanguage.ecore,1
dsldevkit,dsl-devkit,com.avaloq.tools.ddk.checkcfg.core/metamodel/com/avaloq/tools/ddk/checkcfg/CheckCfg.ecore,1
dsldevkit,dsl-devkit,com.avaloq.tools.ddk.sample.helloworld/model/generated/HelloWorld.ecore,2
dsldevkit,dsl-devkit,com.avaloq.tools.ddk.typesystem/model/BuiltInTypeModel.ecore,1
dsldevkit,dsl-devkit,com.avaloq.tools.ddk.typesystem/model/TypeModel.ecore,3
dsldevkit,dsl-devkit,com.avaloq.tools.ddk.xtext.export/metamodel/com/avaloq/tools/ddk/xtext/export/Export.ecore,1
dsldevkit,dsl-devkit,com.avaloq.tools.ddk.xtext.expression/metamodel/com/avaloq/tools/ddk/xtext/expression/Expression.ecore,1
dsldevkit,dsl-devkit,com.avaloq.tools.ddk.xtext.format/model/generated/Format.ecore,2
dsldevkit,dsl-devkit,com.avaloq.tools.ddk.xtext.scope/metamodel/com/avaloq/tools/ddk/xtext/scope/Scope.ecore,1
dsldevkit,dsl-devkit,com.avaloq.tools.ddk.xtext.test/src-gen/com/avaloq/tools/ddk/xtext/formatter/FormatterTestLanguage.ecore,3
dsldevkit,dsl-devkit,com.avaloq.tools.ddk.xtext.valid.test/model/ValidScopingTest.ecore,1
dsldevkit,dsl-devkit,com.avaloq.tools.ddk.xtext.valid/metamodel/com/avaloq/tools/ddk/xtext/valid/Valid.ecore,2
dsldevkit,dsl-devkit,com.avaloq.tools.ddk.xtext/model/ModelInference.ecore,2
att,yang-design-studio,yang.Manager/bin/yang/manager/yang/impl/yang.ecore,1
att,yang-design-studio,yang.Manager/model/generated/Yang.ecore,1
att,yang-design-studio,yang.Manager/src-gen/yang/manager/yang/impl/yang.ecore,1
martinbaker,xtextadd,macro/com.euclideanspace.macro/model/generated/Demo.ecore,1
martinbaker,xtextadd,nodemodeltest/com.euclideanspace.phantom1/model/generated/Test1.ecore,1
martinbaker,xtextadd,pbase/com.euclideanspace.pbase/model/generated/Tutorial.ecore,1
martinbaker,xtextadd,whitespaceblock/com.euclideanspace.whitespaceblock/model/generated/Demo.ecore,1
martinbaker,xtextadd,xgener/com.euclideanspace.xgener/model/generated/Gen.ecore,15
LorenzoBettini,edelta,edelta.parent/edelta.dependency.analyzer.model/model/GraphMM.ecore,2
LorenzoBettini,edelta,edelta.parent/edelta.dependency.analyzer.swtbot.tests.project/model/PersonsMM.ecore,1
LorenzoBettini,edelta,edelta.parent/edelta.dependency.analyzer.swtbot.tests.project/model/Subscriptions.ecore,1
LorenzoBettini,edelta,edelta.parent/edelta.dependency.analyzer.swtbot.tests.project/model/WebApp.ecore,1
LorenzoBettini,edelta,edelta.parent/edelta.dependency.analyzer.tests/testecores/bidirectional/TestEcoreForUsages1.ecore,1
LorenzoBettini,edelta,edelta.parent/edelta.dependency.analyzer.tests/testecores/bidirectional/TestEcoreForUsages2.ecore,1
LorenzoBettini,edelta,edelta.parent/edelta.dependency.analyzer.tests/testecores/independentdependencies/TestEcoreForUsages1.ecore,1
LorenzoBettini,edelta,edelta.parent/edelta.dependency.analyzer.tests/testecores/independentdependencies/TestEcoreForUsages2.ecore,1
LorenzoBettini,edelta,edelta.parent/edelta.dependency.analyzer.tests/testecores/independentdependencies/TestEcoreForUsages3.ecore,1
LorenzoBettini,edelta,edelta.parent/edelta.dependency.analyzer.tests/testecores/independentdependencies/TestEcoreForUsages4.ecore,1
LorenzoBettini,edelta,edelta.parent/edelta.dependency.analyzer.tests/testecores/transitive/TestEcoreForUsages1.ecore,1
LorenzoBettini,edelta,edelta.parent/edelta.dependency.analyzer.tests/testecores/transitive/TestEcoreForUsages2.ecore,1
LorenzoBettini,edelta,edelta.parent/edelta.dependency.analyzer.tests/testecores/transitive/TestEcoreForUsages3.ecore,1
LorenzoBettini,edelta,edelta.parent/edelta.dependency.analyzer.tests/testecores/twodependencies/TestEcoreForUsages1.ecore,1
LorenzoBettini,edelta,edelta.parent/edelta.dependency.analyzer.tests/testecores/twodependencies/TestEcoreForUsages2.ecore,1
LorenzoBettini,edelta,edelta.parent/edelta.dependency.analyzer.tests/testecores/twodependencies/TestEcoreForUsages4.ecore,1
LorenzoBettini,edelta,edelta.parent/edelta.dependency.analyzer.tests/testecores/unidirectional/TestEcoreForUsages1.ecore,1
LorenzoBettini,edelta,edelta.parent/edelta.dependency.analyzer.tests/testecores/unidirectional/TestEcoreForUsages2.ecore,1
LorenzoBettini,edelta,edelta.parent/edelta.example/model/My.ecore,2
LorenzoBettini,edelta,edelta.parent/edelta.example/model/MyEcoreForLiveValidation.ecore,1
LorenzoBettini,edelta,edelta.parent/edelta.example/model/MySubPackages.ecore,1
LorenzoBettini,edelta,edelta.parent/edelta.example/model/TestEcoreForReferences1.ecore,1
LorenzoBettini,edelta,edelta.parent/edelta.example/model/TestEcoreForReferences2.ecore,1
LorenzoBettini,edelta,edelta.parent/edelta.examples/expectations/AddressBook.ecore,2
LorenzoBettini,edelta,edelta.parent/edelta.examples/expectations/AddressBook2.ecore,1
LorenzoBettini,edelta,edelta.parent/edelta.examples/expectations/AnotherSimple.ecore,1
LorenzoBettini,edelta,edelta.parent/edelta.examples/expectations/ChangeReferenceType/PersonListForChangeType.ecore,1
LorenzoBettini,edelta,edelta.parent/edelta.examples/expectations/ChangeReferenceTypeMultiple/PersonListForChangeType.ecore,1
LorenzoBettini,edelta,edelta.parent/edelta.examples/expectations/ChangeToAbstract/PersonListForChangeToAbstract.ecore,2
LorenzoBettini,edelta,edelta.parent/edelta.examples/expectations/ExamXMLExample1/ExamXML.ecore,1
LorenzoBettini,edelta,edelta.parent/edelta.examples/expectations/ExamXMLExample2/ExamXML.ecore,1
LorenzoBettini,edelta,edelta.parent/edelta.examples/expectations/Person.ecore,1
LorenzoBettini,edelta,edelta.parent/edelta.examples/expectations/PersonList.ecore,1
LorenzoBettini,edelta,edelta.parent/edelta.examples/expectations/PersonListForChangeUpperBound.ecore,1
LorenzoBettini,edelta,edelta.parent/edelta.examples/expectations/Petrinet.ecore,5
LorenzoBettini,edelta,edelta.parent/edelta.examples/expectations/Simple.ecore,1
LorenzoBettini,edelta,edelta.parent/edelta.examples/expectations/StateCharts.ecore,2
LorenzoBettini,edelta,edelta.parent/edelta.examples/expectations/StateChartsEnum.ecore,1
LorenzoBettini,edelta,edelta.parent/edelta.examples/expectations/WorkPlace.ecore,1
LorenzoBettini,edelta,edelta.parent/edelta.examples/model/AddressBook.ecore,2
LorenzoBettini,edelta,edelta.parent/edelta.examples/model/AddressBook2.ecore,1
LorenzoBettini,edelta,edelta.parent/edelta.examples/model/AnotherSimple.ecore,1
LorenzoBettini,edelta,edelta.parent/edelta.examples/model/ExamXML.ecore,1
LorenzoBettini,edelta,edelta.parent/edelta.examples/model/Person.ecore,1
LorenzoBettini,edelta,edelta.parent/edelta.examples/model/PersonList.ecore,1
LorenzoBettini,edelta,edelta.parent/edelta.examples/model/PersonListForChangeToAbstract.ecore,1
LorenzoBettini,edelta,edelta.parent/edelta.examples/model/PersonListForChangeType.ecore,1
LorenzoBettini,edelta,edelta.parent/edelta.examples/model/PersonListForChangeUpperBound.ecore,1
LorenzoBettini,edelta,edelta.parent/edelta.examples/model/Petrinet.ecore,2
LorenzoBettini,edelta,edelta.parent/edelta.examples/model/Simple.ecore,1
LorenzoBettini,edelta,edelta.parent/edelta.examples/model/StateCharts.ecore,1
LorenzoBettini,edelta,edelta.parent/edelta.examples/model/StateChartsEnum.ecore,1
LorenzoBettini,edelta,edelta.parent/edelta.examples/model/WorkPlace.ecore,1
LorenzoBettini,edelta,edelta.parent/edelta.examples/old-modified/beforeNewExtractMetaClass/PersonListBeforeNewExtractMetaClass.ecore,1
LorenzoBettini,edelta,edelta.parent/edelta.examples/old-modified/beforeNewExtractMetaClass/PetrinetBeforeNewExtractMetaClass.ecore,1
LorenzoBettini,edelta,edelta.parent/edelta.lib.tests/testecores/My.ecore,4
LorenzoBettini,edelta,edelta.parent/edelta.lib.tests/testecores/My2.ecore,1
LorenzoBettini,edelta,edelta.parent/edelta.lib.tests/testecores/MySubPackages.ecore,2
LorenzoBettini,edelta,edelta.parent/edelta.lib.tests/testecores/TestEcoreForReferences.ecore,2
LorenzoBettini,edelta,edelta.parent/edelta.lib.tests/testecores/TestEcoreForReferences1.ecore,2
LorenzoBettini,edelta,edelta.parent/edelta.lib.tests/testecores/TestEcoreForReferences2.ecore,2
LorenzoBettini,edelta,edelta.parent/edelta.lib.tests/testecores/TestEcoreForRemove.ecore,3
LorenzoBettini,edelta,edelta.parent/edelta.lib.tests/testecores/TestEcoreForUsages1.ecore,1
LorenzoBettini,edelta,edelta.parent/edelta.lib.tests/testecores/TestEcoreForUsages2.ecore,1
LorenzoBettini,edelta,edelta.parent/edelta.lib.tests/testecores/TestEcoreForUsages3.ecore,1
LorenzoBettini,edelta,edelta.parent/edelta.lib.tests/testecores/TestEcoreForUsages4.ecore,1
LorenzoBettini,edelta,edelta.parent/edelta.maven.example/model/My.ecore,1
LorenzoBettini,edelta,edelta.parent/edelta.maven.example/modified/My.ecore,3
LorenzoBettini,edelta,edelta.parent/edelta.model.example/model/MyExample.ecore,1
LorenzoBettini,edelta,edelta.parent/edelta.newproject.template/model/My.ecore,4
LorenzoBettini,edelta,edelta.parent/edelta.newproject.template/modified/My.ecore,12
LorenzoBettini,edelta,edelta.parent/edelta.testdata/expectations/changeReferenceTypeContainment/PersonList.ecore,1
LorenzoBettini,edelta,edelta.parent/edelta.testdata/expectations/changeReferenceTypeNonContainment/PersonList.ecore,1
LorenzoBettini,edelta,edelta.parent/edelta.testdata/expectations/changeReferenceTypeNonContainmentShared/PersonList.ecore,1
LorenzoBettini,edelta,edelta.parent/edelta.testdata/expectations/changeUpperBound/PersonList.ecore,1
LorenzoBettini,edelta,edelta.parent/edelta.testdata/expectations/changedAttributeNameAndType/My.ecore,1
LorenzoBettini,edelta,edelta.parent/edelta.testdata/expectations/changedAttributeType/My.ecore,1
LorenzoBettini,edelta,edelta.parent/edelta.testdata/expectations/changedAttributeTypeAndMultiplicity/My.ecore,1
LorenzoBettini,edelta,edelta.parent/edelta.testdata/expectations/changedAttributeTypeAndName/My.ecore,1
LorenzoBettini,edelta,edelta.parent/edelta.testdata/expectations/changedMultiAttributeType/My.ecore,1
LorenzoBettini,edelta,edelta.parent/edelta.testdata/expectations/changedMultiAttributeTypeAndMultiplicity/My.ecore,1
LorenzoBettini,edelta,edelta.parent/edelta.testdata/expectations/changedMultiAttributeTypeAndMultiplicityTo2/My.ecore,1
LorenzoBettini,edelta,edelta.parent/edelta.testdata/expectations/classToReferenceBidirectional/PersonList.ecore,1
LorenzoBettini,edelta,edelta.parent/edelta.testdata/expectations/classToReferenceBidirectionalDifferentOrder/PersonList.ecore,1
LorenzoBettini,edelta,edelta.parent/edelta.testdata/expectations/classToReferenceMultipleBidirectional/PersonList.ecore,1
LorenzoBettini,edelta,edelta.parent/edelta.testdata/expectations/classToReferenceMultipleUnidirectional/PersonList.ecore,1
LorenzoBettini,edelta,edelta.parent/edelta.testdata/expectations/classToReferenceUnidirectional/PersonList.ecore,1
LorenzoBettini,edelta,edelta.parent/edelta.testdata/expectations/classToReferenceWithCardinality/PersonList.ecore,1
LorenzoBettini,edelta,edelta.parent/edelta.testdata/expectations/classesWithTheSameName/My1.ecore,1
LorenzoBettini,edelta,edelta.parent/edelta.testdata/expectations/classesWithTheSameName/My2.ecore,1
LorenzoBettini,edelta,edelta.parent/edelta.testdata/expectations/composeOperations1/PersonList.ecore,1
LorenzoBettini,edelta,edelta.parent/edelta.testdata/expectations/copyFromFeature/TestEcore.ecore,1
LorenzoBettini,edelta,edelta.parent/edelta.testdata/expectations/copyFromFeatureRecursive/TestEcore.ecore,1
LorenzoBettini,edelta,edelta.parent/edelta.testdata/expectations/copyToAs/My.ecore,1
LorenzoBettini,edelta,edelta.parent/edelta.testdata/expectations/engineModification/My.ecore,1
LorenzoBettini,edelta,edelta.parent/edelta.testdata/expectations/engineModificationWithLib/My.ecore,1
LorenzoBettini,edelta,edelta.parent/edelta.testdata/expectations/enumToSubclasses/PersonList.ecore,1
LorenzoBettini,edelta,edelta.parent/edelta.testdata/expectations/extractClassWithAttributes/PersonList.ecore,1
LorenzoBettini,edelta,edelta.parent/edelta.testdata/expectations/extractClassWithReferences/PersonList.ecore,3
LorenzoBettini,edelta,edelta.parent/edelta.testdata/expectations/extractSuperclass/TestEcore.ecore,1
LorenzoBettini,edelta,edelta.parent/edelta.testdata/expectations/getMigratedTestData/My.ecore,1
LorenzoBettini,edelta,edelta.parent/edelta.testdata/expectations/inlineClassPrefix/PersonList.ecore,1
LorenzoBettini,edelta,edelta.parent/edelta.testdata/expectations/inlineClassWithAttributes/PersonList.ecore,1
LorenzoBettini,edelta,edelta.parent/edelta.testdata/expectations/inlineClassWithReferences/PersonList.ecore,2
LorenzoBettini,edelta,edelta.parent/edelta.testdata/expectations/makeBidirectional/PersonList.ecore,1
LorenzoBettini,edelta,edelta.parent/edelta.testdata/expectations/makeBidirectionalExisting/PersonList.ecore,1
LorenzoBettini,edelta,edelta.parent/edelta.testdata/expectations/makeMultiple/My.ecore,1
LorenzoBettini,edelta,edelta.parent/edelta.testdata/expectations/makeMultipleAndMakeSingle/My.ecore,1
LorenzoBettini,edelta,edelta.parent/edelta.testdata/expectations/makeMultipleAndMakeSingleContainmentReference/My.ecore,failed
LorenzoBettini,edelta,edelta.parent/edelta.testdata/expectations/makeMultipleAndMakeSingleNonContainmentReference/My.ecore,failed
LorenzoBettini,edelta,edelta.parent/edelta.testdata/expectations/makeMultipleContainmentReference/My.ecore,failed
LorenzoBettini,edelta,edelta.parent/edelta.testdata/expectations/makeMultipleNonContainmentReference/My.ecore,failed
LorenzoBettini,edelta,edelta.parent/edelta.testdata/expectations/makeMultipleTo2/My.ecore,failed
LorenzoBettini,edelta,edelta.parent/edelta.testdata/expectations/makeSingle/My.ecore,failed
LorenzoBettini,edelta,edelta.parent/edelta.testdata/expectations/makeSingleAndMakeMultiple/My.ecore,failed
LorenzoBettini,edelta,edelta.parent/edelta.testdata/expectations/makeSingleAndMakeMultipleContainmentReference/My.ecore,failed
LorenzoBettini,edelta,edelta.parent/edelta.testdata/expectations/makeSingleAndMakeMultipleNonContainmentReference/My.ecore,failed
LorenzoBettini,edelta,edelta.parent/edelta.testdata/expectations/makeSingleContainmentReference/My.ecore,failed
LorenzoBettini,edelta,edelta.parent/edelta.testdata/expectations/makeSingleNonContainmentReference/My.ecore,failed
LorenzoBettini,edelta,edelta.parent/edelta.testdata/expectations/manuallyCreatedResource/My.ecore,failed
LorenzoBettini,edelta,edelta.parent/edelta.testdata/expectations/manuallyRemovedClass/My.ecore,failed
LorenzoBettini,edelta,edelta.parent/edelta.testdata/expectations/mergeAndSplitAttributes/PersonList.ecore,failed
LorenzoBettini,edelta,edelta.parent/edelta.testdata/expectations/mergeAndSplitFeaturesContainment/PersonList.ecore,failed
LorenzoBettini,edelta,edelta.parent/edelta.testdata/expectations/mergeAttributes/PersonList.ecore,failed
LorenzoBettini,edelta,edelta.parent/edelta.testdata/expectations/mergeAttributesManual/Person.ecore,failed
LorenzoBettini,edelta,edelta.parent/edelta.testdata/expectations/mergeAttributesWithoutValueMerger/PersonList.ecore,failed
LorenzoBettini,edelta,edelta.parent/edelta.testdata/expectations/mergeClasses/TestEcore.ecore,failed
LorenzoBettini,edelta,edelta.parent/edelta.testdata/expectations/mergeFeatures/PersonList.ecore,failed
LorenzoBettini,edelta,edelta.parent/edelta.testdata/expectations/mergeFeatures2/PersonList.ecore,failed
LorenzoBettini,edelta,edelta.parent/edelta.testdata/expectations/mergeFeatures3/PersonList.ecore,failed
LorenzoBettini,edelta,edelta.parent/edelta.testdata/expectations/mergeFeaturesContainment/PersonList.ecore,failed
LorenzoBettini,edelta,edelta.parent/edelta.testdata/expectations/mergeFeaturesNonContainment/PersonList.ecore,failed
LorenzoBettini,edelta,edelta.parent/edelta.testdata/expectations/mergeFeaturesNonContainmentShared/PersonList.ecore,failed
LorenzoBettini,edelta,edelta.parent/edelta.testdata/expectations/movement/PersonList.ecore,failed
LorenzoBettini,edelta,edelta.parent/edelta.testdata/expectations/mutualReferencesRenamed/PersonForReferences.ecore,failed
LorenzoBettini,edelta,edelta.parent/edelta.testdata/expectations/mutualReferencesRenamed/WorkPlaceForReferences.ecore,failed
LorenzoBettini,edelta,edelta.parent/edelta.testdata/expectations/mutualReferencesRenamed2/PersonForReferences.ecore,failed
LorenzoBettini,edelta,edelta.parent/edelta.testdata/expectations/mutualReferencesRenamed2/WorkPlaceForReferences.ecore,failed
LorenzoBettini,edelta,edelta.parent/edelta.testdata/expectations/mutualReferencesUnchanged/PersonForReferences.ecore,failed
LorenzoBettini,edelta,edelta.parent/edelta.testdata/expectations/mutualReferencesUnchanged/WorkPlaceForReferences.ecore,failed
LorenzoBettini,edelta,edelta.parent/edelta.testdata/expectations/pullUpAndPushDown/PersonList.ecore,failed
LorenzoBettini,edelta,edelta.parent/edelta.testdata/expectations/pullUpAttributes/PersonList.ecore,failed
LorenzoBettini,edelta,edelta.parent/edelta.testdata/expectations/pullUpContainmentReferences/PersonList.ecore,failed
LorenzoBettini,edelta,edelta.parent/edelta.testdata/expectations/pullUpReferences/PersonList.ecore,failed
LorenzoBettini,edelta,edelta.parent/edelta.testdata/expectations/pushDownAndPullUp/PersonList.ecore,failed
LorenzoBettini,edelta,edelta.parent/edelta.testdata/expectations/pushDownFeatures/PersonList.ecore,failed
LorenzoBettini,edelta,edelta.parent/edelta.testdata/expectations/referenceToClassBidirectional/PersonList.ecore,failed
LorenzoBettini,edelta,edelta.parent/edelta.testdata/expectations/referenceToClassBidirectionalDifferentOrder/PersonList.ecore,failed
LorenzoBettini,edelta,edelta.parent/edelta.testdata/expectations/referenceToClassBidirectionalOppositeMultiple/PersonList.ecore,failed
LorenzoBettini,edelta,edelta.parent/edelta.testdata/expectations/referenceToClassMultipleBidirectional/PersonList.ecore,failed
LorenzoBettini,edelta,edelta.parent/edelta.testdata/expectations/referenceToClassMultipleBidirectionalChangedIntoSingleBoth/PersonList.ecore,failed
LorenzoBettini,edelta,edelta.parent/edelta.testdata/expectations/referenceToClassMultipleBidirectionalChangedIntoSingleMain/PersonList.ecore,failed
LorenzoBettini,edelta,edelta.parent/edelta.testdata/expectations/referenceToClassMultipleBidirectionalChangedIntoSingleOpposite/PersonList.ecore,failed
LorenzoBettini,edelta,edelta.parent/edelta.testdata/expectations/referenceToClassMultipleUnidirectional/PersonList.ecore,failed
LorenzoBettini,edelta,edelta.parent/edelta.testdata/expectations/referenceToClassUnidirectional/PersonList.ecore,failed
LorenzoBettini,edelta,edelta.parent/edelta.testdata/expectations/referenceToClassWithCardinality/PersonList.ecore,failed
LorenzoBettini,edelta,edelta.parent/edelta.testdata/expectations/removedContainmentFeature/My.ecore,failed
LorenzoBettini,edelta,edelta.parent/edelta.testdata/expectations/removedNonContainmentFeature/My.ecore,failed
LorenzoBettini,edelta,edelta.parent/edelta.testdata/expectations/removedNonReferredClass/My.ecore,failed
LorenzoBettini,edelta,edelta.parent/edelta.testdata/expectations/removedReferredClass/My.ecore,failed
LorenzoBettini,edelta,edelta.parent/edelta.testdata/expectations/renamedClass/My.ecore,failed
LorenzoBettini,edelta,edelta.parent/edelta.testdata/expectations/renamedFeature/My.ecore,failed
LorenzoBettini,edelta,edelta.parent/edelta.testdata/expectations/replaceWithCopy/My.ecore,failed
LorenzoBettini,edelta,edelta.parent/edelta.testdata/expectations/replaceWithCopyTwice/My.ecore,failed
LorenzoBettini,edelta,edelta.parent/edelta.testdata/expectations/resolveAbstractSubclassesOfConcreteSuperclasses/TestEcore.ecore,failed
LorenzoBettini,edelta,edelta.parent/edelta.testdata/expectations/resolveClassificationByHierarchy/TestEcore.ecore,failed
LorenzoBettini,edelta,edelta.parent/edelta.testdata/expectations/resolveConcreteAbstractMetaclass/TestEcore.ecore,failed
LorenzoBettini,edelta,edelta.parent/edelta.testdata/expectations/resolveDeadClassifiers/TestEcore.ecore,failed
LorenzoBettini,edelta,edelta.parent/edelta.testdata/expectations/resolveDeadClassifiersAlwaysTrue/TestEcore.ecore,failed
LorenzoBettini,edelta,edelta.parent/edelta.testdata/expectations/resolveDeadClassifiersParallel/TestEcoreReferred.ecore,failed
LorenzoBettini,edelta,edelta.parent/edelta.testdata/expectations/resolveDeadClassifiersParallel/TestEcoreReferring.ecore,failed
LorenzoBettini,edelta,edelta.parent/edelta.testdata/expectations/resolveDuplicatedFeatures/TestEcore.ecore,failed
LorenzoBettini,edelta,edelta.parent/edelta.testdata/expectations/resolveDuplicatedFeaturesInSubclasses/TestEcore.ecore,failed
LorenzoBettini,edelta,edelta.parent/edelta.testdata/expectations/resolveRedundantContainers/TestEcore.ecore,failed
LorenzoBettini,edelta,edelta.parent/edelta.testdata/expectations/simpleTestData/My.ecore,failed
LorenzoBettini,edelta,edelta.parent/edelta.testdata/expectations/simpleTestData/PersonList.ecore,failed
LorenzoBettini,edelta,edelta.parent/edelta.testdata/expectations/splitAndMergeAttributes/PersonList.ecore,failed
LorenzoBettini,edelta,edelta.parent/edelta.testdata/expectations/splitAndMergeFeatureContainment/PersonList.ecore,failed
LorenzoBettini,edelta,edelta.parent/edelta.testdata/expectations/splitAndMergeFeatureNonContainment/PersonList.ecore,failed
LorenzoBettini,edelta,edelta.parent/edelta.testdata/expectations/splitAttributes/PersonList.ecore,failed
LorenzoBettini,edelta,edelta.parent/edelta.testdata/expectations/splitClass/TestEcore.ecore,failed
LorenzoBettini,edelta,edelta.parent/edelta.testdata/expectations/splitClassCustom/TestEcore.ecore,failed
LorenzoBettini,edelta,edelta.parent/edelta.testdata/expectations/splitClassDefault/TestEcore.ecore,failed
LorenzoBettini,edelta,edelta.parent/edelta.testdata/expectations/splitFeatureContainment/PersonList.ecore,failed
LorenzoBettini,edelta,edelta.parent/edelta.testdata/expectations/splitFeatureNonContainment/PersonList.ecore,failed
LorenzoBettini,edelta,edelta.parent/edelta.testdata/expectations/splitFeatureNonContainmentShared/PersonList.ecore,failed
LorenzoBettini,edelta,edelta.parent/edelta.testdata/expectations/subclassesToEnum/PersonList.ecore,failed
LorenzoBettini,edelta,edelta.parent/edelta.testdata/expectations/testSaveModifiedEcoresAfterCopyingDerivedClass/My.ecore,failed
LorenzoBettini,edelta,edelta.parent/edelta.testdata/expectations/testSaveModifiedEcoresAfterRemovingBaseClass/My.ecore,failed
LorenzoBettini,edelta,edelta.parent/edelta.testdata/expectations/testSaveModifiedEcoresAfterRemovingReferredClass/TestEcoreForRemove.ecore,failed
LorenzoBettini,edelta,edelta.parent/edelta.testdata/expectations/testSaveModifiedEcoresAfterRenamingBaseClass/My.ecore,failed
LorenzoBettini,edelta,edelta.parent/edelta.testdata/expectations/toUpperCaseSingleAttribute/My.ecore,failed
LorenzoBettini,edelta,edelta.parent/edelta.testdata/expectations/toUpperCaseSingleAttributeAndMakeMultiple/My.ecore,failed
LorenzoBettini,edelta,edelta.parent/edelta.testdata/expectations/toUpperCaseSingleAttributeAndRenamedBefore/My.ecore,failed
LorenzoBettini,edelta,edelta.parent/edelta.testdata/expectations/toUpperCaseSingleAttributeMultipleAndMakeSingle/My.ecore,failed
LorenzoBettini,edelta,edelta.parent/edelta.testdata/expectations/toUpperCaseStringAttributes/My.ecore,failed
LorenzoBettini,edelta,edelta.parent/edelta.testdata/expectations/toUpperCaseStringAttributesMultiple/My.ecore,failed
LorenzoBettini,edelta,edelta.parent/edelta.testdata/testdata/changeReferenceTypeContainment/PersonList.ecore,failed
LorenzoBettini,edelta,edelta.parent/edelta.testdata/testdata/changeReferenceTypeNonContainment/PersonList.ecore,failed
LorenzoBettini,edelta,edelta.parent/edelta.testdata/testdata/changeReferenceTypeNonContainmentShared/PersonList.ecore,failed
LorenzoBettini,edelta,edelta.parent/edelta.testdata/testdata/changeUpperBound/PersonList.ecore,failed
LorenzoBettini,edelta,edelta.parent/edelta.testdata/testdata/changedAttributeType/My.ecore,failed
LorenzoBettini,edelta,edelta.parent/edelta.testdata/testdata/changedMultiAttributeType/My.ecore,failed
LorenzoBettini,edelta,edelta.parent/edelta.testdata/testdata/classToReferenceBidirectional/PersonList.ecore,failed
LorenzoBettini,edelta,edelta.parent/edelta.testdata/testdata/classToReferenceBidirectionalDifferentOrder/PersonList.ecore,failed
LorenzoBettini,edelta,edelta.parent/edelta.testdata/testdata/classToReferenceMultipleBidirectional/PersonList.ecore,failed
LorenzoBettini,edelta,edelta.parent/edelta.testdata/testdata/classToReferenceMultipleUnidirectional/PersonList.ecore,failed
LorenzoBettini,edelta,edelta.parent/edelta.testdata/testdata/classToReferenceUnidirectional/PersonList.ecore,failed
LorenzoBettini,edelta,edelta.parent/edelta.testdata/testdata/classToReferenceWithCardinality/PersonList.ecore,failed
LorenzoBettini,edelta,edelta.parent/edelta.testdata/testdata/classToReferenceWronglyReferred/TestEcore.ecore,failed
LorenzoBettini,edelta,edelta.parent/edelta.testdata/testdata/classToReferenceWronglyReferredParallel/TestEcore.ecore,failed
LorenzoBettini,edelta,edelta.parent/edelta.testdata/testdata/classToReferenceWronglyReferredParallel/TestEcoreReferring.ecore,failed
LorenzoBettini,edelta,edelta.parent/edelta.testdata/testdata/classesWithTheSameName/My1.ecore,failed
LorenzoBettini,edelta,edelta.parent/edelta.testdata/testdata/classesWithTheSameName/My2.ecore,failed
LorenzoBettini,edelta,edelta.parent/edelta.testdata/testdata/copyFromFeature/TestEcore.ecore,failed
LorenzoBettini,edelta,edelta.parent/edelta.testdata/testdata/copyFromFeatureRecursive/TestEcore.ecore,failed
LorenzoBettini,edelta,edelta.parent/edelta.testdata/testdata/enumToSubclasses/PersonList.ecore,failed
LorenzoBettini,edelta,edelta.parent/edelta.testdata/testdata/extractClassWithAttributes/PersonList.ecore,failed
LorenzoBettini,edelta,edelta.parent/edelta.testdata/testdata/extractClassWithAttributesContainedInDifferentClasses/PersonList.ecore,failed
LorenzoBettini,edelta,edelta.parent/edelta.testdata/testdata/extractClassWithReferences/PersonList.ecore,failed
LorenzoBettini,edelta,edelta.parent/edelta.testdata/testdata/extractClassWithReferencesBidirectional/PersonList.ecore,failed
LorenzoBettini,edelta,edelta.parent/edelta.testdata/testdata/extractSuperclass/TestEcore.ecore,failed
LorenzoBettini,edelta,edelta.parent/edelta.testdata/testdata/getMigratedTestData/My.ecore,failed
LorenzoBettini,edelta,edelta.parent/edelta.testdata/testdata/inlineClassPrefix/PersonList.ecore,failed
LorenzoBettini,edelta,edelta.parent/edelta.testdata/testdata/inlineClassWithAttributes/PersonList.ecore,failed
LorenzoBettini,edelta,edelta.parent/edelta.testdata/testdata/inlineClassWithAttributesWronglyMulti/PersonList.ecore,failed
LorenzoBettini,edelta,edelta.parent/edelta.testdata/testdata/inlineClassWithAttributesWronglyUsedByOthersParallel/PersonList.ecore,failed
LorenzoBettini,edelta,edelta.parent/edelta.testdata/testdata/inlineClassWithAttributesWronglyUsedByOthersParallel/PersonListReferring.ecore,failed
LorenzoBettini,edelta,edelta.parent/edelta.testdata/testdata/inlineClassWithReferences/PersonList.ecore,failed
LorenzoBettini,edelta,edelta.parent/edelta.testdata/testdata/inlineClassWithReferencesBidirectional/PersonList.ecore,failed
LorenzoBettini,edelta,edelta.parent/edelta.testdata/testdata/makeBidirectional/PersonList.ecore,failed
LorenzoBettini,edelta,edelta.parent/edelta.testdata/testdata/makeBidirectionalExisting/PersonList.ecore,failed
LorenzoBettini,edelta,edelta.parent/edelta.testdata/testdata/mergeAndSplitAttributes/PersonList.ecore,failed
LorenzoBettini,edelta,edelta.parent/edelta.testdata/testdata/mergeAndSplitFeaturesContainment/PersonList.ecore,failed
LorenzoBettini,edelta,edelta.parent/edelta.testdata/testdata/mergeAttributes/PersonList.ecore,failed
LorenzoBettini,edelta,edelta.parent/edelta.testdata/testdata/mergeAttributesManual/Person.ecore,failed
LorenzoBettini,edelta,edelta.parent/edelta.testdata/testdata/mergeClasses/TestEcore.ecore,failed
LorenzoBettini,edelta,edelta.parent/edelta.testdata/testdata/mergeFeatures/PersonList.ecore,failed
LorenzoBettini,edelta,edelta.parent/edelta.testdata/testdata/mergeFeatures2/PersonList.ecore,failed
LorenzoBettini,edelta,edelta.parent/edelta.testdata/testdata/mergeFeatures3/PersonList.ecore,failed
LorenzoBettini,edelta,edelta.parent/edelta.testdata/testdata/mergeFeaturesContainment/PersonList.ecore,failed
LorenzoBettini,edelta,edelta.parent/edelta.testdata/testdata/mergeFeaturesDifferent/PersonList.ecore,failed
LorenzoBettini,edelta,edelta.parent/edelta.testdata/testdata/mergeFeaturesNonContainment/PersonList.ecore,failed
LorenzoBettini,edelta,edelta.parent/edelta.testdata/testdata/mergeFeaturesNonContainmentShared/PersonList.ecore,failed
LorenzoBettini,edelta,edelta.parent/edelta.testdata/testdata/models/Empty.ecore,failed
LorenzoBettini,edelta,edelta.parent/edelta.testdata/testdata/models/My.ecore,failed
LorenzoBettini,edelta,edelta.parent/edelta.testdata/testdata/models/My2.ecore,failed
LorenzoBettini,edelta,edelta.parent/edelta.testdata/testdata/mutualReferencesUnchanged/PersonForReferences.ecore,failed
LorenzoBettini,edelta,edelta.parent/edelta.testdata/testdata/mutualReferencesUnchanged/WorkPlaceForReferences.ecore,failed
LorenzoBettini,edelta,edelta.parent/edelta.testdata/testdata/pullUpAttributes/PersonList.ecore,failed
LorenzoBettini,edelta,edelta.parent/edelta.testdata/testdata/pullUpContainmentReferences/PersonList.ecore,failed
LorenzoBettini,edelta,edelta.parent/edelta.testdata/testdata/pullUpFeaturesDifferent/PersonList.ecore,failed
LorenzoBettini,edelta,edelta.parent/edelta.testdata/testdata/pullUpFeaturesNotSubclass/PersonList.ecore,failed
LorenzoBettini,edelta,edelta.parent/edelta.testdata/testdata/pullUpReferences/PersonList.ecore,failed
LorenzoBettini,edelta,edelta.parent/edelta.testdata/testdata/pushDownFeatures/PersonList.ecore,failed
LorenzoBettini,edelta,edelta.parent/edelta.testdata/testdata/referenceToClassBidirectional/PersonList.ecore,failed
LorenzoBettini,edelta,edelta.parent/edelta.testdata/testdata/referenceToClassBidirectionalDifferentOrder/PersonList.ecore,failed
LorenzoBettini,edelta,edelta.parent/edelta.testdata/testdata/referenceToClassBidirectionalOppositeMultiple/PersonList.ecore,failed
LorenzoBettini,edelta,edelta.parent/edelta.testdata/testdata/referenceToClassMultipleBidirectional/PersonList.ecore,failed
LorenzoBettini,edelta,edelta.parent/edelta.testdata/testdata/referenceToClassMultipleUnidirectional/PersonList.ecore,failed
LorenzoBettini,edelta,edelta.parent/edelta.testdata/testdata/referenceToClassUnidirectional/PersonList.ecore,failed
LorenzoBettini,edelta,edelta.parent/edelta.testdata/testdata/referenceToClassWithCardinality/PersonList.ecore,failed
LorenzoBettini,edelta,edelta.parent/edelta.testdata/testdata/referenceToClassWithContainmentReference/PersonList.ecore,failed
LorenzoBettini,edelta,edelta.parent/edelta.testdata/testdata/referencesMultiple/My.ecore,failed
LorenzoBettini,edelta,edelta.parent/edelta.testdata/testdata/referencesSingle/My.ecore,failed
LorenzoBettini,edelta,edelta.parent/edelta.testdata/testdata/resolveAbstractSubclassesOfConcreteSuperclasses/TestEcore.ecore,failed
LorenzoBettini,edelta,edelta.parent/edelta.testdata/testdata/resolveClassificationByHierarchy/TestEcore.ecore,failed
LorenzoBettini,edelta,edelta.parent/edelta.testdata/testdata/resolveConcreteAbstractMetaclass/TestEcore.ecore,failed
LorenzoBettini,edelta,edelta.parent/edelta.testdata/testdata/resolveDeadClassifiers/TestEcore.ecore,failed
LorenzoBettini,edelta,edelta.parent/edelta.testdata/testdata/resolveDeadClassifiersAlwaysTrue/TestEcore.ecore,failed
LorenzoBettini,edelta,edelta.parent/edelta.testdata/testdata/resolveDeadClassifiersParallel/TestEcoreReferred.ecore,failed
LorenzoBettini,edelta,edelta.parent/edelta.testdata/testdata/resolveDeadClassifiersParallel/TestEcoreReferring.ecore,failed
LorenzoBettini,edelta,edelta.parent/edelta.testdata/testdata/resolveDuplicatedFeatures/TestEcore.ecore,failed
LorenzoBettini,edelta,edelta.parent/edelta.testdata/testdata/resolveDuplicatedFeaturesInSubclasses/TestEcore.ecore,failed
LorenzoBettini,edelta,edelta.parent/edelta.testdata/testdata/resolveRedundantContainers/TestEcore.ecore,failed
LorenzoBettini,edelta,edelta.parent/edelta.testdata/testdata/simpleTestData/My.ecore,failed
LorenzoBettini,edelta,edelta.parent/edelta.testdata/testdata/simpleTestData/PersonList.ecore,failed
LorenzoBettini,edelta,edelta.parent/edelta.testdata/testdata/simpleTestData/SingleContainment.ecore,failed
LorenzoBettini,edelta,edelta.parent/edelta.testdata/testdata/splitAndMergeAttributes/PersonList.ecore,failed
LorenzoBettini,edelta,edelta.parent/edelta.testdata/testdata/splitAndMergeFeatureContainment/PersonList.ecore,failed
LorenzoBettini,edelta,edelta.parent/edelta.testdata/testdata/splitAndMergeFeatureNonContainment/PersonList.ecore,failed
LorenzoBettini,edelta,edelta.parent/edelta.testdata/testdata/splitAttributes/PersonList.ecore,failed
LorenzoBettini,edelta,edelta.parent/edelta.testdata/testdata/splitClass/TestEcore.ecore,failed
LorenzoBettini,edelta,edelta.parent/edelta.testdata/testdata/splitFeatureContainment/PersonList.ecore,failed
LorenzoBettini,edelta,edelta.parent/edelta.testdata/testdata/splitFeatureNonContainment/PersonList.ecore,failed
LorenzoBettini,edelta,edelta.parent/edelta.testdata/testdata/splitFeatureNonContainmentShared/PersonList.ecore,failed
LorenzoBettini,edelta,edelta.parent/edelta.testdata/testdata/subclassesToEnum/PersonList.ecore,failed
LorenzoBettini,edelta,edelta.parent/edelta.testdata/testdata/subclassesToEnumSubclassesNotEmpty/PersonList.ecore,failed
LorenzoBettini,edelta,edelta.parent/edelta.testdata/testdata/subclassesToEnumSubclassesWrongSubclasses/PersonList.ecore,failed
LorenzoBettini,edelta,edelta.parent/edelta.testdata/testdata/subclassesToEnumSubclassesWrongSubclassesParallel/PersonList.ecore,failed
LorenzoBettini,edelta,edelta.parent/edelta.testdata/testdata/subclassesToEnumSubclassesWrongSubclassesParallel/PersonListReferring.ecore,failed
LorenzoBettini,edelta,edelta.parent/edelta.testdata/testdata/toUpperCaseStringAttributes/My.ecore,failed
LorenzoBettini,edelta,edelta.parent/edelta.testdata/testdata/toUpperCaseStringAttributesMultiple/My.ecore,failed
LorenzoBettini,edelta,edelta.parent/edelta.testprojects.first/model/My1.ecore,failed
LorenzoBettini,edelta,edelta.parent/edelta.testprojects.second/model/My2.ecore,failed
LorenzoBettini,edelta,edelta.parent/edelta.tests/src/edelta/tests/input/models/AnotherSimple.ecore,failed
LorenzoBettini,edelta,edelta.parent/edelta.tests/src/edelta/tests/input/models/EcoreForTests.ecore,failed
LorenzoBettini,edelta,edelta.parent/edelta.tests/src/edelta/tests/input/models/PersonList.ecore,failed
LorenzoBettini,edelta,edelta.parent/edelta.tests/src/edelta/tests/input/models/Simple.ecore,failed
LorenzoBettini,edelta,edelta.parent/edelta.tests/src/edelta/tests/input/models/TestEcoreForReferences1.ecore,failed
LorenzoBettini,edelta,edelta.parent/edelta.tests/src/edelta/tests/input/models/TestEcoreForReferences2.ecore,failed
LorenzoBettini,edelta,edelta.parent/edelta.tests/testecores/foo.ecore,failed
LorenzoBettini,edelta,edelta.parent/edelta.ui.tests.project/model/My.ecore,failed
LorenzoBettini,edelta,edelta.parent/edelta.ui.tests.project/model/MySubPackages.ecore,failed
