Owner Login,Repo Name,Found Extensions
waynepiekarski,XTextureExtractor,
TypeFox,theia-xtext-sprotty-example,sm
altran-mde,xtext-sirius-integration,"classes,ekeylang,html,inlineClasses,reflang,reflang_edit,statemachine,statemachineInlineedit"
graph-quilt,graphql-xtext,graphql
TypeFox,vscode-xtext-sprotty-example,sm
eclipse,xtext-website,
intuit,common-xtext-expression-language,expr
PacktPublishing,Implementing-Domain-Specific-Languages-with-Xtext-and-Xtend,"entities,expressions,greetings,helloidea,hellomaven,helloweb,library,school,smalljava,xentities,xexpressions"
resloved,xtext,ddd
lurenzhangdeshuai,EmojiText-XText,
kuniss,xtext-ide-extensions,xtext
graph-quilt,xtext-service-dsl,service
btc-ag,service-idl,idl
eventB-Soton,XUML_B,umlbx
Minres,CoreDSL,core_desc
TypeFox,xtext2langium,
v-bashev,post_core,post
NielsLiisberg,RPG-lexer,rpgle
OpenSextant,XText,ddd
laubfall,jugh-xtext-arkanoid,ark
khabdrick,LambdaXtextract,
bsati,mgpl-xtext,mgpl
UnBCIC-TP2,Oberon-XText,oberon
TopXDevTeam,TopXTextUI,
ngreve,xtext_web,lpdsl
nmaoez,composer-language-server,expression
FAMILIAR-project,xtext-dsl-compiler-example,mydsl1
eventB-Soton,XTheory,thy
program-in-chinese,xtext_tutorial_15_min_zh,"mydsl,quan6"
code-kontor,openCypher-Xtext,cypher
eclipse,epsilon,"dmodel,evldsl"
UnBCIC-TP2,Oberon-IDE,oberon
idiomaticsoft,xtext-tips,"block,hello,hellogen,hex"
atb,pt.isep.dsl.puml,puml
Webastronaut,mgpl,mgpl
PAMunb,MetaCrySL,crysl
raghvendra-v,tosca-yaml-lsp,"yaml,yml"
zxhr,gradle-xtext-generator,
tmtron,ex.xtext.lsp,exdsl
echebbi,standalone-xtext-example,mydsl
darvasd,xtext-docs-gen,domain
jcabot,WordPress-Plugin-DSL,wpdsl
JensBAndersen,PolicyLanguage,
Zannith,XtextTest,
AnnaLenaMeiners,XtextExamples,"expressions,smalljava"
Kerolos77,XTextEditor,
Mabar16,xtextMath,
holgerschill,xtextCodebuff,
devzwy,XTextView,
mraminella,XtextExamples,"expressions,smalljava"
msntts,XtextStudy,mydsl
chiachong,XTextClassification,
vinisbranco,XtextGerador,
pakhopav,XtextPlugin,
IamRaziel,XtextTutorial,dmodel
dstoft,XtextWorkspace,"mathint,tut1"
MisbahAwan,XtextCollaborativeEnvironment,pkgdsl
pakhopav,XtextLanguage,
fonuhuolian,XTextView,
RomainLefeuvre,xtextHW,"mydsl,mydsl1"
BestCoderXQX,XTextFlagDemo,
vinisbranco,XtextTrabalho2,dmodel
loicperreal,Xtext,ddd
goflyboy,xtextsample,
SharkJ,XtextInheritanceTest,"dsl,dsl2"
hewenyuAndroid,XTextView-Android,
OLibutzki,XtextExtras446,xe446
vinisbranco,XtextJavaScript,
AndreasGroentved,XtextDSL2018,wpage
robertchristen,XTextCategorizer.Demo,
alvarofpp,tutorial-xtext,dmodel
pakhopav,XtextLanguageGradle,
pakhopav,xtext,ddd
adamhorvath88,Xtext,ddd
0xMYsteRy,Xtext,ddd
taylorlohan,XtextHealth2.0,
Caroline66666,xtext,ddd
xuxiaowen87,XText,ddd
MisbahAwan,xtext,ddd
ichxorya,failed-xtext2vscode-example,block
hwong23,dsl.evtool,evtool
RobMoloney,xtext,ddd
l1ppe,xtext,ddd
madhouni,wps-ecore-ocl-xtext,
MISO4202,uniandes.mdd.xtext2xmi,
tchebs,xtext,ddd
mlopez8621,xtext,ddd
magick93,xtext,ddd
ShivaniBali,Theia-Xtext-Yangster-Project-,dsl
ehah,XtendExample,
MISO4202,co.edu.uniandes.gramaticajmeter,csv
vks2106,prenum,
drkstr101,hello-xtext,"natural,words"
arthurmosley,Essex-Test,
eclipse,xtext-website-publish,
jflopezfernandez,xtextutils,
AlanQuadros,xtextlpmangan,tsc
jonaslagoni,JSON-Schema-to-internal-DSL,json
OezzyB,e-portfolio-Xtext,methods
fedorov-vk,apds_dsl,"prot,subj"
zinon,xtextminer,
mustafa231,xtexteditor,
MOSafely,xtextrepo,
bproenca,mpti-dsl,myhtml
LorenzoBettini,xtext-domain-model-guice-5,dmodel
BlackBeltTechnology,karaf-features-eclipse-xtext,
vashchenkov,xtext-samle,iqsocialdsl
germono,FormXtext,dsl
Quingo,compiler_xtext,"qfg,qu"
ShrawanBK,xtext_salestransaction,salestransaction
tshoang,XMarking,"fbk,mrk"
szschaler,henshin_xtext_adapter,
hakimuga,BIP-language,
adautofbn,pascal-xtext,pascal
efuentesp,Xtext-UCS,
preesm,ripacola-xtext,rip
wibeck,testXtext,mydsl
msun68,xtext-examples,rules
xTexturedxx,xTexturedxx,
HexXText,HexXText,
Gricel-lee,Xtext-Maven,mydsl1
kolchanov,org.xtext.example.mydsl.parent,mydsl
kecksk0enig,vuc-xtext,mgpl
EvdokimovMaks,xtext-expressions,expressions
Sorokatov,xtext-demo,dmodel
uppaal-emf,uppaal-xtext,xml
matheuslenke,Xtext-UML,umltext
r4mtor,xtext-talks,dataflow
nbhusare,xtext-playground,"model,ui"
kokostino,xtext_kokomodel,koko
GiordanoT,ocl-xtext,ocl
dr-jam,ABL-XText,abl
lahirugayanga,xtext-projection,projection
daniel614,xtext-webapp,wappm
Spiderixius,DSLIndividualXtext,mgl
mdsd-team-1,photos-xtext,mydsl
efuentesp,xtext-cobol,
torosky,Libreria-Xtext,
MaxiEckert,Xtext-example,mydsl2
as500,xtext-rpgle,
JavierOramas,AudiXText,
xtext,xtext-monorepo,"buildertestlanguage,calc,codetemplates,dmodel,ecore2xtexttest,entities,mydsl,nestedRefs,nojdt,rules,simplexml,statemachine,testlang,testlangext,typesAssistTest,xbase,xtend,xtext,xtext2,xtextgrammar"
vjordan,Xtext_browser,mydsl
Yop-La,xtext_project,mml
JesterOrNot,Gitpod-XText,hello
eclipse,xtext-archive,
Lethalaric,xtext-learning,dmodel
DSIE2,tr.xtext,teleor
ShivaniBali,Theia-Xtext,mydsl
kthoms,xtext-webinar,
christopherosthues,mgpl-xtext,mgpl
zhanglin2018,learnXtext,"entities,mydsl"
seebgar,Xtext-Projects,ceffective
Vallenstein,xtext_web,lpdsl
AbQadirr,dialogXtextflow,
blue995,xtext-orm,pmodel
arockiaraj1994,xtext-mvn,mydsl
moein9,passXtext,
saivarunr,xtext-editor,
JesterOrNot,xtext-cli,
Somiacao,xtext-web,mydsl
katmatt,graphql-xtext,graphql
LIONant-depot,xtexture_compiler,
tchebs,xtext-example,mydsl2
ballcoach12,xtext_samples,
AssaX0,MDSE-xtext,dmodel
samples-projects,sample-xtext,dmodel
karthik137,xtext-demo,dmodel
MDE-Course-23-24,SIRIUS-XTEXT,statemachinet
softlang,megal-xtext,megal
laurocesar,xtext-domainmodel,dmodel
Yahaya12,Xtext-project,
malhxr,SpeechXtext,
stanimirovv,xtext-extractor,
3m3k3,xtext-congen,mp
pen-zhang,xtext_elm_editor,
NSaitoNmiri,toppers_cfg_xtext,cfg
tmtron,ex.xtext.twog,"dsla,dslb"
vinicius0197,metacrysl,crysl
Dexels,navascript-editor,ns
adrianrutle,PCS953-EMF-Exercise,
ravornyo,xspice,cir
yamen-njm,IotXtext,iotmodel
kainzpat14,xtext-plsql,kainzplsql
epsilonlabs,emc-xtext,
robertovillarejo,kukulkan-grammar,3k
lvanzeun,ulm-xtext-test,metaulm
purerstamp,N7.compilateur,rat
jaedabee,xtext-gradle-test,
MassiBelaid,M-langeuse-Xtext,dmodel
qxe35v,xtext_encoding_dsl,enco
random-eclipse,nix-eclipse-xtext,nix
meta-doodle,Xtext_Gradle_Test,mdl
LiamWalsh98,nusmv-xtext-lsp,smv
MaximilianKoestler,vscode-xtext-links,
AhmedEssam2212,xText-Editor-,
adrinerDP,DSL-with-Xtext,entities
cdietrich,xtext-domainmodel-ls,dmodel
tmtron,ex.xtext.ml,"dsla,dslb,dslc"
andrewsandu,xtext-web-example,mydsl
pngowda,xtext-build-tools,
SharkJ,xtext-dsl-sample,mydsl
hammedb197,team-hacktive-xtext,
SimonCockx,xtext-monaco-example,mydsl
mister-walter,xtext-folding-issue,lisp
alexvolh,xtext-xml-grammar,xml
SharkJ,my-theia-xtext,dsl
urbanoanderson,xtext-gait-model,presc
vjordan,Xtext_directory-file,dirfile
JosBouwhuis,xText-DSL,
CS130-W20,assignment-2-xtext,
lunifera,xtext-jvmtypeprovider-standalone,
bobbyfisher1,eclipse-workspace,entities
dsl-course,xtext-entities-tutorial,
Highbrainer,xtext-pde-target,
mattsse,xtext-fipa-acl,acl
XIECHO,qingo_xtext_documentation,
FariSoftware,xtext-problem-matcher,
ShrawanBK,xtext.sales.transactions,
Lzgpom,xtext-gen-extension,"bamol,bm,calc,dmodel,rules,sm"
drkstr101,Domainmodel,dmodel
vinicius0197,expressions-dsl,expressions
LorenzoBettini,xtext-xdoc-releases,
KarstenWilken,xTextForum,mydsl
S-wald,xtext-plugin-gradle,"dmodel,mydsl"
lahirugayanga,xtext-example-dsl,mydsl
cdietrich,xtext-fragment-experiments,mydsl
cdietrich,xtext_bug_1974,mydsl
bergmanngabor,xtext-railmap-demo,rail
mchlrch,xtext-intro-bfh,har
EvdokimovMaks,xtext-example-entities,entities
cipek,MyFirstXText,helloweb
pngowda,xtext-ci-libs,
paulvberlin,BaSiriusXtext,activity
szarnyasg,sql-pgq-xtext,pgq
frademacher,xtext-jpms-test,
xtext,xtext-monorepo-lfs,
LorenzoBettini,xtext-build-utils,"maventestlanguage,tychopomlesstestlanguage,tychotestlanguage,tychoxbasetestlanguage"
cdietrich,xtext-two-dsls,"mydsla,mydslb"
balazsgrill,xtext_bug508518,mydsl
Tim-S,xtext-valueconverter-example,mydsl
ayakurtam,xText-Editor,
HouseBuilder-MDE,HouseBuilder-Xtext,hb2
xtext,xtext-orbit-replacement,
fedorov-vk,xtext-xcore-sample,library
gustavotemple,mo631xtext,rabbit
Tim-S,xtext-mapbasedscope-example,mydsl
shakenetwork,xTextHandler,
GabrielBozza,ProjetoXtextPFC,rules
HexXText,HexXTextSMP,
snarkipus,xtext-dsl-book,entities
fedorov-vk,xtextxtend-book-examples,"entities,expressions,greetings,library,school,smalljava,xentities,xexpressions"
ArneDeutsch,xtext-gradle-example,"mydsl,mydsl1,mydsl2"
oliver-reinhard,xtext-ppt-demo,abppt
tpluscode,xtext-completion-nullpointer,mydsl
idiomaticsoft,sbt-xtext-plugin,
pen-zhang,online_elm_xtext,oe
raglu,ExternalDSL-xtext,mydsl
kulcsii,xtext-railmap-theia,rail
NiccoMlt,xtext-showdown-grammar,sdt
NinjaArmy,xtext-language-server,
jnt0r,xtext-npe-reproducable,mydsl
HermanPeeren,eJSL-ANTLR4,
cs130-w21,statemachine,sm
csbc92,MDSE-assignment3,mathexp
ghillairet,org.example.mydsl.parent,mydsl
antoine-morvan,caph-java-parser,cph
abatti,XTEXT_FACPL3_PreserveVarious,
tfLabs,xtext-languageserver-example-duplicator,mydsl
LorenzoBettini,xtext-maven-plugin-example,mydsl
cdietrich,xtext-eclipse-issue-1009,
patrickneubauer,UoY-MODE-XTEXT,"entity,state"
cau-se,sprat-ecosystem-dsl-xtext,ecosystem
cdietrich,theia-xtext-vscode-example,
cdietrich,j9-tycho-xtext,mydsl5
loradd,xtext-lsp-ecore-support,dsl
nnn911,LaTeXTextOverlay,
IbanezGio,VuC,
Samirez,DSLs,"if,math,ui"
ShahimEssaid,com.essaid.model.xtext,
gon10,EclipseRepoTese,"entities,mydsl,rsl"
max-leuthaeuser,jmhmathexample,math
tshoang,WhitespaceIDE,ws
seebgar,MISO4202-proyecto-xtext,mydsl
NiccoMlt,xtext-15-minutes-tutorial,dmodel
SharkJ,theia-xtext-extension-test,dsl
jku-win-se,JsonBasedXtextGrammar,
altran-mde,xtext-sirius-integration.io,
cdietrich,xtext-core-issue-1835,
Zaki-Fadlan,xtext_getting_started_skilledup,dmodel
raptor494,Xtext-Minecraft-JSON-Languages,"mcblockstate,mcentity,mcloot,mcmodel"
rudi,xtext-emacs-lsp-demo,entities
fedorov-vk,apds_prototype,"prot,subj"
test-editor,test-editor-xtext-gradle,"aml,config,tcl,tfr,tml,tsl"
Ixgauth,perspectiveDSL-Sirus-Xtext,
keve98,SzakD_xtext_xtend,entx
silvergl,xtext-headless-rcp-example,mydsl
reinaqu,bpmnFromXtextDSL,bpsec
xtext,xtext-p2-orbit,
dsl-course,xtext-tutorial-turku-interim,entities
tfLabs,xtext-lsp-validation-anyway,mydsl
BalzGuenat,xtext-bug-minimal-example,mydsl
dmfullstack,org.xtext.example.mydsl,mydsl
SuelanyBrito,JFlex_CUP_XText_SQL,mydsl
cdietrich,xtext-languageserver-example-simple,mydsl
msntts,Xtext-Standalone-fat-jar,mydsl
oldulov,cfeditor,cf
LorenzoBettini,xtext-type-errors-examples,"expressions,fj"
claudenirmf,OntoUML-2.0-Xtext,ontouml
Mehmetcanss,example_xtext_language_server_vscode,person
lidochca,xtext.skip.build.before.rename,
cdietrich,xtext-maven-plugin-coverage-example,mydslcov
Kevin-Philip,TP_etudiant_Compilax,wh
elite-se,elite-se.xtext.languages.plantuml,puml
tshoang,BareBonesIDE,bb2
tareklel,PDFtoText,
TVTower,TVTBlitzmaxEditor,bmx
cdietrich,xtext-multi-dsl-manual-metamodel,mydsl3test
hallvard,xost,
davidmpaz,log-book,logtime
oliver-reinhard,xtext-scoping-default-imports-demo,scope2
tshoang,Simple-Barebone-XText-based-IDE,bb
MISO4202,uniandes.mdd.example.create-xtext,
NaoMod,XText-Language-Server-in-VSCode,fml
MISO4202,xtext-egl-sql2java,sql
cdietrich,simple-xtext-parallel-load-example,mydsl
bobbyfisher1,expressions,"expressions,smalljava"
lowcomote,DBML-to-ER,dbml
tfLabs,xtext-n4js-lsp,mydsl
yishakabreham,mde.sales.transactions.xtext.4,salestransaction
Rajesh2015,DSL-using-Xtext-and-Xtend,mydsl
cdietrich,xtext-lsp-tests-with-tycho,mydsl
CarlosAsrc,Reconhecedor-scheme,scm
oliver-reinhard,xtext-scoping-default-namespaces-demo,scope
TVTower,TVTDatabaseEditor,xml
casino-mdd,DSL,spdl
cokeSchlumpf,bashdsl,bdsl
sumeetchhetri,faugjs-eclipse-plugin,json
sderrien,Uclid-editor,"ucl,uclid"
GlancingMind,xtext-lsp-missing-deleteFile-impl,mydsl
zmy3036190149,theia-xtext-pf-v1-backup,pf
MDSDLab,mdsd-2023-lab2-xtext-xtend,wt
abieren,MDSD-Xtext-Project-for-JavaFX,guimodel
SimonCockx,xtext-assertAllWhitespaceIsFormatted,mydsl
tombk556,SF_Factories_Beleg2324_Xtext_DSL,S87622S87673
DonatasC,CodeGeneration,
trichterwolke,init,init
zs6jce,x400-xrpgle,
cyrilnavessamuel,TripManagment,tripxt
paullewallencom,xtext-xtend-978-1-7864-6496-5,"entities,expressions,greetings,helloidea,hellomaven,helloweb,library,school,smalljava,xentities,xexpressions"
coalae,telemed,telemed
vorburger,xtend-StackOverflowError-issue461,
JoaoMAlmeida,projetoCompiladores18-2,pas
Bisssen,math_assignment_3_math_compiler_xtext_and_xtend,
vks2106,domain.model,dmodel
metafacture,metafacture-flux,flux
mrtnstn,example-script-language,xs
Michel-Nassalang,eclipse_workspace,"ap,calcul,fb,fg,tp"
varadbal,FunPL,funprogram
oliverablagojevic,QuestionnaireDSL,mydsl
EightPillars,NmtranEditor,ctl
DSIE2,Implementing-observer-design-pattern-with-Xtext-and-Xtend,obsr
George-6629,Lobster-language-conversion-sql-language-based-on-Xtext,lobster
hvbargen,meth,meth
mischnic,bachelors-thesis,
cs130-w22,statemachine,sm
cesarlaso,tfm-udima-arquitectura-del-software-dsl-ecore-xtext-emf,"iotproyect,iotproyect2"
houssemradhouane,Meta-Modelisation-of-Games-Using-UML-Eclipse-Xtext-Acceleo-JAVA,
mdsd-team-1,domain-specific-language,dmodel
PalladioSimulator,Palladio-Editors-VSCode,
nils-christian,xtend-active-annotation-issue,
modicio,feature-dsl-tools,featurelang
HBuender,Aim42Visualizer,iacdsl
scanyboss,ide-yourdsl,
spirvdev,dumpsymb,
thlaegler,edilang,edi
agonzalezgaliana,mydsl-language-server,
codezork,DSL-Blog,geo
LorenzoBettini,issue-2000-example,tychotestlanguage
trifonnt,net.adempiere.dsl.properties.spring.parent,propsModel
scanyboss,hello-world-language,
joerg-holtmann,Pretty-Printer_Language-Analysis,"ATLno,eatxt,myatl,mybibtex,mydot,myqvto,myxenia,sml,spectra,sql,xcore"
coffeeframework,HLVL,hlvl
HermanPeeren,eJSL-MPS,
kukulkan-project,kukulkan-language-server,"3k,kukulkan"
mdsd-team-1,dsl-layered-style,
larissafiorini,t2-lingProg,mydsl
ragben,NetzDsl,
Cosimo5lli,assertx-swing,assertxs
gyaltso,Eclipse-Training-Schedules,
wzurborg,xtend-example,mydsl
kyberszittya,simple-ros-code-generator,hybridbehavior
LinguaPhylo,linguaPhyloDSL,lphy
dsanmartins,Entidades,entidades
opcoach,datasample,datasample
bujosa,smart-dsl,contract
robinguill,DSL_UML_INSA,uml
DedalArmy,SpringDSLJava,
LiamWalsh98,tumlrt-language-server,mydsl
jonev,HTTP-REST-test-DSL,testsuite
ElBilbao,DSL-Wizard-Creator,wiz
ooaa30,Wail,wail
Wilson008,GrammarGenerator,
ScytherTool,dsl,spdl
NaoMod,MiniTL,minitl
ryangarvey,mde-spec,spec
bfMarcelino,SchemeLP,mydsl
henriklange,ifcBrickConvert,
osarenogae,fault_trees_textual_editor,faulttree
claudenirmf,TPTP-Editor,p
augustin-rialan,IDM,qcm
henriklange,ifcBrickConvertDsl,ifc
PikaQin,XModel-Code-Converter,xmodel
helloyaqin,XModel-Code-Converter,xmodel
Garlo13,CEPStaticAnalysis,esper
Frederic-Boulanger-UPS,MiniARM-feature,arm
Jaddison011,C4EventB,c
MDEGroup,metatemplating,mt
abdullah-4Mohammed,AWS-EC2-Service_DSL-EMF,
grammeaway,math-interpreter-dsl,mydsl
ahmedsaleh1998,concept_project,
Chaimaa-Louahabi,Model-Driven-Engineering,
fayssalElAnsari,Kotlin-Meta-Model,kt
MisbahAwan,SeamlessRuntimeTransformations,myzdsl
ProjetoDSL,CanopusDesign,
Ryuzaki101,Workbench,mic
eclipse,xtext,ddd
eclipse,xtext-core,"mydsl,nestedRefs,nojdt,testlang,testlangext,xtext,xtext2,xtextgrammar"
eclipse,xtext-xtend,xtend
eclipse,xtext-eclipse,"buildertestlanguage,calc,codetemplates,dmodel,ecore2xtexttest,rules,simplexml,statemachine,typesAssistTest"
eclipse,xtext-extras,"typesAssistTest,xbase"
eclipse,xtext-web,mydsl
xtext,seven-languages-xtext,"build,guice,mongo,route,script,template,tortoiseshell"
eclipse,xtext-maven,mydsl1
eclipse,xtext-lib,
xtext,maven-xtext-example,hero
seebk,LaTeXText,
cdietrich,xtext-languageserver-example,mydsl
eclipse,xtext-idea,
adamschmideg,coffeescript-eclipse,"Cakefile,coffee"
RvonMassow,xDoc,xdoc
xtext,xtext-gradle-plugin,
LorenzoBettini,packtpub-xtext-book-2nd-examples,"entities,expressions,greetings,helloidea,hellomaven,helloweb,library,school,smalljava,xentities,xexpressions"
PrinceMei,xTextHandler,
LorenzoBettini,packtpub-xtext-book-examples,"entities,expressions,hello,smalljava,xentities,xexpressions"
theia-ide,theia-xtext,mydsl
svenefftinge,xtext-lsp-workshop,calc
ObeoNetwork,Xtext-Sirius-integration,"classes,ekeylang,html,inlineClasses,reflang,reflang_edit,statemachine,statemachineInlineedit"
dslmeinte,Xtext2-DSLs,"$,dmd,dsd,dtd,exdsl,mypl,sm,wsdlr,xsdr"
merks,Xcore,xcore
ssi-schaefer,lcdsl,lc
eclipse,xtext-umbrella,
danieldietrich,xtext-protected-regions,
xtext,xtend-gradle-plugin,
aphethean,xtext-maven-examples,mydsl
ckulla,xtext-tycho-example,mydsl
vorburger,xtext-sandbox,"clazz,entity,func,mydsl"
basilfx,xtext-standalone-maven-build,mydsl
JakeGinnivan,XText,ddd
OLibutzki,xtext.tools,
Xpitfire,xtext-dnn,dls
LorenzoBettini,Xtext2-experiments,"hellocustomecore,helloinferrer,hellojvmtypes,helloxbase,helloxcore"
eclipse,xsemantics,"expressions,fj,fjcached,lambda,xsemantics"
xtext,xtext-reference-projects,"dmodel,mydsl"
mzaks,FlatBuffersSchemaEditor,fbs
vorburger,eLang,expr
fuinorg,emt-xtext-archetype,${dslExtension}
eclipse-soc,amalgamation-examples-xtext,droid
kthoms,xtext-experimental,
dsldevkit,dsl-devkit,"checktest,expression,format,helloworld,mydsl"
itemis,generator-xtext,<%= fileExtension %>
att,yang-design-studio,yang
martinbaker,xtextadd,"macro,py,pyt,test1,xgener"
LorenzoBettini,edelta,edelta
sebastianbenz,xgherkin,feature
vladdu,xtext.unittesting,dmodel
slizaa,slizaa-opencypher-xtext,cypher
xpomul,cdo-xtext,gfx
mark-christiaens,Xtext-Models-Stats-View,
TypeFox,xtext-jflex,
vorburger,eclipse-typescript-xtext,ts
patrickneubauer,XMLText,
xtext,org.xtext.antlr.generator,
boalang,xtext-ide,boa
nittka,terminology,terms
veraPDF,veraPDF-model-syntax,mdl
TypeFox,languageserver-example,mydsl
Hellmy,plantuml-eclipse-xtext,puml
stephanrauh,JSFLibraryGenerator,jsfdsl
loonwerks,jkind-xtext,lus
TatyPerson,Xtext2Sonar,
TypeFox,xtext-vscode,statemachine
svenefftinge,Xtext-Workshop-Development-Workspace,dmodel
cdietrich,xtext-uml-example,umldsl
cdietrich,xtext-maven-example,build
marklemay,tptpParser,"ax,p"
borgar,xtexts,
uqbar-project,xtext-tortuga-lang,tortu
dslmeinte,Xtext1-DSLs,"#base,$conditional$,amb,dmd,dsd,dtd,sm,wsdlr,xsdr"
applause,applause,applause
LorenzoBettini,ecefrance2015-xtext-example,expdsl
jcmm33,DirectXTextBlock,
dhuebner,xtext-apidiff,
appdev,XTextView,
oehme,xtext-maven-example,build
SMadani,ThriftMDE,
xtext,xtext-external-editors,
itemis,xtext-generator-vscode,entities
soluvas,ecommerce-sample,
tianguanghui,xTextHandler-objc,
meysholdt,xtext_stateful_lexer,stpl
holgerschill,XtextCon_Xcore_Maven,"first,second"
scottopell,vim-xtext,mydsl2
itemis,xtext-debug-example-no-xbase,mydsl
TypeFox,Xtext-XMI,xtree
joergreichert,XtextPlayground,mydsl
wuwen1030,XTExtension,
fuinorg,org.fuin.dsl.cqrs,cqrs
JanKoehnlein,EclipseCon2013_XtextTutorial,survey
avaranovich,megal-xtext,megal
fuinorg,org.fuin.dsl.ddd,ddd
arturboronat,xtext.domainmodel,dmodel
otrosien,xtext-perl,pm
cmendible,Hexa.xText,
SciSpike,yaktor-dsl-xtext,"yc,ydm"
andrearn,org.fornax.soa.xtextservicerepository,"basedsl,binddsl,bizdsl,envdsl,moddsl,profdsl,semdsl,sladsl,soldsl,svcdsl"
ujhelyiz,xtext-reflective,
szarnekow,xtextcon-xbase-example,rules
bsi-software,org.eclipse.scout.xtext,saml
cdietrich,xtext-languageserver-xbase-example,dmodel
test-editor,deprecated-test-editor-xtext,"aml,config,tcl,tml,tsl"
awk-kazmin,eclipse_1C_xtext,onec
svenefftinge,fowlers-statemachine-with-expressions,mydsl
copton,XTextExamples,"expressions,smalljava"
GeekBugs,XTextView,
akosyakov,org.xtext.example.mydsl.idea,"domainmodel,mydsl,typesRefactoring"
vaulttec,isis-script,isis
HBehrens,Xtext2Workshop,
GrupoHunter,Kukuroo,mgbs
itemis,xtext-languageserver-example-lsp4e,
fatalerrortan,Xtext_Xtend_HTML_Generator,mensa
spoenemann,xtext-gef,statemachine
Minres,RDL-Editor,rdl
svenefftinge,Guice-Modules-DSL,guice
LorenzoBettini,jbase,"dmodel,jbase,jbasescript,jbasetestlanguage,purejbase"
mn-mikke,Model-driven-Pretty-Printer-for-Xtext-Framework,"dsl,expl,expr,gpp,mydsl,ppd,ppf,ppo,proto,test,ttest,xtypes,zoo"
hishidama,xtext-dmdl-editor,dmdl
cmark,androtext,androtext
svenefftinge,homeautomation-example,rules
SOM-Research,graphQL-xtext-grammar,"graphql,graphqlidl"
janesser,frege-xtext,frege
szarnekow,org.eclipse.e4.xcss,
LorenzoBettini,xtext-scoping,mydsl
JanKoehnlein,ESE-2010-Tutorial,android
spoenemann,xtext-orion,statemachine
Modaptix,xtext-expressions,expressions
nittka,Jtag,jtag
erlide,erlide_xtext,erl
cdietrich,xtext-forum-support-example,
ESIR2Compilation,Langage-WHILE,while
jhonatan89,gen-angular-grammar,angen
Sofiane-13,tutorialXtextSirius,
eclipse-soc,amalgamation-examples,droid
dvdkruk,xtext-xsd-resourceprovider,
marnix,metamath-eclipse-xtext,mm
JanKoehnlein,Xtext-Syntax-View,
planger,xtext-uml-experiment,umlrttext
rquinio,ck2xtext,gfx
mzaks,petrinet_dsl,petrinet
drnappalm,xtext,ddd
svenefftinge,Xtext-Workshop-Runtime-Workspace,
martijndwars,XtextXT,
nahni,xtextTessla,tessla
baidty,xtextLearning,
MoayadHn,XtextBDI,mydsl
fzalila,XtextExperiments,mydsl
Girish-Venkatesh,XTextSelenium,rot
Vinayakatk,xtextScopes,mydsl
01Lizard10,XTextUML,umldsl
Salome-Maro,XtextUtils,
fanghuixing,XtextApricot,apr
mraminella,xtextTests,
Alma2015RSABSAWA,XtextLangage,
myorb,XTextParser,
Jhinnn,XTextView,
kathisai,xtextSample,
huibo-shi,XtextExamples,"expressions,smalljava"
osamu-k,XTextStudy,mydsl
Treehopper,XTextTemplate,json
seba111,Xtext1,fun
shinesamjacob,XtextExample,mydsl1
ajperalt,xtext,ddd
schakko,xtext-plugin-with-maven-tycho,tycho
colameo,xtext4roo,somedsl
vinpereira,XtextToXMI,"mapping,trace"
JanKoehnlein,XtextCon2014,
bink81,xtext-test,
xtext42,xtext42-coding,
borisbrodski,XtextBug437519,dmodel
hypery2k,xText,ddd
borisbrodski,XtextBug453268,mydsl
arnulfo-rodriguez,XtextClosureExample,mscrpt
superxlx,XTextViewDemo,
johnBened,XtextMyDSLExample,
philiber92,XtextTestRepository,mydsl
fabienfleureau,XtextAtStackoverflow,
yunxiaocloud,XTextFieldLimtDemo,
eclipse,xtext-gradle,
Mensmec,THESIS_XTEXT,
MacJariel,sandbox-dsl,karel
chetanladdha,XtextFormatingHoverSample,
ainslec,XTextCustomLexerExample,attributes
hem28,DSL_Xtext2.3,mydsl
HBuender,XtextAndSiriusIntegration,dmodel
meysholdt,EclipseCon2014_XtextTutorial,survey
jaimedelgado,Xtext,ddd
chris125964,xtext,ddd
DonRenando,xtext,ddd
martijndwars,Xtext,ddd
ozkandemir,XText,ddd
johnahfong,xtext,ddd
Mensmec,Xtext,ddd
pellcorp,xtext,ddd
Tutti91,Xtext,ddd
ANCIT,xtext-examples,rules
DECENTSoftwareAssessment,dag.m1x,dagx
rmemory,xtext,ddd
deb-sandeep,com.sandy.xtext.jovenotes.tests,
yasuohosotani,Xtext,ddd
Nika24,Xtext,ddd
BenediktNiehues,de.nie.fin,fin
AlexElvers,XText,ddd
lakzso,xtext,ddd
seba111,Xtext,ddd
MacJariel,xtext,ddd
tmtron,xtext.15minTutorial,dmodel
blewis13,Boxes,box
DECENTSoftwareAssessment,famix.m3x,"m3x,mse"
dslmeinte,SimScript,"mappings,sim_app,sim_back,sim_struct,sim_ui,simple_db"
webdaford,aqleditor,
goldschmiede,2012-02-03_dsls_mit_xtext,"bodsl,mapdsl"
kthoms,org.eclipse.xtext.example.domainmodel,dmodel
Reitzner,xtextmaven,datavault
hectorsun,xtextonboost,
duck2,xtextbg,
HolyCityAudio,SpinCAD-Builder,"spincad,spincadmenu"
ceefour,glproto,glproto
DECENTSoftwareAssessment,dag.m1x.tests,
gvd,xtext-sm,sm
davidmpaz,php.ware.web.ui,
DanielWeber,xtextext,
fzalila,xtextfsm,fsm
DECENTSoftwareAssessment,dag.m1x.sdk,
jgoppert,xmodelica,mo
Vinayakatk,xtextgeneratetest,
deb-sandeep,com.sandy.xtext.jovenotes,jn
DECENTSoftwareAssessment,dag.m1x.ui,
viatra,viatra-evm-xtext,example
protossoftware,ReqText,reqtext
meysholdt,e4dsl,e4text
benzait27,Xtext.Promo,promo
malakeel,myDsl,demo
npalix,org.eclipse.xtext.example.arithmetics,calc
sormgabriel,textual_verduler,
ekowahyudi,examplextext,
DECENTSoftwareAssessment,famix.m3x.ui,
nakul02,sialx-xtext-ide,sialx
kduske-n4,DomainModel,dmodel
Infoly,SmallJava,
inakuhn,de.htwg.mdse.setgame.entities.parent,entities
mlanoe,x-vhdl,vhdl
DECENTSoftwareAssessment,famix.m3x.tests,
nkonev,CalcXtext,calc
meysholdt,xtext_examples,"calc,dmodel,rules,statemachine"
manuelleduc,xtext-lib,
xarvey,atom-xtext-package,mydsl1
LolloCorte,bpel-xtext,"calc,dmodel,mydsl"
sciolizer,xtext-sandbox,"clazz,entity,func,mydsl"
denschu,xtext-whitespace,whitespace
pablitar,claseXtext,firewall
DECENTSoftwareAssessment,famix.m3x.sdk,
tdegueul,xtext-composition,"entity,group"
danieldietrich,xtext-javatools,dmodel
akademia,ontouml-xtext,ouml
efuentesp,codebuilder-xtext,feature
zrrk,xtext-utils,
juli1,xtext-debug,"dmodel,mydsl"
nbhusare,Xtext-sandbox,"clazz,entity,func,mydsl"
jachinte,xtext-grammars,
susieagerholm,XTEXT_EXAMPLE,"mydot,mydsl,mydsl1,mydsl3,mydsl4,rules"
itemis,monaco-xtext,
xiaoyvr,xtext-demo,dmodel
hmc-cs111-fall2015,picobot-XText,
yanntm,Xtext-Light,
quendimax,libXtextcursorchanger,
Ikraminfo,GrammaireXtext,
nickeeyyoo,xtext_project,mml
marinamygithub,xtext_project,mml
lukashaertel,xtext-xgen,"xga,xgg"
fmca,xtext-typesystem,expr
almazhou,xtext-demo,dmodel
Huluvu424242,xtext.example,dmodel
kiddochan,xtext-typesystem,expr
mmalohlava,ppXtext,statemachine
ponta027,xtext_practice,qdsl
bhdrkn,Xtext-Examples,rules
fatalerrortan,Xtext-examples,rules
gcr-nist,runtime-Xtext,
fBrx,language-xtext,
ilya-klyuchnikov,sll-xtext,sll
vonbolt,Xtext_test,mydsl
rytina,xtext-typesystem,expr
philiber92,xtext-utils,
thomasfischl,xtext-workshop,dmodel
jbadeau,ng-xtext,
OliverScherf,MGPL-Xtext,mgpl
szarnyasg,gradle-xtext,mydsl
malbac,Xtend_Xtext,cc
gitpan,Convert-XText,
rmemory,xtext_eclipse,
lukashaertel,xtext-technocat,tec
lukashaertel,xtext-xtestgen,xga
zhangyuanqiao,selenium-xtext,mydsl
cooked,modelica-xtext,mo
pablitar,firewall-xtext,firewall
hamza-abed,JSEditorXtext,jsdsl
Virtlink,paplj-xtext,pj
kwanggy,xtext-sublime,statemachine
thicket-lang,thicket-xtext,tkt
agentlab,xtext-web,mydsl
test-editor,xtext-dropwizard,mydsl
kecskesk,xtext-menetrend,menetrend
ftrifin,xtext-utils,
scottopell,xtext_utils,
lukashaertel,xtext-fsml,"fsml,input,megal"
sahrmann,xtext-json,json
Modaptix,xtext-utils,
itemis,xtext-issues,
holzem,xtext-lexertrace,lexertrace
victorlacorte,Tcc,
limelanguage,lime-xtext,
edgarmueller,xtext-recordmapper,cr
santoshdeshpande,wwf-xtext,cfg
MatzeGIT,XText-maven,mydsl1
tkurita,XText.scptd,
t-buss,mgpl_xtext,.mgpl
dvdkruk,xtext-workshop,dmodel
npalix,org.xtext.example.mde,mde
logicfish,XActiv,admodel
kittaakos,webcalc,webcalc
evandor,skysail-prototypr-dsl,sapp
iensen,certware-l-editor,"L,result"
vladimirkozhaev,casualintellect_new_wizard,casual
TinyScream,org.xtext.amodel,asome
M2TIIL2016-2017,SiteWeb_XText,siteweb
schakko,hackcamp-xtext-automotivebus,bus
sfinnie,xtext.scoping.adventures,xscope1
jpaw,bonaparte-apidsl,api
rainerschuster,yacc-ide,y
schakko,xtext-bug-436688,mydsl
dhuebner,xtext-builddsl-tycho,build
matejsp,lwc13-xtext,"ql,qls"
ftrifin,xtext-utils.uml,
mbarbero,xtext-forms-integration,"calc,dmodel"
FForw4rd,xtext-restriction-framework,"meta,rest"
zrrk,xtext-utils.devenv,
ftrifin,xtext-utils.xtend,
svenefftinge,xtext-jaxcon-example,regeln
LorenzoBettini,xtext-demo-laquila,mydsl
jakecobb,xtext-iris-datalog,dlog
Huluvu424242,rezept-dsl.xtext,rezept
philiber92,xtext-utils.unittesting,dmodel
philiber92,xtext-utils.distribution,
phaldan,htwg-cform-xtext,cform
itemis,xtext-example-conplan,conPlan
LorenzoBettini,Xtext-Buckminster-Example,greetings
LorenzoBettini,xtextcon-typesystem-example,expressions
dhuebner,org.xtext.example.tycho,mydsl
agentlab,eclipse-orbit_xtext-web,"hello,statemachine"
Tutti91,xtext_language_bla,bla
LeonoraG,xtext-req-editor,rqs
xarvey,atom-xtext-autocomplete,
franzbecker,xtext-formatter-problem,mydsl
ftrifin,xtext-utils.distribution,
Fritzi,XText_TeSSLa,tessla
madasar,booster2-xtext,boo2
TypeFox,xtext-splitted-repo,"mydsl,nojdt,testlang"
zrrk,xtext-utils.uml,
zrrk,xtext-utils.xtend,
ftrifin,xtext-forms-integration,"calc,dmodel"
JanKoehnlein,fxdiagram-xtext-examples,"dmodel,statemachine"
ubx,openair,openair
rju,xtext-typing-example,lad
philiber92,xtext-utils.xtend,
Advanced-Model-Engineering-SS16,xtext-ocl-extensions,"entity,form"
zrrk,xtext-utils.distribution,
Johanvdberg,mcrl2.xtext,"mcrl2,multiname,ref"
kryptonite22,rsbac.xtext.dsl,
tkleszczynski,jug-zgora-xtext,demo
philiber92,xtext-utils.devenv,
jeffmaury,devoxx2012-xtext,"demo1,izpack"
YonedaMasashi,xText_Practice,qdsl
jackqq,xTextEdit,
ftrifin,xtext-utils.unittesting,dmodel
lgcardeas,xtext-forms-integration,"calc,dmodel"
vrichard12,xtext-forms-integration,"calc,dmodel"
itemis,xtext-monaco-example,mydsl
pabu90,xtext-ci-test,hero
EricssonPlant,plantuml-xtext-light,
zrrk,xtext-utils.unittesting,dmodel
LorenzoBettini,xtext-index-experiments,greetings
ftrifin,xtext-utils.devenv,
inteldict,xtext-gradle-demo,"flt,ls"
cdietrich,xtext-multi-dsl,mydsla
hachreak,dmss.pouex.xtext,pouex
lunifera,lunifera-xtext-runtimebuilder,dmodel
sikessle,xtext-forms-integration,"calc,dmodel"
priya0311,xtext-forms-integration,"calc,dmodel"
philiber92,xtext-utils.uml,
talalong,dbFactoryXtext,dbFactory
stackoverflowmailer,lwc13-xtext,"ql,qls"
willy2706,if4150-xtext,cvdsl
wwu-pi,acse-xtext-validation,valdsl
ProgrammableDrones,xTextLanguage,
stefano-bragaglia,Kinect-ECE-XText,ece
wwu-pi,acse-xtext-gui,guidsl
peterssas,xtext-gradle-problem,dmodel
zhoumin03,xtext-forms-integration,"calc,dmodel"
gcubar,CodeXcessXtext,xs
cdietrich,xtext-ecore-xcore,"mydsla,mydslb"
ayoubziat,xtext_DSL_example,conPlan
xiaoyvr,xtext-demo-oxygen,fsh
test-editor,deprecated-xtext-index-backend,
kuniss,Aqua,aqua
npalix,org.eclipse.xtext.example.fowlerdsl,statemachine
dslmeinte,xtext-workshop-code1,webgui
chauhansaurabhb,Eclipse-Xtext-Mydsl-Plugin,mydsl
oyse,jetson,json
zwgirl,summer,"___xbase1,anno,ss,type,xaml"
rymarenkosuccess,Coffeescript-Eclipse,"Cakefile,coffee"
felipedf,compiler,stdc
logicfish,XPlane,
LorenzoBettini,Xtext-Xtend-Buckminster-Example,greetings
vorburger,eclipse-typescript-xtext-repository,
pankeshpatel,EclipsePluginForXtext,mydsl
Hellmy,plantuml-eclipse-xtext_update,
xpomul,xtext-multi-edit-example,statemachine
tmtron,xtext.eclipse.15minExtended,dmodel
deb-sandeep,com.sandy.xtext.jovenotes.ui,
ftrifin,xtext-utils.xtend1,
szarnekow,xtext-arithmetics-web-example,calc
wwu-pi,acse-xtext-knuth-binaries,bindsl
jwachter,xtext-serializer-issue-example,mydsl
DemidovAlexander,Xtext_MiniJava_IDE,mj
camilagarcia113,xtext-dsl-obj3,ag
cdietrich,gradle-xtext-xtend-problem,
uqbar-paco,firewall-dsls-externos-xtext,firewall
svenefftinge,Xtext-LWC-contribution--Instances-,instance
rainerschuster,eclipse-webidl,idl
willy2706,if4150-xtext-html,
phaldan,htwg-cform-xtext-demo,
hypery2k,Xtext-GrammarMixin-Example,"commonLang,domainLang,metaLang,uiLang"
philiber92,xtext-utils.subproject-template,
zrrk,xtext-utils.subproject-template,
thowin,ituXtextLandinConfigurator,expressions
philiber92,xtext-utils.xtend1,
claudenirmf,old-tests-on-xtext,ontol
zouhairireda,xtext-ocl-xtend-poc,wdl
franzbecker,xtext-serializer-parallel-problem,mydsl
lunifera,lunifera-xtext-runtimebuilder-example,
ftrifin,xtext-utils.subproject-template,
fluxtah,xtext-android-gradle-example,
hypery2k,Xtext-Maven-BuildExample,"mydsl1,mydsl2"
kittaakos,xtext-eclipse-gh-238,mydsl
MatzeGIT,XText-Maven-CleanStart,mydsl
Rodolfocostapr,org.xtext.example.pascalito,psc
deb-sandeep,JoveNotesProcessor,
zrrk,xtext-utils.xtend1,
tanthingdeveloper3unshine,AutoCompleteXTextView,
loradd,uml-xtext-grammar-generator,
RobertWalter83,DialogScriptDSL,"chara,dialog"
vicegd,org.xtext.dsl.restaurante,rest
paulluap,xtext-extras-issue216,mydsl
dhakehurst,net.akehurst.example.xtext.vertx,lang
alvilgau,de.htwg.xtext.setGame,setgame
nittka,Xarchive,xarch
rdurelli,com.br.refactoring.xtext.dsl,refactoring
tmtron,xtext.15minTutorial.project,
agentlab,eclipse-orbit_xtext-web-dsls,"hello,statemachine"
threadedblue,org.eclipse.xtext.example.domainmodel,dmodel
cdietrich,xtext-existing-metamodel-gradle-example,mydsl
wrungel,tycho.xtext.mwe2.test,"lang_a,lang_b"
Scholvac,EclipseTaskJuggler,tjp
ftmdida,xtext_code_gen_version_2,mydsl
alexwatts,xtext-j2ee-dsl,"accessdsl,jpadsl,workflowdsl,xml"
cdietrich,xtext-gradle-plugin-issue-60,issue60
thowin,ituXtextLandin2Configurator,exco
jkouwer,basicfamily,
goldschmiede,2011-02-18_xtext_apache_wicket,
nileshrege,El,el
deparlak,de.htwg.mdsd.xtext.portals,portals
shashwatanand,org.shashwat.xtext.smallJava," sj,smalljava"
mmalohlava,gpp-for-xtext-master-thesis,
dexz92,Integrating-Xtext-and-JavaRAG,jrag
Rodolfocostapr,org.xtext.example.pascalitoOld,psc
KasperGam,IGESImport,"iges,igs"
fuinorg,xsample,xsdsl
florianpirchner,beantypes,
cdietrich,xtext-gradle-plugin-issue-61,mydsl1
rdurelli,com.br.refactoring.xtext.dsl.ui,
threadedblue,org.eclipse.xtext.example.domainmodel.tests,
rdurelli,com.br.refactoring.xtext.dsl.tests,
shashwatanand,org.shashwat.xtext.smallJava.ui,
tmtron,xtext.eclipse.15minExtended.project,
chqu1012,MetroUiDescriper,
rainerschuster,sygus-ide,sl
jacruzca,xtext-multilanguage-multiple-target-impl-reuse,"a,b,c,d,e,f,g"
qscdfg,mybash,sh
eirikg,XbaseSiriusIntegration,dmodel
nohum,android-code-generation,androidapp
gvd,zest-sm,
uqbar-paco,declaratividad-orm-java,mapping
shashwatanand,org.shashwat.xtext.smallJava.tests,
dhakehurst,net.akehurst.example.xtext.vertx.lsp,
vztpv,ClauTextWithEclipse,
goldschmiede,2011-04-29_xtext_service_repository,
markusvoelter,DSLEngBook-Xtext-P3Demo,p3d
ESIR2Compilation,PrettyPrinter,
bmael,MVCLang,
zhou-jg,tefler,fm
bogdanvuk,xvhdl,vhd
marcotinacci,XTuring,xtm
threadedblue,org.eclipse.xtext.example.domainmodel.ui,
joergreichert,OperationsResearch,knapsack
tommyettinger,julepp,
masters-info-nantes,SmokingText,st
daniel-laszlo,temalabor,mydsl
Communote,communote-restws,restws
vorburger,FormGeneratorPOC,
nittka,pocesl,mydsl
logicfish,POMText,
cdietrich,https---github.com-meysholdt-xtext_stateful_lexer,
bogdanvuk,xrst,"bib,rst"
meysholdt,performance_probes,
agentlab,PowerLoomDSL,plm
rainerschuster,jdl-ide,"jdl,jh"
JoostvanPinxten,SDF3-editor,sdf3
ceefour,emf-sandbox,
Mehdi23,FlexoModelingLanguage,FML
atanaka,experimental-rmodp-dsl,rmodp
leolimasa,reqlang,req
smba,model-based-times,npl
DavidFosterLuhmann,high-dim,
test-editor,deprecated-test-editor-index-backend,
sidz8690,EasyUnit,
lsotnk,lsotnk.xbase.launching,
Tim-S,ReqLNG,reqlng
helunwencser,PAOC,mydsl
nakul02,sysml.dml,dml
rainerschuster,tlsf-ide,tlsf
rainerschuster,asdl-ide,asdl
N0P0x90,EclipseExamples,mydsl
martinmuellenberg,cityplanning,cdsl
newdigate,soa-dsl-scaffolding,entityspec
evansnicholas,yaxpath,xpath
nittka,ASP,
josros,boby,boby
danhaywood,kemble,
schakko,bsc-thesis-documentation,
szarnekow,mongoBeans,mongo
timeraider4u,external_jar_download,
Buggaboo,xplatform,"Restful,jsongen,mobgen,resource"
jonathankoehn,entitygenerator,
marcusphi,polopoly-dsl,content
alexisfacques,dsl-feature-modelling,diagram
sbrocard,statemachine-generator,stm
JPL-IMCE,gov.nasa.jpl.imce.oml.core,oml
PuneetPatwari,system-map-maker,
atanaka,DomainmodelWithCrossReference,dmodel
cedricvidal,protobuf4e,
rowlo,testdsl,testdsl
joergreichert,Cool,cl
WesleyMarques,CompiladorJava,mydsl
tommyettinger,kobold,kob
stolorz,RankPL-EclipsePlugin,rpl
UnibgInfo3A,ebnfworkbench,ebnf
sergiowebo,RaspduinoDSL,raspduino
Remypoc,CmooSimpleJ,simple
majordomo,majordomo,domo
ryanignatius,CheckerDSL,check
raynair,webml,webdsl
arbennett,ParserGeneratorExample,ini
OElabed,Model-Driven-Engineering--Eclipse-RCP-plugin--Software-product-line,"sd,sdc"
renaudhelias,MameVHDL,
cwiscount,mydsl-emf-gen,mydsl
rmuecke,clinicaltrialcreator,
mythicfreak,aomxsgrammar,xs
diverse-project,melange-studio,
marcotinacci,Event-Oriented-Language,eol
ksza,Bicycle-Shop,nbs
marcotinacci,SwarmRobotics,seal
Padmar1995,gh,
