Owner,Repository,Contains New Extensions
waynepiekarski,XTextureExtractor,NO
TypeFox,theia-xtext-sprotty-example,YES
altran-mde,xtext-sirius-integration,YES
graph-quilt,graphql-xtext,NO
TypeFox,vscode-xtext-sprotty-example,YES
eclipse,xtext-website,NO
intuit,common-xtext-expression-language,NO
PacktPublishing,Implementing-Domain-Specific-Languages-with-Xtext-and-Xtend,YES
resloved,xtext,NO
lurenzhangdeshuai,EmojiText-XText,NO
kuniss,xtext-ide-extensions,YES
graph-quilt,xtext-service-dsl,YES
btc-ag,service-idl,YES
eventB-Soton,XUML_B,NO
Minres,CoreDSL,YES
TypeFox,xtext2langium,NO
v-bashev,post_core,YES
NielsLiisberg,RPG-lexer,NO
OpenSextant,XText,NO
laubfall,jugh-xtext-arkanoid,YES
khabdrick,LambdaXtextract,NO
bsati,mgpl-xtext,NO
UnBCIC-TP2,Oberon-XText,YES
TopXDevTeam,TopXTextUI,NO
ngreve,xtext_web,NO
nmaoez,composer-language-server,NO
FAMILIAR-project,xtext-dsl-compiler-example,NO
eventB-Soton,XTheory,NO
program-in-chinese,xtext_tutorial_15_min_zh,YES
code-kontor,openCypher-Xtext,NO
eclipse,epsilon,YES
UnBCIC-TP2,Oberon-IDE,NO
idiomaticsoft,xtext-tips,YES
atb,pt.isep.dsl.puml,NO
Webastronaut,mgpl,YES
PAMunb,MetaCrySL,NO
raghvendra-v,tosca-yaml-lsp,YES
zxhr,gradle-xtext-generator,NO
tmtron,ex.xtext.lsp,YES
echebbi,standalone-xtext-example,YES
darvasd,xtext-docs-gen,NO
jcabot,WordPress-Plugin-DSL,YES
JensBAndersen,PolicyLanguage,NO
Zannith,XtextTest,NO
AnnaLenaMeiners,XtextExamples,NO
Kerolos77,XTextEditor,NO
Mabar16,xtextMath,NO
holgerschill,xtextCodebuff,NO
devzwy,XTextView,NO
mraminella,XtextExamples,NO
msntts,XtextStudy,YES
chiachong,XTextClassification,NO
vinisbranco,XtextGerador,NO
pakhopav,XtextPlugin,NO
IamRaziel,XtextTutorial,NO
dstoft,XtextWorkspace,NO
MisbahAwan,XtextCollaborativeEnvironment,NO
pakhopav,XtextLanguage,NO
fonuhuolian,XTextView,NO
RomainLefeuvre,xtextHW,NO
BestCoderXQX,XTextFlagDemo,NO
vinisbranco,XtextTrabalho2,YES
loicperreal,Xtext,NO
goflyboy,xtextsample,NO
SharkJ,XtextInheritanceTest,NO
hewenyuAndroid,XTextView-Android,NO
OLibutzki,XtextExtras446,YES
vinisbranco,XtextJavaScript,NO
AndreasGroentved,XtextDSL2018,NO
robertchristen,XTextCategorizer.Demo,NO
alvarofpp,tutorial-xtext,YES
pakhopav,XtextLanguageGradle,NO
pakhopav,xtext,NO
adamhorvath88,Xtext,NO
0xMYsteRy,Xtext,NO
taylorlohan,XtextHealth2.0,NO
Caroline66666,xtext,NO
xuxiaowen87,XText,NO
MisbahAwan,xtext,NO
ichxorya,failed-xtext2vscode-example,YES
hwong23,dsl.evtool,NO
RobMoloney,xtext,NO
l1ppe,xtext,NO
madhouni,wps-ecore-ocl-xtext,NO
MISO4202,uniandes.mdd.xtext2xmi,NO
tchebs,xtext,NO
mlopez8621,xtext,NO
magick93,xtext,NO
ShivaniBali,Theia-Xtext-Yangster-Project-,YES
ehah,XtendExample,NO
MISO4202,co.edu.uniandes.gramaticajmeter,NO
vks2106,prenum,NO
drkstr101,hello-xtext,YES
arthurmosley,Essex-Test,NO
eclipse,xtext-website-publish,NO
jflopezfernandez,xtextutils,NO
AlanQuadros,xtextlpmangan,NO
jonaslagoni,JSON-Schema-to-internal-DSL,YES
OezzyB,e-portfolio-Xtext,NO
fedorov-vk,apds_dsl,NO
zinon,xtextminer,NO
mustafa231,xtexteditor,NO
MOSafely,xtextrepo,NO
bproenca,mpti-dsl,NO
LorenzoBettini,xtext-domain-model-guice-5,NO
BlackBeltTechnology,karaf-features-eclipse-xtext,NO
vashchenkov,xtext-samle,NO
germono,FormXtext,NO
Quingo,compiler_xtext,YES
ShrawanBK,xtext_salestransaction,YES
tshoang,XMarking,NO
szschaler,henshin_xtext_adapter,NO
hakimuga,BIP-language,NO
adautofbn,pascal-xtext,NO
efuentesp,Xtext-UCS,NO
preesm,ripacola-xtext,YES
wibeck,testXtext,NO
msun68,xtext-examples,NO
xTexturedxx,xTexturedxx,NO
HexXText,HexXText,NO
Gricel-lee,Xtext-Maven,NO
kolchanov,org.xtext.example.mydsl.parent,NO
kecksk0enig,vuc-xtext,YES
EvdokimovMaks,xtext-expressions,NO
Sorokatov,xtext-demo,NO
uppaal-emf,uppaal-xtext,YES
matheuslenke,Xtext-UML,NO
r4mtor,xtext-talks,YES
nbhusare,xtext-playground,NO
kokostino,xtext_kokomodel,NO
GiordanoT,ocl-xtext,NO
dr-jam,ABL-XText,NO
lahirugayanga,xtext-projection,NO
daniel614,xtext-webapp,NO
Spiderixius,DSLIndividualXtext,NO
mdsd-team-1,photos-xtext,YES
efuentesp,xtext-cobol,NO
torosky,Libreria-Xtext,NO
MaxiEckert,Xtext-example,YES
as500,xtext-rpgle,NO
JavierOramas,AudiXText,NO
xtext,xtext-monorepo,YES
vjordan,Xtext_browser,YES
Yop-La,xtext_project,NO
JesterOrNot,Gitpod-XText,YES
eclipse,xtext-archive,NO
Lethalaric,xtext-learning,YES
DSIE2,tr.xtext,NO
ShivaniBali,Theia-Xtext,YES
kthoms,xtext-webinar,NO
christopherosthues,mgpl-xtext,NO
zhanglin2018,learnXtext,YES
seebgar,Xtext-Projects,NO
Vallenstein,xtext_web,NO
AbQadirr,dialogXtextflow,NO
blue995,xtext-orm,YES
arockiaraj1994,xtext-mvn,NO
moein9,passXtext,NO
saivarunr,xtext-editor,NO
JesterOrNot,xtext-cli,NO
Somiacao,xtext-web,YES
katmatt,graphql-xtext,NO
LIONant-depot,xtexture_compiler,NO
tchebs,xtext-example,YES
ballcoach12,xtext_samples,NO
AssaX0,MDSE-xtext,YES
samples-projects,sample-xtext,NO
karthik137,xtext-demo,NO
MDE-Course-23-24,SIRIUS-XTEXT,NO
softlang,megal-xtext,NO
laurocesar,xtext-domainmodel,NO
Yahaya12,Xtext-project,NO
malhxr,SpeechXtext,NO
stanimirovv,xtext-extractor,NO
3m3k3,xtext-congen,NO
pen-zhang,xtext_elm_editor,NO
NSaitoNmiri,toppers_cfg_xtext,NO
tmtron,ex.xtext.twog,YES
vinicius0197,metacrysl,NO
Dexels,navascript-editor,NO
adrianrutle,PCS953-EMF-Exercise,NO
ravornyo,xspice,NO
yamen-njm,IotXtext,NO
kainzpat14,xtext-plsql,NO
epsilonlabs,emc-xtext,NO
robertovillarejo,kukulkan-grammar,NO
lvanzeun,ulm-xtext-test,YES
purerstamp,N7.compilateur,YES
jaedabee,xtext-gradle-test,NO
MassiBelaid,M-langeuse-Xtext,NO
qxe35v,xtext_encoding_dsl,NO
random-eclipse,nix-eclipse-xtext,NO
meta-doodle,Xtext_Gradle_Test,NO
LiamWalsh98,nusmv-xtext-lsp,NO
MaximilianKoestler,vscode-xtext-links,NO
AhmedEssam2212,xText-Editor-,NO
adrinerDP,DSL-with-Xtext,NO
cdietrich,xtext-domainmodel-ls,NO
tmtron,ex.xtext.ml,YES
andrewsandu,xtext-web-example,NO
pngowda,xtext-build-tools,NO
SharkJ,xtext-dsl-sample,NO
hammedb197,team-hacktive-xtext,NO
SimonCockx,xtext-monaco-example,NO
mister-walter,xtext-folding-issue,NO
alexvolh,xtext-xml-grammar,NO
SharkJ,my-theia-xtext,YES
urbanoanderson,xtext-gait-model,NO
vjordan,Xtext_directory-file,YES
JosBouwhuis,xText-DSL,NO
CS130-W20,assignment-2-xtext,NO
lunifera,xtext-jvmtypeprovider-standalone,NO
bobbyfisher1,eclipse-workspace,NO
dsl-course,xtext-entities-tutorial,NO
Highbrainer,xtext-pde-target,NO
mattsse,xtext-fipa-acl,NO
XIECHO,qingo_xtext_documentation,NO
FariSoftware,xtext-problem-matcher,NO
ShrawanBK,xtext.sales.transactions,NO
Lzgpom,xtext-gen-extension,NO
drkstr101,Domainmodel,NO
vinicius0197,expressions-dsl,NO
LorenzoBettini,xtext-xdoc-releases,NO
KarstenWilken,xTextForum,YES
S-wald,xtext-plugin-gradle,NO
lahirugayanga,xtext-example-dsl,NO
cdietrich,xtext-fragment-experiments,NO
cdietrich,xtext_bug_1974,YES
bergmanngabor,xtext-railmap-demo,NO
mchlrch,xtext-intro-bfh,YES
EvdokimovMaks,xtext-example-entities,NO
cipek,MyFirstXText,NO
pngowda,xtext-ci-libs,NO
paulvberlin,BaSiriusXtext,YES
szarnyasg,sql-pgq-xtext,NO
frademacher,xtext-jpms-test,NO
xtext,xtext-monorepo-lfs,NO
LorenzoBettini,xtext-build-utils,YES
cdietrich,xtext-two-dsls,NO
balazsgrill,xtext_bug508518,YES
Tim-S,xtext-valueconverter-example,YES
ayakurtam,xText-Editor,NO
HouseBuilder-MDE,HouseBuilder-Xtext,NO
xtext,xtext-orbit-replacement,NO
fedorov-vk,xtext-xcore-sample,NO
gustavotemple,mo631xtext,YES
Tim-S,xtext-mapbasedscope-example,YES
shakenetwork,xTextHandler,NO
GabrielBozza,ProjetoXtextPFC,YES
HexXText,HexXTextSMP,NO
snarkipus,xtext-dsl-book,NO
fedorov-vk,xtextxtend-book-examples,YES
ArneDeutsch,xtext-gradle-example,NO
oliver-reinhard,xtext-ppt-demo,YES
tpluscode,xtext-completion-nullpointer,NO
idiomaticsoft,sbt-xtext-plugin,NO
pen-zhang,online_elm_xtext,NO
raglu,ExternalDSL-xtext,NO
kulcsii,xtext-railmap-theia,YES
NiccoMlt,xtext-showdown-grammar,NO
NinjaArmy,xtext-language-server,NO
jnt0r,xtext-npe-reproducable,NO
HermanPeeren,eJSL-ANTLR4,NO
cs130-w21,statemachine,YES
csbc92,MDSE-assignment3,YES
ghillairet,org.example.mydsl.parent,NO
antoine-morvan,caph-java-parser,YES
abatti,XTEXT_FACPL3_PreserveVarious,NO
tfLabs,xtext-languageserver-example-duplicator,YES
LorenzoBettini,xtext-maven-plugin-example,YES
cdietrich,xtext-eclipse-issue-1009,NO
patrickneubauer,UoY-MODE-XTEXT,YES
cau-se,sprat-ecosystem-dsl-xtext,NO
cdietrich,theia-xtext-vscode-example,NO
cdietrich,j9-tycho-xtext,NO
loradd,xtext-lsp-ecore-support,YES
nnn911,LaTeXTextOverlay,NO
IbanezGio,VuC,NO
Samirez,DSLs,NO
ShahimEssaid,com.essaid.model.xtext,NO
gon10,EclipseRepoTese,YES
max-leuthaeuser,jmhmathexample,NO
tshoang,WhitespaceIDE,YES
seebgar,MISO4202-proyecto-xtext,NO
NiccoMlt,xtext-15-minutes-tutorial,YES
SharkJ,theia-xtext-extension-test,YES
jku-win-se,JsonBasedXtextGrammar,NO
altran-mde,xtext-sirius-integration.io,NO
cdietrich,xtext-core-issue-1835,NO
Zaki-Fadlan,xtext_getting_started_skilledup,YES
raptor494,Xtext-Minecraft-JSON-Languages,NO
rudi,xtext-emacs-lsp-demo,YES
fedorov-vk,apds_prototype,NO
test-editor,test-editor-xtext-gradle,NO
Ixgauth,perspectiveDSL-Sirus-Xtext,NO
keve98,SzakD_xtext_xtend,NO
silvergl,xtext-headless-rcp-example,NO
reinaqu,bpmnFromXtextDSL,NO
xtext,xtext-p2-orbit,NO
dsl-course,xtext-tutorial-turku-interim,NO
tfLabs,xtext-lsp-validation-anyway,YES
BalzGuenat,xtext-bug-minimal-example,NO
dmfullstack,org.xtext.example.mydsl,NO
SuelanyBrito,JFlex_CUP_XText_SQL,NO
cdietrich,xtext-languageserver-example-simple,YES
msntts,Xtext-Standalone-fat-jar,NO
oldulov,cfeditor,NO
LorenzoBettini,xtext-type-errors-examples,NO
claudenirmf,OntoUML-2.0-Xtext,NO
Mehmetcanss,example_xtext_language_server_vscode,NO
lidochca,xtext.skip.build.before.rename,NO
cdietrich,xtext-maven-plugin-coverage-example,YES
Kevin-Philip,TP_etudiant_Compilax,YES
elite-se,elite-se.xtext.languages.plantuml,YES
tshoang,BareBonesIDE,NO
tareklel,PDFtoText,NO
TVTower,TVTBlitzmaxEditor,NO
cdietrich,xtext-multi-dsl-manual-metamodel,NO
hallvard,xost,NO
davidmpaz,log-book,NO
oliver-reinhard,xtext-scoping-default-imports-demo,NO
tshoang,Simple-Barebone-XText-based-IDE,NO
MISO4202,uniandes.mdd.example.create-xtext,NO
NaoMod,XText-Language-Server-in-VSCode,YES
MISO4202,xtext-egl-sql2java,YES
cdietrich,simple-xtext-parallel-load-example,YES
bobbyfisher1,expressions,YES
lowcomote,DBML-to-ER,YES
tfLabs,xtext-n4js-lsp,YES
yishakabreham,mde.sales.transactions.xtext.4,YES
Rajesh2015,DSL-using-Xtext-and-Xtend,YES
cdietrich,xtext-lsp-tests-with-tycho,NO
CarlosAsrc,Reconhecedor-scheme,NO
oliver-reinhard,xtext-scoping-default-namespaces-demo,YES
TVTower,TVTDatabaseEditor,YES
casino-mdd,DSL,NO
cokeSchlumpf,bashdsl,NO
sumeetchhetri,faugjs-eclipse-plugin,YES
sderrien,Uclid-editor,YES
GlancingMind,xtext-lsp-missing-deleteFile-impl,NO
zmy3036190149,theia-xtext-pf-v1-backup,YES
MDSDLab,mdsd-2023-lab2-xtext-xtend,YES
abieren,MDSD-Xtext-Project-for-JavaFX,NO
SimonCockx,xtext-assertAllWhitespaceIsFormatted,NO
tombk556,SF_Factories_Beleg2324_Xtext_DSL,NO
DonatasC,CodeGeneration,NO
trichterwolke,init,NO
zs6jce,x400-xrpgle,NO
cyrilnavessamuel,TripManagment,YES
paullewallencom,xtext-xtend-978-1-7864-6496-5,YES
coalae,telemed,YES
vorburger,xtend-StackOverflowError-issue461,NO
JoaoMAlmeida,projetoCompiladores18-2,NO
Bisssen,math_assignment_3_math_compiler_xtext_and_xtend,NO
vks2106,domain.model,NO
metafacture,metafacture-flux,NO
mrtnstn,example-script-language,NO
Michel-Nassalang,eclipse_workspace,YES
varadbal,FunPL,NO
oliverablagojevic,QuestionnaireDSL,NO
EightPillars,NmtranEditor,YES
DSIE2,Implementing-observer-design-pattern-with-Xtext-and-Xtend,NO
George-6629,Lobster-language-conversion-sql-language-based-on-Xtext,NO
hvbargen,meth,YES
mischnic,bachelors-thesis,NO
cs130-w22,statemachine,YES
cesarlaso,tfm-udima-arquitectura-del-software-dsl-ecore-xtext-emf,YES
houssemradhouane,Meta-Modelisation-of-Games-Using-UML-Eclipse-Xtext-Acceleo-JAVA,NO
mdsd-team-1,domain-specific-language,YES
PalladioSimulator,Palladio-Editors-VSCode,NO
nils-christian,xtend-active-annotation-issue,NO
modicio,feature-dsl-tools,YES
HBuender,Aim42Visualizer,NO
scanyboss,ide-yourdsl,NO
spirvdev,dumpsymb,NO
thlaegler,edilang,YES
agonzalezgaliana,mydsl-language-server,NO
codezork,DSL-Blog,NO
LorenzoBettini,issue-2000-example,NO
trifonnt,net.adempiere.dsl.properties.spring.parent,NO
scanyboss,hello-world-language,NO
joerg-holtmann,Pretty-Printer_Language-Analysis,YES
coffeeframework,HLVL,YES
HermanPeeren,eJSL-MPS,NO
kukulkan-project,kukulkan-language-server,NO
mdsd-team-1,dsl-layered-style,NO
larissafiorini,t2-lingProg,NO
ragben,NetzDsl,NO
Cosimo5lli,assertx-swing,NO
gyaltso,Eclipse-Training-Schedules,NO
wzurborg,xtend-example,NO
kyberszittya,simple-ros-code-generator,YES
LinguaPhylo,linguaPhyloDSL,NO
dsanmartins,Entidades,NO
opcoach,datasample,NO
bujosa,smart-dsl,YES
robinguill,DSL_UML_INSA,NO
DedalArmy,SpringDSLJava,NO
LiamWalsh98,tumlrt-language-server,YES
jonev,HTTP-REST-test-DSL,YES
ElBilbao,DSL-Wizard-Creator,NO
ooaa30,Wail,NO
Wilson008,GrammarGenerator,NO
ScytherTool,dsl,NO
NaoMod,MiniTL,YES
ryangarvey,mde-spec,YES
bfMarcelino,SchemeLP,NO
henriklange,ifcBrickConvert,NO
osarenogae,fault_trees_textual_editor,NO
claudenirmf,TPTP-Editor,NO
augustin-rialan,IDM,NO
henriklange,ifcBrickConvertDsl,NO
PikaQin,XModel-Code-Converter,NO
helloyaqin,XModel-Code-Converter,NO
Garlo13,CEPStaticAnalysis,NO
Frederic-Boulanger-UPS,MiniARM-feature,YES
Jaddison011,C4EventB,NO
MDEGroup,metatemplating,NO
abdullah-4Mohammed,AWS-EC2-Service_DSL-EMF,NO
grammeaway,math-interpreter-dsl,NO
ahmedsaleh1998,concept_project,NO
Chaimaa-Louahabi,Model-Driven-Engineering,NO
fayssalElAnsari,Kotlin-Meta-Model,YES
MisbahAwan,SeamlessRuntimeTransformations,NO
ProjetoDSL,CanopusDesign,NO
Ryuzaki101,Workbench,YES
eclipse,xtext,NO
eclipse,xtext-core,NO
eclipse,xtext-xtend,NO
eclipse,xtext-eclipse,YES
eclipse,xtext-extras,NO
eclipse,xtext-web,YES
xtext,seven-languages-xtext,YES
eclipse,xtext-maven,NO
eclipse,xtext-lib,NO
xtext,maven-xtext-example,YES
seebk,LaTeXText,NO
cdietrich,xtext-languageserver-example,YES
eclipse,xtext-idea,NO
adamschmideg,coffeescript-eclipse,NO
RvonMassow,xDoc,NO
xtext,xtext-gradle-plugin,NO
LorenzoBettini,packtpub-xtext-book-2nd-examples,YES
PrinceMei,xTextHandler,NO
LorenzoBettini,packtpub-xtext-book-examples,NO
theia-ide,theia-xtext,YES
svenefftinge,xtext-lsp-workshop,YES
ObeoNetwork,Xtext-Sirius-integration,YES
dslmeinte,Xtext2-DSLs,NO
merks,Xcore,NO
ssi-schaefer,lcdsl,NO
eclipse,xtext-umbrella,NO
danieldietrich,xtext-protected-regions,NO
xtext,xtend-gradle-plugin,NO
aphethean,xtext-maven-examples,NO
ckulla,xtext-tycho-example,NO
vorburger,xtext-sandbox,YES
basilfx,xtext-standalone-maven-build,NO
JakeGinnivan,XText,NO
OLibutzki,xtext.tools,NO
Xpitfire,xtext-dnn,YES
LorenzoBettini,Xtext2-experiments,NO
eclipse,xsemantics,YES
xtext,xtext-reference-projects,NO
mzaks,FlatBuffersSchemaEditor,NO
vorburger,eLang,NO
fuinorg,emt-xtext-archetype,NO
eclipse-soc,amalgamation-examples-xtext,NO
kthoms,xtext-experimental,NO
dsldevkit,dsl-devkit,NO
itemis,generator-xtext,NO
att,yang-design-studio,NO
martinbaker,xtextadd,NO
LorenzoBettini,edelta,YES
sebastianbenz,xgherkin,NO
vladdu,xtext.unittesting,NO
slizaa,slizaa-opencypher-xtext,NO
xpomul,cdo-xtext,NO
mark-christiaens,Xtext-Models-Stats-View,NO
TypeFox,xtext-jflex,NO
vorburger,eclipse-typescript-xtext,NO
patrickneubauer,XMLText,NO
xtext,org.xtext.antlr.generator,NO
boalang,xtext-ide,NO
nittka,terminology,NO
veraPDF,veraPDF-model-syntax,NO
TypeFox,languageserver-example,NO
Hellmy,plantuml-eclipse-xtext,NO
stephanrauh,JSFLibraryGenerator,NO
loonwerks,jkind-xtext,NO
TatyPerson,Xtext2Sonar,NO
TypeFox,xtext-vscode,NO
svenefftinge,Xtext-Workshop-Development-Workspace,NO
cdietrich,xtext-uml-example,NO
cdietrich,xtext-maven-example,NO
marklemay,tptpParser,NO
borgar,xtexts,NO
uqbar-project,xtext-tortuga-lang,NO
dslmeinte,Xtext1-DSLs,NO
applause,applause,NO
LorenzoBettini,ecefrance2015-xtext-example,NO
jcmm33,DirectXTextBlock,NO
dhuebner,xtext-apidiff,NO
appdev,XTextView,NO
oehme,xtext-maven-example,NO
SMadani,ThriftMDE,NO
xtext,xtext-external-editors,NO
itemis,xtext-generator-vscode,NO
soluvas,ecommerce-sample,NO
tianguanghui,xTextHandler-objc,NO
meysholdt,xtext_stateful_lexer,NO
holgerschill,XtextCon_Xcore_Maven,NO
scottopell,vim-xtext,NO
itemis,xtext-debug-example-no-xbase,NO
TypeFox,Xtext-XMI,NO
joergreichert,XtextPlayground,NO
wuwen1030,XTExtension,NO
fuinorg,org.fuin.dsl.cqrs,NO
JanKoehnlein,EclipseCon2013_XtextTutorial,NO
avaranovich,megal-xtext,NO
fuinorg,org.fuin.dsl.ddd,YES
arturboronat,xtext.domainmodel,YES
otrosien,xtext-perl,NO
cmendible,Hexa.xText,NO
SciSpike,yaktor-dsl-xtext,NO
andrearn,org.fornax.soa.xtextservicerepository,NO
ujhelyiz,xtext-reflective,NO
szarnekow,xtextcon-xbase-example,NO
bsi-software,org.eclipse.scout.xtext,NO
cdietrich,xtext-languageserver-xbase-example,YES
test-editor,deprecated-test-editor-xtext,YES
awk-kazmin,eclipse_1C_xtext,NO
svenefftinge,fowlers-statemachine-with-expressions,NO
copton,XTextExamples,NO
GeekBugs,XTextView,NO
akosyakov,org.xtext.example.mydsl.idea,NO
vaulttec,isis-script,YES
HBehrens,Xtext2Workshop,NO
GrupoHunter,Kukuroo,NO
itemis,xtext-languageserver-example-lsp4e,NO
fatalerrortan,Xtext_Xtend_HTML_Generator,YES
spoenemann,xtext-gef,NO
Minres,RDL-Editor,NO
svenefftinge,Guice-Modules-DSL,NO
LorenzoBettini,jbase,YES
mn-mikke,Model-driven-Pretty-Printer-for-Xtext-Framework,NO
hishidama,xtext-dmdl-editor,NO
cmark,androtext,NO
svenefftinge,homeautomation-example,NO
SOM-Research,graphQL-xtext-grammar,YES
janesser,frege-xtext,YES
szarnekow,org.eclipse.e4.xcss,NO
LorenzoBettini,xtext-scoping,NO
JanKoehnlein,ESE-2010-Tutorial,NO
spoenemann,xtext-orion,NO
Modaptix,xtext-expressions,NO
nittka,Jtag,NO
erlide,erlide_xtext,NO
cdietrich,xtext-forum-support-example,NO
ESIR2Compilation,Langage-WHILE,NO
jhonatan89,gen-angular-grammar,NO
Sofiane-13,tutorialXtextSirius,NO
eclipse-soc,amalgamation-examples,NO
dvdkruk,xtext-xsd-resourceprovider,NO
marnix,metamath-eclipse-xtext,NO
JanKoehnlein,Xtext-Syntax-View,NO
planger,xtext-uml-experiment,NO
rquinio,ck2xtext,NO
mzaks,petrinet_dsl,NO
drnappalm,xtext,NO
svenefftinge,Xtext-Workshop-Runtime-Workspace,NO
martijndwars,XtextXT,NO
nahni,xtextTessla,NO
baidty,xtextLearning,NO
MoayadHn,XtextBDI,NO
fzalila,XtextExperiments,NO
Girish-Venkatesh,XTextSelenium,NO
Vinayakatk,xtextScopes,NO
01Lizard10,XTextUML,NO
Salome-Maro,XtextUtils,NO
fanghuixing,XtextApricot,NO
mraminella,xtextTests,NO
Alma2015RSABSAWA,XtextLangage,NO
myorb,XTextParser,NO
Jhinnn,XTextView,NO
kathisai,xtextSample,NO
huibo-shi,XtextExamples,NO
osamu-k,XTextStudy,YES
Treehopper,XTextTemplate,NO
seba111,Xtext1,NO
shinesamjacob,XtextExample,NO
ajperalt,xtext,NO
schakko,xtext-plugin-with-maven-tycho,NO
colameo,xtext4roo,NO
vinpereira,XtextToXMI,NO
JanKoehnlein,XtextCon2014,NO
bink81,xtext-test,NO
xtext42,xtext42-coding,NO
borisbrodski,XtextBug437519,NO
hypery2k,xText,NO
borisbrodski,XtextBug453268,NO
arnulfo-rodriguez,XtextClosureExample,NO
superxlx,XTextViewDemo,NO
johnBened,XtextMyDSLExample,NO
philiber92,XtextTestRepository,NO
fabienfleureau,XtextAtStackoverflow,NO
yunxiaocloud,XTextFieldLimtDemo,NO
eclipse,xtext-gradle,NO
Mensmec,THESIS_XTEXT,NO
MacJariel,sandbox-dsl,NO
chetanladdha,XtextFormatingHoverSample,NO
ainslec,XTextCustomLexerExample,NO
hem28,DSL_Xtext2.3,NO
HBuender,XtextAndSiriusIntegration,NO
meysholdt,EclipseCon2014_XtextTutorial,NO
jaimedelgado,Xtext,NO
chris125964,xtext,NO
DonRenando,xtext,NO
martijndwars,Xtext,NO
ozkandemir,XText,NO
johnahfong,xtext,NO
Mensmec,Xtext,NO
pellcorp,xtext,NO
Tutti91,Xtext,NO
ANCIT,xtext-examples,NO
DECENTSoftwareAssessment,dag.m1x,NO
rmemory,xtext,NO
deb-sandeep,com.sandy.xtext.jovenotes.tests,NO
yasuohosotani,Xtext,NO
Nika24,Xtext,NO
BenediktNiehues,de.nie.fin,NO
AlexElvers,XText,NO
lakzso,xtext,NO
seba111,Xtext,NO
MacJariel,xtext,NO
tmtron,xtext.15minTutorial,NO
blewis13,Boxes,NO
DECENTSoftwareAssessment,famix.m3x,NO
dslmeinte,SimScript,NO
webdaford,aqleditor,NO
goldschmiede,2012-02-03_dsls_mit_xtext,NO
kthoms,org.eclipse.xtext.example.domainmodel,NO
Reitzner,xtextmaven,YES
hectorsun,xtextonboost,NO
duck2,xtextbg,NO
HolyCityAudio,SpinCAD-Builder,NO
ceefour,glproto,NO
DECENTSoftwareAssessment,dag.m1x.tests,NO
gvd,xtext-sm,NO
davidmpaz,php.ware.web.ui,NO
DanielWeber,xtextext,NO
fzalila,xtextfsm,YES
DECENTSoftwareAssessment,dag.m1x.sdk,NO
jgoppert,xmodelica,NO
Vinayakatk,xtextgeneratetest,NO
deb-sandeep,com.sandy.xtext.jovenotes,NO
DECENTSoftwareAssessment,dag.m1x.ui,NO
viatra,viatra-evm-xtext,YES
protossoftware,ReqText,YES
meysholdt,e4dsl,NO
benzait27,Xtext.Promo,NO
malakeel,myDsl,NO
npalix,org.eclipse.xtext.example.arithmetics,NO
sormgabriel,textual_verduler,NO
ekowahyudi,examplextext,NO
DECENTSoftwareAssessment,famix.m3x.ui,NO
nakul02,sialx-xtext-ide,NO
kduske-n4,DomainModel,NO
Infoly,SmallJava,NO
inakuhn,de.htwg.mdse.setgame.entities.parent,NO
mlanoe,x-vhdl,NO
DECENTSoftwareAssessment,famix.m3x.tests,NO
nkonev,CalcXtext,NO
meysholdt,xtext_examples,NO
manuelleduc,xtext-lib,NO
xarvey,atom-xtext-package,YES
LolloCorte,bpel-xtext,NO
sciolizer,xtext-sandbox,YES
denschu,xtext-whitespace,NO
pablitar,claseXtext,NO
DECENTSoftwareAssessment,famix.m3x.sdk,NO
tdegueul,xtext-composition,NO
danieldietrich,xtext-javatools,NO
akademia,ontouml-xtext,NO
efuentesp,codebuilder-xtext,NO
zrrk,xtext-utils,NO
juli1,xtext-debug,NO
nbhusare,Xtext-sandbox,YES
jachinte,xtext-grammars,NO
susieagerholm,XTEXT_EXAMPLE,NO
itemis,monaco-xtext,NO
xiaoyvr,xtext-demo,NO
hmc-cs111-fall2015,picobot-XText,NO
yanntm,Xtext-Light,NO
quendimax,libXtextcursorchanger,NO
Ikraminfo,GrammaireXtext,NO
nickeeyyoo,xtext_project,NO
marinamygithub,xtext_project,NO
lukashaertel,xtext-xgen,NO
fmca,xtext-typesystem,NO
almazhou,xtext-demo,NO
Huluvu424242,xtext.example,NO
kiddochan,xtext-typesystem,NO
mmalohlava,ppXtext,NO
ponta027,xtext_practice,NO
bhdrkn,Xtext-Examples,NO
fatalerrortan,Xtext-examples,NO
gcr-nist,runtime-Xtext,NO
fBrx,language-xtext,NO
ilya-klyuchnikov,sll-xtext,NO
vonbolt,Xtext_test,NO
rytina,xtext-typesystem,NO
philiber92,xtext-utils,NO
thomasfischl,xtext-workshop,YES
jbadeau,ng-xtext,NO
OliverScherf,MGPL-Xtext,NO
szarnyasg,gradle-xtext,NO
malbac,Xtend_Xtext,NO
gitpan,Convert-XText,NO
rmemory,xtext_eclipse,NO
lukashaertel,xtext-technocat,NO
lukashaertel,xtext-xtestgen,NO
zhangyuanqiao,selenium-xtext,NO
cooked,modelica-xtext,NO
pablitar,firewall-xtext,NO
hamza-abed,JSEditorXtext,NO
Virtlink,paplj-xtext,YES
kwanggy,xtext-sublime,NO
thicket-lang,thicket-xtext,NO
agentlab,xtext-web,YES
test-editor,xtext-dropwizard,NO
kecskesk,xtext-menetrend,YES
ftrifin,xtext-utils,NO
scottopell,xtext_utils,NO
lukashaertel,xtext-fsml,NO
sahrmann,xtext-json,NO
Modaptix,xtext-utils,NO
itemis,xtext-issues,NO
holzem,xtext-lexertrace,NO
victorlacorte,Tcc,NO
limelanguage,lime-xtext,NO
edgarmueller,xtext-recordmapper,NO
santoshdeshpande,wwf-xtext,NO
MatzeGIT,XText-maven,NO
tkurita,XText.scptd,NO
t-buss,mgpl_xtext,NO
dvdkruk,xtext-workshop,YES
npalix,org.xtext.example.mde,NO
logicfish,XActiv,NO
kittaakos,webcalc,NO
evandor,skysail-prototypr-dsl,NO
iensen,certware-l-editor,NO
vladimirkozhaev,casualintellect_new_wizard,YES
TinyScream,org.xtext.amodel,NO
M2TIIL2016-2017,SiteWeb_XText,NO
schakko,hackcamp-xtext-automotivebus,NO
sfinnie,xtext.scoping.adventures,NO
jpaw,bonaparte-apidsl,NO
rainerschuster,yacc-ide,NO
schakko,xtext-bug-436688,NO
dhuebner,xtext-builddsl-tycho,NO
matejsp,lwc13-xtext,NO
ftrifin,xtext-utils.uml,NO
mbarbero,xtext-forms-integration,NO
FForw4rd,xtext-restriction-framework,NO
zrrk,xtext-utils.devenv,NO
ftrifin,xtext-utils.xtend,NO
svenefftinge,xtext-jaxcon-example,NO
LorenzoBettini,xtext-demo-laquila,NO
jakecobb,xtext-iris-datalog,NO
Huluvu424242,rezept-dsl.xtext,NO
philiber92,xtext-utils.unittesting,NO
philiber92,xtext-utils.distribution,NO
phaldan,htwg-cform-xtext,NO
itemis,xtext-example-conplan,NO
LorenzoBettini,Xtext-Buckminster-Example,NO
LorenzoBettini,xtextcon-typesystem-example,NO
dhuebner,org.xtext.example.tycho,NO
agentlab,eclipse-orbit_xtext-web,NO
Tutti91,xtext_language_bla,NO
LeonoraG,xtext-req-editor,NO
xarvey,atom-xtext-autocomplete,NO
franzbecker,xtext-formatter-problem,NO
ftrifin,xtext-utils.distribution,NO
Fritzi,XText_TeSSLa,NO
madasar,booster2-xtext,NO
TypeFox,xtext-splitted-repo,NO
zrrk,xtext-utils.uml,NO
zrrk,xtext-utils.xtend,NO
ftrifin,xtext-forms-integration,NO
JanKoehnlein,fxdiagram-xtext-examples,NO
ubx,openair,NO
rju,xtext-typing-example,NO
philiber92,xtext-utils.xtend,NO
Advanced-Model-Engineering-SS16,xtext-ocl-extensions,NO
zrrk,xtext-utils.distribution,NO
Johanvdberg,mcrl2.xtext,NO
kryptonite22,rsbac.xtext.dsl,NO
tkleszczynski,jug-zgora-xtext,NO
philiber92,xtext-utils.devenv,NO
jeffmaury,devoxx2012-xtext,NO
YonedaMasashi,xText_Practice,NO
jackqq,xTextEdit,NO
ftrifin,xtext-utils.unittesting,NO
lgcardeas,xtext-forms-integration,NO
vrichard12,xtext-forms-integration,NO
itemis,xtext-monaco-example,NO
pabu90,xtext-ci-test,NO
EricssonPlant,plantuml-xtext-light,NO
zrrk,xtext-utils.unittesting,NO
LorenzoBettini,xtext-index-experiments,NO
ftrifin,xtext-utils.devenv,NO
inteldict,xtext-gradle-demo,NO
cdietrich,xtext-multi-dsl,NO
hachreak,dmss.pouex.xtext,NO
lunifera,lunifera-xtext-runtimebuilder,NO
sikessle,xtext-forms-integration,NO
priya0311,xtext-forms-integration,NO
philiber92,xtext-utils.uml,NO
talalong,dbFactoryXtext,NO
stackoverflowmailer,lwc13-xtext,NO
willy2706,if4150-xtext,NO
wwu-pi,acse-xtext-validation,YES
ProgrammableDrones,xTextLanguage,NO
stefano-bragaglia,Kinect-ECE-XText,NO
wwu-pi,acse-xtext-gui,YES
peterssas,xtext-gradle-problem,NO
zhoumin03,xtext-forms-integration,NO
gcubar,CodeXcessXtext,NO
cdietrich,xtext-ecore-xcore,NO
ayoubziat,xtext_DSL_example,NO
xiaoyvr,xtext-demo-oxygen,NO
test-editor,deprecated-xtext-index-backend,NO
kuniss,Aqua,NO
npalix,org.eclipse.xtext.example.fowlerdsl,NO
dslmeinte,xtext-workshop-code1,NO
chauhansaurabhb,Eclipse-Xtext-Mydsl-Plugin,NO
oyse,jetson,NO
zwgirl,summer,NO
rymarenkosuccess,Coffeescript-Eclipse,NO
felipedf,compiler,NO
logicfish,XPlane,NO
LorenzoBettini,Xtext-Xtend-Buckminster-Example,NO
vorburger,eclipse-typescript-xtext-repository,NO
pankeshpatel,EclipsePluginForXtext,NO
Hellmy,plantuml-eclipse-xtext_update,NO
xpomul,xtext-multi-edit-example,NO
tmtron,xtext.eclipse.15minExtended,NO
deb-sandeep,com.sandy.xtext.jovenotes.ui,NO
ftrifin,xtext-utils.xtend1,NO
szarnekow,xtext-arithmetics-web-example,NO
wwu-pi,acse-xtext-knuth-binaries,YES
jwachter,xtext-serializer-issue-example,NO
DemidovAlexander,Xtext_MiniJava_IDE,YES
camilagarcia113,xtext-dsl-obj3,NO
cdietrich,gradle-xtext-xtend-problem,NO
uqbar-paco,firewall-dsls-externos-xtext,NO
svenefftinge,Xtext-LWC-contribution--Instances-,NO
rainerschuster,eclipse-webidl,NO
willy2706,if4150-xtext-html,NO
phaldan,htwg-cform-xtext-demo,NO
hypery2k,Xtext-GrammarMixin-Example,NO
philiber92,xtext-utils.subproject-template,NO
zrrk,xtext-utils.subproject-template,NO
thowin,ituXtextLandinConfigurator,NO
philiber92,xtext-utils.xtend1,NO
claudenirmf,old-tests-on-xtext,YES
zouhairireda,xtext-ocl-xtend-poc,NO
franzbecker,xtext-serializer-parallel-problem,NO
lunifera,lunifera-xtext-runtimebuilder-example,NO
ftrifin,xtext-utils.subproject-template,NO
fluxtah,xtext-android-gradle-example,NO
hypery2k,Xtext-Maven-BuildExample,NO
kittaakos,xtext-eclipse-gh-238,NO
MatzeGIT,XText-Maven-CleanStart,NO
Rodolfocostapr,org.xtext.example.pascalito,NO
deb-sandeep,JoveNotesProcessor,NO
zrrk,xtext-utils.xtend1,NO
tanthingdeveloper3unshine,AutoCompleteXTextView,NO
loradd,uml-xtext-grammar-generator,NO
RobertWalter83,DialogScriptDSL,NO
vicegd,org.xtext.dsl.restaurante,YES
paulluap,xtext-extras-issue216,YES
dhakehurst,net.akehurst.example.xtext.vertx,NO
alvilgau,de.htwg.xtext.setGame,NO
nittka,Xarchive,NO
rdurelli,com.br.refactoring.xtext.dsl,NO
tmtron,xtext.15minTutorial.project,NO
agentlab,eclipse-orbit_xtext-web-dsls,NO
threadedblue,org.eclipse.xtext.example.domainmodel,NO
cdietrich,xtext-existing-metamodel-gradle-example,NO
wrungel,tycho.xtext.mwe2.test,NO
Scholvac,EclipseTaskJuggler,NO
ftmdida,xtext_code_gen_version_2,NO
alexwatts,xtext-j2ee-dsl,NO
cdietrich,xtext-gradle-plugin-issue-60,NO
thowin,ituXtextLandin2Configurator,NO
jkouwer,basicfamily,NO
goldschmiede,2011-02-18_xtext_apache_wicket,NO
nileshrege,El,NO
deparlak,de.htwg.mdsd.xtext.portals,NO
shashwatanand,org.shashwat.xtext.smallJava,NO
mmalohlava,gpp-for-xtext-master-thesis,NO
dexz92,Integrating-Xtext-and-JavaRAG,NO
Rodolfocostapr,org.xtext.example.pascalitoOld,NO
KasperGam,IGESImport,YES
fuinorg,xsample,NO
florianpirchner,beantypes,NO
cdietrich,xtext-gradle-plugin-issue-61,NO
rdurelli,com.br.refactoring.xtext.dsl.ui,NO
threadedblue,org.eclipse.xtext.example.domainmodel.tests,NO
rdurelli,com.br.refactoring.xtext.dsl.tests,NO
shashwatanand,org.shashwat.xtext.smallJava.ui,NO
tmtron,xtext.eclipse.15minExtended.project,NO
chqu1012,MetroUiDescriper,NO
rainerschuster,sygus-ide,NO
jacruzca,xtext-multilanguage-multiple-target-impl-reuse,NO
qscdfg,mybash,NO
eirikg,XbaseSiriusIntegration,YES
nohum,android-code-generation,NO
gvd,zest-sm,NO
uqbar-paco,declaratividad-orm-java,NO
shashwatanand,org.shashwat.xtext.smallJava.tests,NO
dhakehurst,net.akehurst.example.xtext.vertx.lsp,NO
vztpv,ClauTextWithEclipse,NO
goldschmiede,2011-04-29_xtext_service_repository,NO
markusvoelter,DSLEngBook-Xtext-P3Demo,NO
ESIR2Compilation,PrettyPrinter,NO
bmael,MVCLang,NO
zhou-jg,tefler,NO
bogdanvuk,xvhdl,NO
marcotinacci,XTuring,NO
threadedblue,org.eclipse.xtext.example.domainmodel.ui,NO
joergreichert,OperationsResearch,NO
tommyettinger,julepp,NO
masters-info-nantes,SmokingText,NO
daniel-laszlo,temalabor,YES
Communote,communote-restws,NO
vorburger,FormGeneratorPOC,NO
nittka,pocesl,NO
logicfish,POMText,NO
cdietrich,https---github.com-meysholdt-xtext_stateful_lexer,NO
bogdanvuk,xrst,NO
meysholdt,performance_probes,NO
agentlab,PowerLoomDSL,YES
rainerschuster,jdl-ide,NO
JoostvanPinxten,SDF3-editor,NO
ceefour,emf-sandbox,NO
Mehdi23,FlexoModelingLanguage,NO
atanaka,experimental-rmodp-dsl,NO
leolimasa,reqlang,NO
smba,model-based-times,NO
DavidFosterLuhmann,high-dim,NO
test-editor,deprecated-test-editor-index-backend,NO
sidz8690,EasyUnit,NO
lsotnk,lsotnk.xbase.launching,NO
Tim-S,ReqLNG,NO
helunwencser,PAOC,NO
nakul02,sysml.dml,NO
rainerschuster,tlsf-ide,NO
rainerschuster,asdl-ide,NO
N0P0x90,EclipseExamples,NO
martinmuellenberg,cityplanning,NO
newdigate,soa-dsl-scaffolding,NO
evansnicholas,yaxpath,NO
nittka,ASP,NO
josros,boby,YES
danhaywood,kemble,NO
schakko,bsc-thesis-documentation,NO
szarnekow,mongoBeans,NO
timeraider4u,external_jar_download,NO
Buggaboo,xplatform,NO
jonathankoehn,entitygenerator,NO
marcusphi,polopoly-dsl,NO
alexisfacques,dsl-feature-modelling,YES
sbrocard,statemachine-generator,NO
JPL-IMCE,gov.nasa.jpl.imce.oml.core,YES
PuneetPatwari,system-map-maker,NO
atanaka,DomainmodelWithCrossReference,NO
cedricvidal,protobuf4e,NO
rowlo,testdsl,NO
joergreichert,Cool,NO
WesleyMarques,CompiladorJava,NO
tommyettinger,kobold,NO
stolorz,RankPL-EclipsePlugin,NO
UnibgInfo3A,ebnfworkbench,YES
sergiowebo,RaspduinoDSL,NO
Remypoc,CmooSimpleJ,NO
majordomo,majordomo,NO
ryanignatius,CheckerDSL,NO
raynair,webml,NO
arbennett,ParserGeneratorExample,NO
OElabed,Model-Driven-Engineering--Eclipse-RCP-plugin--Software-product-line,NO
renaudhelias,MameVHDL,NO
cwiscount,mydsl-emf-gen,NO
rmuecke,clinicaltrialcreator,NO
mythicfreak,aomxsgrammar,NO
diverse-project,melange-studio,NO
marcotinacci,Event-Oriented-Language,NO
ksza,Bicycle-Shop,NO
marcotinacci,SwarmRobotics,NO
Padmar1995,gh,NO
