Owner Login,Repository Name,Repository URL
waynepiekarski,XTextureExtractor,https://github.com/waynepiekarski/XTextureExtractor
TypeFox,theia-xtext-sprotty-example,https://github.com/TypeFox/theia-xtext-sprotty-example
altran-mde,xtext-sirius-integration,https://github.com/altran-mde/xtext-sirius-integration
graph-quilt,graphql-xtext,https://github.com/graph-quilt/graphql-xtext
TypeFox,vscode-xtext-sprotty-example,https://github.com/TypeFox/vscode-xtext-sprotty-example
eclipse,xtext-website,https://github.com/eclipse/xtext-website
intuit,common-xtext-expression-language,https://github.com/intuit/common-xtext-expression-language
PacktPublishing,Implementing-Domain-Specific-Languages-with-Xtext-and-Xtend,https://github.com/PacktPublishing/Implementing-Domain-Specific-Languages-with-Xtext-and-Xtend
resloved,xtext,https://github.com/resloved/xtext
lurenzhangdeshuai,EmojiText-XText,https://github.com/lurenzhangdeshuai/EmojiText-XText
kuniss,xtext-ide-extensions,https://github.com/kuniss/xtext-ide-extensions
graph-quilt,xtext-service-dsl,https://github.com/graph-quilt/xtext-service-dsl
btc-ag,service-idl,https://github.com/btc-ag/service-idl
eventB-Soton,XUML_B,https://github.com/eventB-Soton/XUML_B
Minres,CoreDSL,https://github.com/Minres/CoreDSL
TypeFox,xtext2langium,https://github.com/TypeFox/xtext2langium
v-bashev,post_core,https://github.com/v-bashev/post_core
NielsLiisberg,RPG-lexer,https://github.com/NielsLiisberg/RPG-lexer
OpenSextant,XText,https://github.com/OpenSextant/XText
laubfall,jugh-xtext-arkanoid,https://github.com/laubfall/jugh-xtext-arkanoid
khabdrick,LambdaXtextract,https://github.com/khabdrick/LambdaXtextract
bsati,mgpl-xtext,https://github.com/bsati/mgpl-xtext
UnBCIC-TP2,Oberon-XText,https://github.com/UnBCIC-TP2/Oberon-XText
TopXDevTeam,TopXTextUI,https://github.com/TopXDevTeam/TopXTextUI
ngreve,xtext_web,https://github.com/ngreve/xtext_web
nmaoez,composer-language-server,https://github.com/nmaoez/composer-language-server
FAMILIAR-project,xtext-dsl-compiler-example,https://github.com/FAMILIAR-project/xtext-dsl-compiler-example
eventB-Soton,XTheory,https://github.com/eventB-Soton/XTheory
program-in-chinese,xtext_tutorial_15_min_zh,https://github.com/program-in-chinese/xtext_tutorial_15_min_zh
code-kontor,openCypher-Xtext,https://github.com/code-kontor/openCypher-Xtext
eclipse,epsilon,https://github.com/eclipse/epsilon
UnBCIC-TP2,Oberon-IDE,https://github.com/UnBCIC-TP2/Oberon-IDE
idiomaticsoft,xtext-tips,https://github.com/idiomaticsoft/xtext-tips
atb,pt.isep.dsl.puml,https://github.com/atb/pt.isep.dsl.puml
Webastronaut,mgpl,https://github.com/Webastronaut/mgpl
PAMunb,MetaCrySL,https://github.com/PAMunb/MetaCrySL
raghvendra-v,tosca-yaml-lsp,https://github.com/raghvendra-v/tosca-yaml-lsp
zxhr,gradle-xtext-generator,https://github.com/zxhr/gradle-xtext-generator
tmtron,ex.xtext.lsp,https://github.com/tmtron/ex.xtext.lsp
echebbi,standalone-xtext-example,https://github.com/echebbi/standalone-xtext-example
darvasd,xtext-docs-gen,https://github.com/darvasd/xtext-docs-gen
jcabot,WordPress-Plugin-DSL,https://github.com/jcabot/WordPress-Plugin-DSL
JensBAndersen,PolicyLanguage,https://github.com/JensBAndersen/PolicyLanguage
Zannith,XtextTest,https://github.com/Zannith/XtextTest
AnnaLenaMeiners,XtextExamples,https://github.com/AnnaLenaMeiners/XtextExamples
Kerolos77,XTextEditor,https://github.com/Kerolos77/XTextEditor
Mabar16,xtextMath,https://github.com/Mabar16/xtextMath
holgerschill,xtextCodebuff,https://github.com/holgerschill/xtextCodebuff
devzwy,XTextView,https://github.com/devzwy/XTextView
mraminella,XtextExamples,https://github.com/mraminella/XtextExamples
msntts,XtextStudy,https://github.com/msntts/XtextStudy
chiachong,XTextClassification,https://github.com/chiachong/XTextClassification
vinisbranco,XtextGerador,https://github.com/vinisbranco/XtextGerador
pakhopav,XtextPlugin,https://github.com/pakhopav/XtextPlugin
IamRaziel,XtextTutorial,https://github.com/IamRaziel/XtextTutorial
dstoft,XtextWorkspace,https://github.com/dstoft/XtextWorkspace
MisbahAwan,XtextCollaborativeEnvironment,https://github.com/MisbahAwan/XtextCollaborativeEnvironment
pakhopav,XtextLanguage,https://github.com/pakhopav/XtextLanguage
fonuhuolian,XTextView,https://github.com/fonuhuolian/XTextView
RomainLefeuvre,xtextHW,https://github.com/RomainLefeuvre/xtextHW
BestCoderXQX,XTextFlagDemo,https://github.com/BestCoderXQX/XTextFlagDemo
vinisbranco,XtextTrabalho2,https://github.com/vinisbranco/XtextTrabalho2
loicperreal,Xtext,https://github.com/loicperreal/Xtext
goflyboy,xtextsample,https://github.com/goflyboy/xtextsample
SharkJ,XtextInheritanceTest,https://github.com/SharkJ/XtextInheritanceTest
hewenyuAndroid,XTextView-Android,https://github.com/hewenyuAndroid/XTextView-Android
OLibutzki,XtextExtras446,https://github.com/OLibutzki/XtextExtras446
vinisbranco,XtextJavaScript,https://github.com/vinisbranco/XtextJavaScript
AndreasGroentved,XtextDSL2018,https://github.com/AndreasGroentved/XtextDSL2018
robertchristen,XTextCategorizer.Demo,https://github.com/robertchristen/XTextCategorizer.Demo
alvarofpp,tutorial-xtext,https://github.com/alvarofpp/tutorial-xtext
pakhopav,XtextLanguageGradle,https://github.com/pakhopav/XtextLanguageGradle
pakhopav,xtext,https://github.com/pakhopav/xtext
adamhorvath88,Xtext,https://github.com/adamhorvath88/Xtext
0xMYsteRy,Xtext,https://github.com/0xMYsteRy/Xtext
taylorlohan,XtextHealth2.0,https://github.com/taylorlohan/XtextHealth2.0
Caroline66666,xtext,https://github.com/Caroline66666/xtext
xuxiaowen87,XText,https://github.com/xuxiaowen87/XText
MisbahAwan,xtext,https://github.com/MisbahAwan/xtext
ichxorya,failed-xtext2vscode-example,https://github.com/ichxorya/failed-xtext2vscode-example
hwong23,dsl.evtool,https://github.com/hwong23/dsl.evtool
RobMoloney,xtext,https://github.com/RobMoloney/xtext
l1ppe,xtext,https://github.com/l1ppe/xtext
madhouni,wps-ecore-ocl-xtext,https://github.com/madhouni/wps-ecore-ocl-xtext
MISO4202,uniandes.mdd.xtext2xmi,https://github.com/MISO4202/uniandes.mdd.xtext2xmi
tchebs,xtext,https://github.com/tchebs/xtext
mlopez8621,xtext,https://github.com/mlopez8621/xtext
magick93,xtext,https://github.com/magick93/xtext
ShivaniBali,Theia-Xtext-Yangster-Project-,https://github.com/ShivaniBali/Theia-Xtext-Yangster-Project-
ehah,XtendExample,https://github.com/ehah/XtendExample
MISO4202,co.edu.uniandes.gramaticajmeter,https://github.com/MISO4202/co.edu.uniandes.gramaticajmeter
vks2106,prenum,https://github.com/vks2106/prenum
drkstr101,hello-xtext,https://github.com/drkstr101/hello-xtext
arthurmosley,Essex-Test,https://github.com/arthurmosley/Essex-Test
eclipse,xtext-website-publish,https://github.com/eclipse/xtext-website-publish
jflopezfernandez,xtextutils,https://github.com/jflopezfernandez/xtextutils
AlanQuadros,xtextlpmangan,https://github.com/AlanQuadros/xtextlpmangan
jonaslagoni,JSON-Schema-to-internal-DSL,https://github.com/jonaslagoni/JSON-Schema-to-internal-DSL
OezzyB,e-portfolio-Xtext,https://github.com/OezzyB/e-portfolio-Xtext
fedorov-vk,apds_dsl,https://github.com/fedorov-vk/apds_dsl
zinon,xtextminer,https://github.com/zinon/xtextminer
mustafa231,xtexteditor,https://github.com/mustafa231/xtexteditor
MOSafely,xtextrepo,https://github.com/MOSafely/xtextrepo
bproenca,mpti-dsl,https://github.com/bproenca/mpti-dsl
LorenzoBettini,xtext-domain-model-guice-5,https://github.com/LorenzoBettini/xtext-domain-model-guice-5
BlackBeltTechnology,karaf-features-eclipse-xtext,https://github.com/BlackBeltTechnology/karaf-features-eclipse-xtext
vashchenkov,xtext-samle,https://github.com/vashchenkov/xtext-samle
germono,FormXtext,https://github.com/germono/FormXtext
Quingo,compiler_xtext,https://github.com/Quingo/compiler_xtext
ShrawanBK,xtext_salestransaction,https://github.com/ShrawanBK/xtext_salestransaction
tshoang,XMarking,https://github.com/tshoang/XMarking
szschaler,henshin_xtext_adapter,https://github.com/szschaler/henshin_xtext_adapter
hakimuga,BIP-language,https://github.com/hakimuga/BIP-language
adautofbn,pascal-xtext,https://github.com/adautofbn/pascal-xtext
efuentesp,Xtext-UCS,https://github.com/efuentesp/Xtext-UCS
preesm,ripacola-xtext,https://github.com/preesm/ripacola-xtext
wibeck,testXtext,https://github.com/wibeck/testXtext
msun68,xtext-examples,https://github.com/msun68/xtext-examples
xTexturedxx,xTexturedxx,https://github.com/xTexturedxx/xTexturedxx
HexXText,HexXText,https://github.com/HexXText/HexXText
Gricel-lee,Xtext-Maven,https://github.com/Gricel-lee/Xtext-Maven
kolchanov,org.xtext.example.mydsl.parent,https://github.com/kolchanov/org.xtext.example.mydsl.parent
kecksk0enig,vuc-xtext,https://github.com/kecksk0enig/vuc-xtext
EvdokimovMaks,xtext-expressions,https://github.com/EvdokimovMaks/xtext-expressions
Sorokatov,xtext-demo,https://github.com/Sorokatov/xtext-demo
uppaal-emf,uppaal-xtext,https://github.com/uppaal-emf/uppaal-xtext
matheuslenke,Xtext-UML,https://github.com/matheuslenke/Xtext-UML
r4mtor,xtext-talks,https://github.com/r4mtor/xtext-talks
nbhusare,xtext-playground,https://github.com/nbhusare/xtext-playground
kokostino,xtext_kokomodel,https://github.com/kokostino/xtext_kokomodel
GiordanoT,ocl-xtext,https://github.com/GiordanoT/ocl-xtext
dr-jam,ABL-XText,https://github.com/dr-jam/ABL-XText
lahirugayanga,xtext-projection,https://github.com/lahirugayanga/xtext-projection
daniel614,xtext-webapp,https://github.com/daniel614/xtext-webapp
Spiderixius,DSLIndividualXtext,https://github.com/Spiderixius/DSLIndividualXtext
mdsd-team-1,photos-xtext,https://github.com/mdsd-team-1/photos-xtext
efuentesp,xtext-cobol,https://github.com/efuentesp/xtext-cobol
torosky,Libreria-Xtext,https://github.com/torosky/Libreria-Xtext
MaxiEckert,Xtext-example,https://github.com/MaxiEckert/Xtext-example
as500,xtext-rpgle,https://github.com/as500/xtext-rpgle
JavierOramas,AudiXText,https://github.com/JavierOramas/AudiXText
xtext,xtext-monorepo,https://github.com/xtext/xtext-monorepo
vjordan,Xtext_browser,https://github.com/vjordan/Xtext_browser
Yop-La,xtext_project,https://github.com/Yop-La/xtext_project
JesterOrNot,Gitpod-XText,https://github.com/JesterOrNot/Gitpod-XText
eclipse,xtext-archive,https://github.com/eclipse/xtext-archive
Lethalaric,xtext-learning,https://github.com/Lethalaric/xtext-learning
DSIE2,tr.xtext,https://github.com/DSIE2/tr.xtext
ShivaniBali,Theia-Xtext,https://github.com/ShivaniBali/Theia-Xtext
kthoms,xtext-webinar,https://github.com/kthoms/xtext-webinar
christopherosthues,mgpl-xtext,https://github.com/christopherosthues/mgpl-xtext
zhanglin2018,learnXtext,https://github.com/zhanglin2018/learnXtext
seebgar,Xtext-Projects,https://github.com/seebgar/Xtext-Projects
Vallenstein,xtext_web,https://github.com/Vallenstein/xtext_web
AbQadirr,dialogXtextflow,https://github.com/AbQadirr/dialogXtextflow
blue995,xtext-orm,https://github.com/blue995/xtext-orm
arockiaraj1994,xtext-mvn,https://github.com/arockiaraj1994/xtext-mvn
moein9,passXtext,https://github.com/moein9/passXtext
saivarunr,xtext-editor,https://github.com/saivarunr/xtext-editor
JesterOrNot,xtext-cli,https://github.com/JesterOrNot/xtext-cli
Somiacao,xtext-web,https://github.com/Somiacao/xtext-web
katmatt,graphql-xtext,https://github.com/katmatt/graphql-xtext
LIONant-depot,xtexture_compiler,https://github.com/LIONant-depot/xtexture_compiler
tchebs,xtext-example,https://github.com/tchebs/xtext-example
ballcoach12,xtext_samples,https://github.com/ballcoach12/xtext_samples
AssaX0,MDSE-xtext,https://github.com/AssaX0/MDSE-xtext
samples-projects,sample-xtext,https://github.com/samples-projects/sample-xtext
karthik137,xtext-demo,https://github.com/karthik137/xtext-demo
MDE-Course-23-24,SIRIUS-XTEXT,https://github.com/MDE-Course-23-24/SIRIUS-XTEXT
softlang,megal-xtext,https://github.com/softlang/megal-xtext
laurocesar,xtext-domainmodel,https://github.com/laurocesar/xtext-domainmodel
Yahaya12,Xtext-project,https://github.com/Yahaya12/Xtext-project
malhxr,SpeechXtext,https://github.com/malhxr/SpeechXtext
stanimirovv,xtext-extractor,https://github.com/stanimirovv/xtext-extractor
3m3k3,xtext-congen,https://github.com/3m3k3/xtext-congen
pen-zhang,xtext_elm_editor,https://github.com/pen-zhang/xtext_elm_editor
NSaitoNmiri,toppers_cfg_xtext,https://github.com/NSaitoNmiri/toppers_cfg_xtext
tmtron,ex.xtext.twog,https://github.com/tmtron/ex.xtext.twog
vinicius0197,metacrysl,https://github.com/vinicius0197/metacrysl
Dexels,navascript-editor,https://github.com/Dexels/navascript-editor
adrianrutle,PCS953-EMF-Exercise,https://github.com/adrianrutle/PCS953-EMF-Exercise
ravornyo,xspice,https://github.com/ravornyo/xspice
yamen-njm,IotXtext,https://github.com/yamen-njm/IotXtext
kainzpat14,xtext-plsql,https://github.com/kainzpat14/xtext-plsql
epsilonlabs,emc-xtext,https://github.com/epsilonlabs/emc-xtext
robertovillarejo,kukulkan-grammar,https://github.com/robertovillarejo/kukulkan-grammar
lvanzeun,ulm-xtext-test,https://github.com/lvanzeun/ulm-xtext-test
purerstamp,N7.compilateur,https://github.com/purerstamp/N7.compilateur
jaedabee,xtext-gradle-test,https://github.com/jaedabee/xtext-gradle-test
MassiBelaid,M-langeuse-Xtext,https://github.com/MassiBelaid/M-langeuse-Xtext
qxe35v,xtext_encoding_dsl,https://github.com/qxe35v/xtext_encoding_dsl
random-eclipse,nix-eclipse-xtext,https://github.com/random-eclipse/nix-eclipse-xtext
meta-doodle,Xtext_Gradle_Test,https://github.com/meta-doodle/Xtext_Gradle_Test
LiamWalsh98,nusmv-xtext-lsp,https://github.com/LiamWalsh98/nusmv-xtext-lsp
MaximilianKoestler,vscode-xtext-links,https://github.com/MaximilianKoestler/vscode-xtext-links
AhmedEssam2212,xText-Editor-,https://github.com/AhmedEssam2212/xText-Editor-
adrinerDP,DSL-with-Xtext,https://github.com/adrinerDP/DSL-with-Xtext
cdietrich,xtext-domainmodel-ls,https://github.com/cdietrich/xtext-domainmodel-ls
tmtron,ex.xtext.ml,https://github.com/tmtron/ex.xtext.ml
andrewsandu,xtext-web-example,https://github.com/andrewsandu/xtext-web-example
pngowda,xtext-build-tools,https://github.com/pngowda/xtext-build-tools
SharkJ,xtext-dsl-sample,https://github.com/SharkJ/xtext-dsl-sample
hammedb197,team-hacktive-xtext,https://github.com/hammedb197/team-hacktive-xtext
SimonCockx,xtext-monaco-example,https://github.com/SimonCockx/xtext-monaco-example
mister-walter,xtext-folding-issue,https://github.com/mister-walter/xtext-folding-issue
alexvolh,xtext-xml-grammar,https://github.com/alexvolh/xtext-xml-grammar
SharkJ,my-theia-xtext,https://github.com/SharkJ/my-theia-xtext
urbanoanderson,xtext-gait-model,https://github.com/urbanoanderson/xtext-gait-model
vjordan,Xtext_directory-file,https://github.com/vjordan/Xtext_directory-file
JosBouwhuis,xText-DSL,https://github.com/JosBouwhuis/xText-DSL
CS130-W20,assignment-2-xtext,https://github.com/CS130-W20/assignment-2-xtext
lunifera,xtext-jvmtypeprovider-standalone,https://github.com/lunifera/xtext-jvmtypeprovider-standalone
bobbyfisher1,eclipse-workspace,https://github.com/bobbyfisher1/eclipse-workspace
dsl-course,xtext-entities-tutorial,https://github.com/dsl-course/xtext-entities-tutorial
Highbrainer,xtext-pde-target,https://github.com/Highbrainer/xtext-pde-target
mattsse,xtext-fipa-acl,https://github.com/mattsse/xtext-fipa-acl
XIECHO,qingo_xtext_documentation,https://github.com/XIECHO/qingo_xtext_documentation
FariSoftware,xtext-problem-matcher,https://github.com/FariSoftware/xtext-problem-matcher
ShrawanBK,xtext.sales.transactions,https://github.com/ShrawanBK/xtext.sales.transactions
Lzgpom,xtext-gen-extension,https://github.com/Lzgpom/xtext-gen-extension
drkstr101,Domainmodel,https://github.com/drkstr101/Domainmodel
vinicius0197,expressions-dsl,https://github.com/vinicius0197/expressions-dsl
LorenzoBettini,xtext-xdoc-releases,https://github.com/LorenzoBettini/xtext-xdoc-releases
KarstenWilken,xTextForum,https://github.com/KarstenWilken/xTextForum
S-wald,xtext-plugin-gradle,https://github.com/S-wald/xtext-plugin-gradle
lahirugayanga,xtext-example-dsl,https://github.com/lahirugayanga/xtext-example-dsl
cdietrich,xtext-fragment-experiments,https://github.com/cdietrich/xtext-fragment-experiments
cdietrich,xtext_bug_1974,https://github.com/cdietrich/xtext_bug_1974
bergmanngabor,xtext-railmap-demo,https://github.com/bergmanngabor/xtext-railmap-demo
mchlrch,xtext-intro-bfh,https://github.com/mchlrch/xtext-intro-bfh
EvdokimovMaks,xtext-example-entities,https://github.com/EvdokimovMaks/xtext-example-entities
cipek,MyFirstXText,https://github.com/cipek/MyFirstXText
pngowda,xtext-ci-libs,https://github.com/pngowda/xtext-ci-libs
paulvberlin,BaSiriusXtext,https://github.com/paulvberlin/BaSiriusXtext
szarnyasg,sql-pgq-xtext,https://github.com/szarnyasg/sql-pgq-xtext
frademacher,xtext-jpms-test,https://github.com/frademacher/xtext-jpms-test
xtext,xtext-monorepo-lfs,https://github.com/xtext/xtext-monorepo-lfs
LorenzoBettini,xtext-build-utils,https://github.com/LorenzoBettini/xtext-build-utils
cdietrich,xtext-two-dsls,https://github.com/cdietrich/xtext-two-dsls
balazsgrill,xtext_bug508518,https://github.com/balazsgrill/xtext_bug508518
Tim-S,xtext-valueconverter-example,https://github.com/Tim-S/xtext-valueconverter-example
ayakurtam,xText-Editor,https://github.com/ayakurtam/xText-Editor
HouseBuilder-MDE,HouseBuilder-Xtext,https://github.com/HouseBuilder-MDE/HouseBuilder-Xtext
xtext,xtext-orbit-replacement,https://github.com/xtext/xtext-orbit-replacement
fedorov-vk,xtext-xcore-sample,https://github.com/fedorov-vk/xtext-xcore-sample
gustavotemple,mo631xtext,https://github.com/gustavotemple/mo631xtext
Tim-S,xtext-mapbasedscope-example,https://github.com/Tim-S/xtext-mapbasedscope-example
shakenetwork,xTextHandler,https://github.com/shakenetwork/xTextHandler
GabrielBozza,ProjetoXtextPFC,https://github.com/GabrielBozza/ProjetoXtextPFC
HexXText,HexXTextSMP,https://github.com/HexXText/HexXTextSMP
snarkipus,xtext-dsl-book,https://github.com/snarkipus/xtext-dsl-book
fedorov-vk,xtextxtend-book-examples,https://github.com/fedorov-vk/xtextxtend-book-examples
ArneDeutsch,xtext-gradle-example,https://github.com/ArneDeutsch/xtext-gradle-example
oliver-reinhard,xtext-ppt-demo,https://github.com/oliver-reinhard/xtext-ppt-demo
tpluscode,xtext-completion-nullpointer,https://github.com/tpluscode/xtext-completion-nullpointer
idiomaticsoft,sbt-xtext-plugin,https://github.com/idiomaticsoft/sbt-xtext-plugin
pen-zhang,online_elm_xtext,https://github.com/pen-zhang/online_elm_xtext
raglu,ExternalDSL-xtext,https://github.com/raglu/ExternalDSL-xtext
kulcsii,xtext-railmap-theia,https://github.com/kulcsii/xtext-railmap-theia
NiccoMlt,xtext-showdown-grammar,https://github.com/NiccoMlt/xtext-showdown-grammar
NinjaArmy,xtext-language-server,https://github.com/NinjaArmy/xtext-language-server
jnt0r,xtext-npe-reproducable,https://github.com/jnt0r/xtext-npe-reproducable
HermanPeeren,eJSL-ANTLR4,https://github.com/HermanPeeren/eJSL-ANTLR4
cs130-w21,statemachine,https://github.com/cs130-w21/statemachine
csbc92,MDSE-assignment3,https://github.com/csbc92/MDSE-assignment3
ghillairet,org.example.mydsl.parent,https://github.com/ghillairet/org.example.mydsl.parent
antoine-morvan,caph-java-parser,https://github.com/antoine-morvan/caph-java-parser
abatti,XTEXT_FACPL3_PreserveVarious,https://github.com/abatti/XTEXT_FACPL3_PreserveVarious
tfLabs,xtext-languageserver-example-duplicator,https://github.com/tfLabs/xtext-languageserver-example-duplicator
LorenzoBettini,xtext-maven-plugin-example,https://github.com/LorenzoBettini/xtext-maven-plugin-example
cdietrich,xtext-eclipse-issue-1009,https://github.com/cdietrich/xtext-eclipse-issue-1009
patrickneubauer,UoY-MODE-XTEXT,https://github.com/patrickneubauer/UoY-MODE-XTEXT
cau-se,sprat-ecosystem-dsl-xtext,https://github.com/cau-se/sprat-ecosystem-dsl-xtext
cdietrich,theia-xtext-vscode-example,https://github.com/cdietrich/theia-xtext-vscode-example
cdietrich,j9-tycho-xtext,https://github.com/cdietrich/j9-tycho-xtext
loradd,xtext-lsp-ecore-support,https://github.com/loradd/xtext-lsp-ecore-support
nnn911,LaTeXTextOverlay,https://github.com/nnn911/LaTeXTextOverlay
IbanezGio,VuC,https://github.com/IbanezGio/VuC
Samirez,DSLs,https://github.com/Samirez/DSLs
ShahimEssaid,com.essaid.model.xtext,https://github.com/ShahimEssaid/com.essaid.model.xtext
gon10,EclipseRepoTese,https://github.com/gon10/EclipseRepoTese
max-leuthaeuser,jmhmathexample,https://github.com/max-leuthaeuser/jmhmathexample
tshoang,WhitespaceIDE,https://github.com/tshoang/WhitespaceIDE
seebgar,MISO4202-proyecto-xtext,https://github.com/seebgar/MISO4202-proyecto-xtext
NiccoMlt,xtext-15-minutes-tutorial,https://github.com/NiccoMlt/xtext-15-minutes-tutorial
SharkJ,theia-xtext-extension-test,https://github.com/SharkJ/theia-xtext-extension-test
jku-win-se,JsonBasedXtextGrammar,https://github.com/jku-win-se/JsonBasedXtextGrammar
altran-mde,xtext-sirius-integration.io,https://github.com/altran-mde/xtext-sirius-integration.io
cdietrich,xtext-core-issue-1835,https://github.com/cdietrich/xtext-core-issue-1835
Zaki-Fadlan,xtext_getting_started_skilledup,https://github.com/Zaki-Fadlan/xtext_getting_started_skilledup
raptor494,Xtext-Minecraft-JSON-Languages,https://github.com/raptor494/Xtext-Minecraft-JSON-Languages
rudi,xtext-emacs-lsp-demo,https://github.com/rudi/xtext-emacs-lsp-demo
fedorov-vk,apds_prototype,https://github.com/fedorov-vk/apds_prototype
test-editor,test-editor-xtext-gradle,https://github.com/test-editor/test-editor-xtext-gradle
Ixgauth,perspectiveDSL-Sirus-Xtext,https://github.com/Ixgauth/perspectiveDSL-Sirus-Xtext
keve98,SzakD_xtext_xtend,https://github.com/keve98/SzakD_xtext_xtend
silvergl,xtext-headless-rcp-example,https://github.com/silvergl/xtext-headless-rcp-example
reinaqu,bpmnFromXtextDSL,https://github.com/reinaqu/bpmnFromXtextDSL
xtext,xtext-p2-orbit,https://github.com/xtext/xtext-p2-orbit
dsl-course,xtext-tutorial-turku-interim,https://github.com/dsl-course/xtext-tutorial-turku-interim
tfLabs,xtext-lsp-validation-anyway,https://github.com/tfLabs/xtext-lsp-validation-anyway
BalzGuenat,xtext-bug-minimal-example,https://github.com/BalzGuenat/xtext-bug-minimal-example
dmfullstack,org.xtext.example.mydsl,https://github.com/dmfullstack/org.xtext.example.mydsl
SuelanyBrito,JFlex_CUP_XText_SQL,https://github.com/SuelanyBrito/JFlex_CUP_XText_SQL
cdietrich,xtext-languageserver-example-simple,https://github.com/cdietrich/xtext-languageserver-example-simple
msntts,Xtext-Standalone-fat-jar,https://github.com/msntts/Xtext-Standalone-fat-jar
oldulov,cfeditor,https://github.com/oldulov/cfeditor
LorenzoBettini,xtext-type-errors-examples,https://github.com/LorenzoBettini/xtext-type-errors-examples
claudenirmf,OntoUML-2.0-Xtext,https://github.com/claudenirmf/OntoUML-2.0-Xtext
Mehmetcanss,example_xtext_language_server_vscode,https://github.com/Mehmetcanss/example_xtext_language_server_vscode
lidochca,xtext.skip.build.before.rename,https://github.com/lidochca/xtext.skip.build.before.rename
cdietrich,xtext-maven-plugin-coverage-example,https://github.com/cdietrich/xtext-maven-plugin-coverage-example
Kevin-Philip,TP_etudiant_Compilax,https://github.com/Kevin-Philip/TP_etudiant_Compilax
elite-se,elite-se.xtext.languages.plantuml,https://github.com/elite-se/elite-se.xtext.languages.plantuml
tshoang,BareBonesIDE,https://github.com/tshoang/BareBonesIDE
tareklel,PDFtoText,https://github.com/tareklel/PDFtoText
TVTower,TVTBlitzmaxEditor,https://github.com/TVTower/TVTBlitzmaxEditor
cdietrich,xtext-multi-dsl-manual-metamodel,https://github.com/cdietrich/xtext-multi-dsl-manual-metamodel
hallvard,xost,https://github.com/hallvard/xost
davidmpaz,log-book,https://github.com/davidmpaz/log-book
oliver-reinhard,xtext-scoping-default-imports-demo,https://github.com/oliver-reinhard/xtext-scoping-default-imports-demo
tshoang,Simple-Barebone-XText-based-IDE,https://github.com/tshoang/Simple-Barebone-XText-based-IDE
MISO4202,uniandes.mdd.example.create-xtext,https://github.com/MISO4202/uniandes.mdd.example.create-xtext
NaoMod,XText-Language-Server-in-VSCode,https://github.com/NaoMod/XText-Language-Server-in-VSCode
MISO4202,xtext-egl-sql2java,https://github.com/MISO4202/xtext-egl-sql2java
cdietrich,simple-xtext-parallel-load-example,https://github.com/cdietrich/simple-xtext-parallel-load-example
bobbyfisher1,expressions,https://github.com/bobbyfisher1/expressions
lowcomote,DBML-to-ER,https://github.com/lowcomote/DBML-to-ER
tfLabs,xtext-n4js-lsp,https://github.com/tfLabs/xtext-n4js-lsp
yishakabreham,mde.sales.transactions.xtext.4,https://github.com/yishakabreham/mde.sales.transactions.xtext.4
Rajesh2015,DSL-using-Xtext-and-Xtend,https://github.com/Rajesh2015/DSL-using-Xtext-and-Xtend
cdietrich,xtext-lsp-tests-with-tycho,https://github.com/cdietrich/xtext-lsp-tests-with-tycho
CarlosAsrc,Reconhecedor-scheme,https://github.com/CarlosAsrc/Reconhecedor-scheme
oliver-reinhard,xtext-scoping-default-namespaces-demo,https://github.com/oliver-reinhard/xtext-scoping-default-namespaces-demo
TVTower,TVTDatabaseEditor,https://github.com/TVTower/TVTDatabaseEditor
casino-mdd,DSL,https://github.com/casino-mdd/DSL
cokeSchlumpf,bashdsl,https://github.com/cokeSchlumpf/bashdsl
sumeetchhetri,faugjs-eclipse-plugin,https://github.com/sumeetchhetri/faugjs-eclipse-plugin
sderrien,Uclid-editor,https://github.com/sderrien/Uclid-editor
GlancingMind,xtext-lsp-missing-deleteFile-impl,https://github.com/GlancingMind/xtext-lsp-missing-deleteFile-impl
zmy3036190149,theia-xtext-pf-v1-backup,https://github.com/zmy3036190149/theia-xtext-pf-v1-backup
MDSDLab,mdsd-2023-lab2-xtext-xtend,https://github.com/MDSDLab/mdsd-2023-lab2-xtext-xtend
abieren,MDSD-Xtext-Project-for-JavaFX,https://github.com/abieren/MDSD-Xtext-Project-for-JavaFX
SimonCockx,xtext-assertAllWhitespaceIsFormatted,https://github.com/SimonCockx/xtext-assertAllWhitespaceIsFormatted
tombk556,SF_Factories_Beleg2324_Xtext_DSL,https://github.com/tombk556/SF_Factories_Beleg2324_Xtext_DSL
DonatasC,CodeGeneration,https://github.com/DonatasC/CodeGeneration
trichterwolke,init,https://github.com/trichterwolke/init
zs6jce,x400-xrpgle,https://github.com/zs6jce/x400-xrpgle
cyrilnavessamuel,TripManagment,https://github.com/cyrilnavessamuel/TripManagment
paullewallencom,xtext-xtend-978-1-7864-6496-5,https://github.com/paullewallencom/xtext-xtend-978-1-7864-6496-5
coalae,telemed,https://github.com/coalae/telemed
vorburger,xtend-StackOverflowError-issue461,https://github.com/vorburger/xtend-StackOverflowError-issue461
JoaoMAlmeida,projetoCompiladores18-2,https://github.com/JoaoMAlmeida/projetoCompiladores18-2
Bisssen,math_assignment_3_math_compiler_xtext_and_xtend,https://github.com/Bisssen/math_assignment_3_math_compiler_xtext_and_xtend
vks2106,domain.model,https://github.com/vks2106/domain.model
metafacture,metafacture-flux,https://github.com/metafacture/metafacture-flux
mrtnstn,example-script-language,https://github.com/mrtnstn/example-script-language
Michel-Nassalang,eclipse_workspace,https://github.com/Michel-Nassalang/eclipse_workspace
varadbal,FunPL,https://github.com/varadbal/FunPL
oliverablagojevic,QuestionnaireDSL,https://github.com/oliverablagojevic/QuestionnaireDSL
EightPillars,NmtranEditor,https://github.com/EightPillars/NmtranEditor
DSIE2,Implementing-observer-design-pattern-with-Xtext-and-Xtend,https://github.com/DSIE2/Implementing-observer-design-pattern-with-Xtext-and-Xtend
George-6629,Lobster-language-conversion-sql-language-based-on-Xtext,https://github.com/George-6629/Lobster-language-conversion-sql-language-based-on-Xtext
hvbargen,meth,https://github.com/hvbargen/meth
mischnic,bachelors-thesis,https://github.com/mischnic/bachelors-thesis
cs130-w22,statemachine,https://github.com/cs130-w22/statemachine
cesarlaso,tfm-udima-arquitectura-del-software-dsl-ecore-xtext-emf,https://github.com/cesarlaso/tfm-udima-arquitectura-del-software-dsl-ecore-xtext-emf
houssemradhouane,Meta-Modelisation-of-Games-Using-UML-Eclipse-Xtext-Acceleo-JAVA,https://github.com/houssemradhouane/Meta-Modelisation-of-Games-Using-UML-Eclipse-Xtext-Acceleo-JAVA
mdsd-team-1,domain-specific-language,https://github.com/mdsd-team-1/domain-specific-language
PalladioSimulator,Palladio-Editors-VSCode,https://github.com/PalladioSimulator/Palladio-Editors-VSCode
nils-christian,xtend-active-annotation-issue,https://github.com/nils-christian/xtend-active-annotation-issue
modicio,feature-dsl-tools,https://github.com/modicio/feature-dsl-tools
HBuender,Aim42Visualizer,https://github.com/HBuender/Aim42Visualizer
scanyboss,ide-yourdsl,https://github.com/scanyboss/ide-yourdsl
spirvdev,dumpsymb,https://github.com/spirvdev/dumpsymb
thlaegler,edilang,https://github.com/thlaegler/edilang
agonzalezgaliana,mydsl-language-server,https://github.com/agonzalezgaliana/mydsl-language-server
codezork,DSL-Blog,https://github.com/codezork/DSL-Blog
LorenzoBettini,issue-2000-example,https://github.com/LorenzoBettini/issue-2000-example
trifonnt,net.adempiere.dsl.properties.spring.parent,https://github.com/trifonnt/net.adempiere.dsl.properties.spring.parent
scanyboss,hello-world-language,https://github.com/scanyboss/hello-world-language
joerg-holtmann,Pretty-Printer_Language-Analysis,https://github.com/joerg-holtmann/Pretty-Printer_Language-Analysis
coffeeframework,HLVL,https://github.com/coffeeframework/HLVL
HermanPeeren,eJSL-MPS,https://github.com/HermanPeeren/eJSL-MPS
kukulkan-project,kukulkan-language-server,https://github.com/kukulkan-project/kukulkan-language-server
mdsd-team-1,dsl-layered-style,https://github.com/mdsd-team-1/dsl-layered-style
larissafiorini,t2-lingProg,https://github.com/larissafiorini/t2-lingProg
ragben,NetzDsl,https://github.com/ragben/NetzDsl
Cosimo5lli,assertx-swing,https://github.com/Cosimo5lli/assertx-swing
gyaltso,Eclipse-Training-Schedules,https://github.com/gyaltso/Eclipse-Training-Schedules
wzurborg,xtend-example,https://github.com/wzurborg/xtend-example
kyberszittya,simple-ros-code-generator,https://github.com/kyberszittya/simple-ros-code-generator
LinguaPhylo,linguaPhyloDSL,https://github.com/LinguaPhylo/linguaPhyloDSL
dsanmartins,Entidades,https://github.com/dsanmartins/Entidades
opcoach,datasample,https://github.com/opcoach/datasample
bujosa,smart-dsl,https://github.com/bujosa/smart-dsl
robinguill,DSL_UML_INSA,https://github.com/robinguill/DSL_UML_INSA
DedalArmy,SpringDSLJava,https://github.com/DedalArmy/SpringDSLJava
LiamWalsh98,tumlrt-language-server,https://github.com/LiamWalsh98/tumlrt-language-server
jonev,HTTP-REST-test-DSL,https://github.com/jonev/HTTP-REST-test-DSL
ElBilbao,DSL-Wizard-Creator,https://github.com/ElBilbao/DSL-Wizard-Creator
ooaa30,Wail,https://github.com/ooaa30/Wail
Wilson008,GrammarGenerator,https://github.com/Wilson008/GrammarGenerator
ScytherTool,dsl,https://github.com/ScytherTool/dsl
NaoMod,MiniTL,https://github.com/NaoMod/MiniTL
ryangarvey,mde-spec,https://github.com/ryangarvey/mde-spec
bfMarcelino,SchemeLP,https://github.com/bfMarcelino/SchemeLP
henriklange,ifcBrickConvert,https://github.com/henriklange/ifcBrickConvert
osarenogae,fault_trees_textual_editor,https://github.com/osarenogae/fault_trees_textual_editor
claudenirmf,TPTP-Editor,https://github.com/claudenirmf/TPTP-Editor
augustin-rialan,IDM,https://github.com/augustin-rialan/IDM
henriklange,ifcBrickConvertDsl,https://github.com/henriklange/ifcBrickConvertDsl
PikaQin,XModel-Code-Converter,https://github.com/PikaQin/XModel-Code-Converter
helloyaqin,XModel-Code-Converter,https://github.com/helloyaqin/XModel-Code-Converter
Garlo13,CEPStaticAnalysis,https://github.com/Garlo13/CEPStaticAnalysis
Frederic-Boulanger-UPS,MiniARM-feature,https://github.com/Frederic-Boulanger-UPS/MiniARM-feature
Jaddison011,C4EventB,https://github.com/Jaddison011/C4EventB
MDEGroup,metatemplating,https://github.com/MDEGroup/metatemplating
abdullah-4Mohammed,AWS-EC2-Service_DSL-EMF,https://github.com/abdullah-4Mohammed/AWS-EC2-Service_DSL-EMF
grammeaway,math-interpreter-dsl,https://github.com/grammeaway/math-interpreter-dsl
ahmedsaleh1998,concept_project,https://github.com/ahmedsaleh1998/concept_project
Chaimaa-Louahabi,Model-Driven-Engineering,https://github.com/Chaimaa-Louahabi/Model-Driven-Engineering
fayssalElAnsari,Kotlin-Meta-Model,https://github.com/fayssalElAnsari/Kotlin-Meta-Model
MisbahAwan,SeamlessRuntimeTransformations,https://github.com/MisbahAwan/SeamlessRuntimeTransformations
ProjetoDSL,CanopusDesign,https://github.com/ProjetoDSL/CanopusDesign
Ryuzaki101,Workbench,https://github.com/Ryuzaki101/Workbench
eclipse,xtext,https://github.com/eclipse/xtext
eclipse,xtext-core,https://github.com/eclipse/xtext-core
eclipse,xtext-xtend,https://github.com/eclipse/xtext-xtend
eclipse,xtext-eclipse,https://github.com/eclipse/xtext-eclipse
eclipse,xtext-extras,https://github.com/eclipse/xtext-extras
eclipse,xtext-web,https://github.com/eclipse/xtext-web
xtext,seven-languages-xtext,https://github.com/xtext/seven-languages-xtext
eclipse,xtext-maven,https://github.com/eclipse/xtext-maven
eclipse,xtext-lib,https://github.com/eclipse/xtext-lib
xtext,maven-xtext-example,https://github.com/xtext/maven-xtext-example
seebk,LaTeXText,https://github.com/seebk/LaTeXText
cdietrich,xtext-languageserver-example,https://github.com/cdietrich/xtext-languageserver-example
eclipse,xtext-idea,https://github.com/eclipse/xtext-idea
adamschmideg,coffeescript-eclipse,https://github.com/adamschmideg/coffeescript-eclipse
RvonMassow,xDoc,https://github.com/RvonMassow/xDoc
xtext,xtext-gradle-plugin,https://github.com/xtext/xtext-gradle-plugin
LorenzoBettini,packtpub-xtext-book-2nd-examples,https://github.com/LorenzoBettini/packtpub-xtext-book-2nd-examples
PrinceMei,xTextHandler,https://github.com/PrinceMei/xTextHandler
LorenzoBettini,packtpub-xtext-book-examples,https://github.com/LorenzoBettini/packtpub-xtext-book-examples
theia-ide,theia-xtext,https://github.com/theia-ide/theia-xtext
svenefftinge,xtext-lsp-workshop,https://github.com/svenefftinge/xtext-lsp-workshop
ObeoNetwork,Xtext-Sirius-integration,https://github.com/ObeoNetwork/Xtext-Sirius-integration
dslmeinte,Xtext2-DSLs,https://github.com/dslmeinte/Xtext2-DSLs
merks,Xcore,https://github.com/merks/Xcore
ssi-schaefer,lcdsl,https://github.com/ssi-schaefer/lcdsl
eclipse,xtext-umbrella,https://github.com/eclipse/xtext-umbrella
danieldietrich,xtext-protected-regions,https://github.com/danieldietrich/xtext-protected-regions
xtext,xtend-gradle-plugin,https://github.com/xtext/xtend-gradle-plugin
aphethean,xtext-maven-examples,https://github.com/aphethean/xtext-maven-examples
ckulla,xtext-tycho-example,https://github.com/ckulla/xtext-tycho-example
vorburger,xtext-sandbox,https://github.com/vorburger/xtext-sandbox
basilfx,xtext-standalone-maven-build,https://github.com/basilfx/xtext-standalone-maven-build
JakeGinnivan,XText,https://github.com/JakeGinnivan/XText
OLibutzki,xtext.tools,https://github.com/OLibutzki/xtext.tools
Xpitfire,xtext-dnn,https://github.com/Xpitfire/xtext-dnn
LorenzoBettini,Xtext2-experiments,https://github.com/LorenzoBettini/Xtext2-experiments
eclipse,xsemantics,https://github.com/eclipse/xsemantics
xtext,xtext-reference-projects,https://github.com/xtext/xtext-reference-projects
mzaks,FlatBuffersSchemaEditor,https://github.com/mzaks/FlatBuffersSchemaEditor
vorburger,eLang,https://github.com/vorburger/eLang
fuinorg,emt-xtext-archetype,https://github.com/fuinorg/emt-xtext-archetype
eclipse-soc,amalgamation-examples-xtext,https://github.com/eclipse-soc/amalgamation-examples-xtext
kthoms,xtext-experimental,https://github.com/kthoms/xtext-experimental
dsldevkit,dsl-devkit,https://github.com/dsldevkit/dsl-devkit
itemis,generator-xtext,https://github.com/itemis/generator-xtext
att,yang-design-studio,https://github.com/att/yang-design-studio
martinbaker,xtextadd,https://github.com/martinbaker/xtextadd
LorenzoBettini,edelta,https://github.com/LorenzoBettini/edelta
sebastianbenz,xgherkin,https://github.com/sebastianbenz/xgherkin
vladdu,xtext.unittesting,https://github.com/vladdu/xtext.unittesting
slizaa,slizaa-opencypher-xtext,https://github.com/slizaa/slizaa-opencypher-xtext
xpomul,cdo-xtext,https://github.com/xpomul/cdo-xtext
mark-christiaens,Xtext-Models-Stats-View,https://github.com/mark-christiaens/Xtext-Models-Stats-View
TypeFox,xtext-jflex,https://github.com/TypeFox/xtext-jflex
vorburger,eclipse-typescript-xtext,https://github.com/vorburger/eclipse-typescript-xtext
patrickneubauer,XMLText,https://github.com/patrickneubauer/XMLText
xtext,org.xtext.antlr.generator,https://github.com/xtext/org.xtext.antlr.generator
boalang,xtext-ide,https://github.com/boalang/xtext-ide
nittka,terminology,https://github.com/nittka/terminology
veraPDF,veraPDF-model-syntax,https://github.com/veraPDF/veraPDF-model-syntax
TypeFox,languageserver-example,https://github.com/TypeFox/languageserver-example
Hellmy,plantuml-eclipse-xtext,https://github.com/Hellmy/plantuml-eclipse-xtext
stephanrauh,JSFLibraryGenerator,https://github.com/stephanrauh/JSFLibraryGenerator
loonwerks,jkind-xtext,https://github.com/loonwerks/jkind-xtext
TatyPerson,Xtext2Sonar,https://github.com/TatyPerson/Xtext2Sonar
TypeFox,xtext-vscode,https://github.com/TypeFox/xtext-vscode
svenefftinge,Xtext-Workshop-Development-Workspace,https://github.com/svenefftinge/Xtext-Workshop-Development-Workspace
cdietrich,xtext-uml-example,https://github.com/cdietrich/xtext-uml-example
cdietrich,xtext-maven-example,https://github.com/cdietrich/xtext-maven-example
marklemay,tptpParser,https://github.com/marklemay/tptpParser
borgar,xtexts,https://github.com/borgar/xtexts
uqbar-project,xtext-tortuga-lang,https://github.com/uqbar-project/xtext-tortuga-lang
dslmeinte,Xtext1-DSLs,https://github.com/dslmeinte/Xtext1-DSLs
applause,applause,https://github.com/applause/applause
LorenzoBettini,ecefrance2015-xtext-example,https://github.com/LorenzoBettini/ecefrance2015-xtext-example
jcmm33,DirectXTextBlock,https://github.com/jcmm33/DirectXTextBlock
dhuebner,xtext-apidiff,https://github.com/dhuebner/xtext-apidiff
appdev,XTextView,https://github.com/appdev/XTextView
oehme,xtext-maven-example,https://github.com/oehme/xtext-maven-example
SMadani,ThriftMDE,https://github.com/SMadani/ThriftMDE
xtext,xtext-external-editors,https://github.com/xtext/xtext-external-editors
itemis,xtext-generator-vscode,https://github.com/itemis/xtext-generator-vscode
soluvas,ecommerce-sample,https://github.com/soluvas/ecommerce-sample
tianguanghui,xTextHandler-objc,https://github.com/tianguanghui/xTextHandler-objc
meysholdt,xtext_stateful_lexer,https://github.com/meysholdt/xtext_stateful_lexer
holgerschill,XtextCon_Xcore_Maven,https://github.com/holgerschill/XtextCon_Xcore_Maven
scottopell,vim-xtext,https://github.com/scottopell/vim-xtext
itemis,xtext-debug-example-no-xbase,https://github.com/itemis/xtext-debug-example-no-xbase
TypeFox,Xtext-XMI,https://github.com/TypeFox/Xtext-XMI
joergreichert,XtextPlayground,https://github.com/joergreichert/XtextPlayground
wuwen1030,XTExtension,https://github.com/wuwen1030/XTExtension
fuinorg,org.fuin.dsl.cqrs,https://github.com/fuinorg/org.fuin.dsl.cqrs
JanKoehnlein,EclipseCon2013_XtextTutorial,https://github.com/JanKoehnlein/EclipseCon2013_XtextTutorial
avaranovich,megal-xtext,https://github.com/avaranovich/megal-xtext
fuinorg,org.fuin.dsl.ddd,https://github.com/fuinorg/org.fuin.dsl.ddd
arturboronat,xtext.domainmodel,https://github.com/arturboronat/xtext.domainmodel
otrosien,xtext-perl,https://github.com/otrosien/xtext-perl
cmendible,Hexa.xText,https://github.com/cmendible/Hexa.xText
SciSpike,yaktor-dsl-xtext,https://github.com/SciSpike/yaktor-dsl-xtext
andrearn,org.fornax.soa.xtextservicerepository,https://github.com/andrearn/org.fornax.soa.xtextservicerepository
ujhelyiz,xtext-reflective,https://github.com/ujhelyiz/xtext-reflective
szarnekow,xtextcon-xbase-example,https://github.com/szarnekow/xtextcon-xbase-example
bsi-software,org.eclipse.scout.xtext,https://github.com/bsi-software/org.eclipse.scout.xtext
cdietrich,xtext-languageserver-xbase-example,https://github.com/cdietrich/xtext-languageserver-xbase-example
test-editor,deprecated-test-editor-xtext,https://github.com/test-editor/deprecated-test-editor-xtext
awk-kazmin,eclipse_1C_xtext,https://github.com/awk-kazmin/eclipse_1C_xtext
svenefftinge,fowlers-statemachine-with-expressions,https://github.com/svenefftinge/fowlers-statemachine-with-expressions
copton,XTextExamples,https://github.com/copton/XTextExamples
GeekBugs,XTextView,https://github.com/GeekBugs/XTextView
akosyakov,org.xtext.example.mydsl.idea,https://github.com/akosyakov/org.xtext.example.mydsl.idea
vaulttec,isis-script,https://github.com/vaulttec/isis-script
HBehrens,Xtext2Workshop,https://github.com/HBehrens/Xtext2Workshop
GrupoHunter,Kukuroo,https://github.com/GrupoHunter/Kukuroo
itemis,xtext-languageserver-example-lsp4e,https://github.com/itemis/xtext-languageserver-example-lsp4e
fatalerrortan,Xtext_Xtend_HTML_Generator,https://github.com/fatalerrortan/Xtext_Xtend_HTML_Generator
spoenemann,xtext-gef,https://github.com/spoenemann/xtext-gef
Minres,RDL-Editor,https://github.com/Minres/RDL-Editor
svenefftinge,Guice-Modules-DSL,https://github.com/svenefftinge/Guice-Modules-DSL
LorenzoBettini,jbase,https://github.com/LorenzoBettini/jbase
mn-mikke,Model-driven-Pretty-Printer-for-Xtext-Framework,https://github.com/mn-mikke/Model-driven-Pretty-Printer-for-Xtext-Framework
hishidama,xtext-dmdl-editor,https://github.com/hishidama/xtext-dmdl-editor
cmark,androtext,https://github.com/cmark/androtext
svenefftinge,homeautomation-example,https://github.com/svenefftinge/homeautomation-example
SOM-Research,graphQL-xtext-grammar,https://github.com/SOM-Research/graphQL-xtext-grammar
janesser,frege-xtext,https://github.com/janesser/frege-xtext
szarnekow,org.eclipse.e4.xcss,https://github.com/szarnekow/org.eclipse.e4.xcss
LorenzoBettini,xtext-scoping,https://github.com/LorenzoBettini/xtext-scoping
JanKoehnlein,ESE-2010-Tutorial,https://github.com/JanKoehnlein/ESE-2010-Tutorial
spoenemann,xtext-orion,https://github.com/spoenemann/xtext-orion
Modaptix,xtext-expressions,https://github.com/Modaptix/xtext-expressions
nittka,Jtag,https://github.com/nittka/Jtag
erlide,erlide_xtext,https://github.com/erlide/erlide_xtext
cdietrich,xtext-forum-support-example,https://github.com/cdietrich/xtext-forum-support-example
ESIR2Compilation,Langage-WHILE,https://github.com/ESIR2Compilation/Langage-WHILE
jhonatan89,gen-angular-grammar,https://github.com/jhonatan89/gen-angular-grammar
Sofiane-13,tutorialXtextSirius,https://github.com/Sofiane-13/tutorialXtextSirius
eclipse-soc,amalgamation-examples,https://github.com/eclipse-soc/amalgamation-examples
dvdkruk,xtext-xsd-resourceprovider,https://github.com/dvdkruk/xtext-xsd-resourceprovider
marnix,metamath-eclipse-xtext,https://github.com/marnix/metamath-eclipse-xtext
JanKoehnlein,Xtext-Syntax-View,https://github.com/JanKoehnlein/Xtext-Syntax-View
planger,xtext-uml-experiment,https://github.com/planger/xtext-uml-experiment
rquinio,ck2xtext,https://github.com/rquinio/ck2xtext
mzaks,petrinet_dsl,https://github.com/mzaks/petrinet_dsl
drnappalm,xtext,https://github.com/drnappalm/xtext
svenefftinge,Xtext-Workshop-Runtime-Workspace,https://github.com/svenefftinge/Xtext-Workshop-Runtime-Workspace
martijndwars,XtextXT,https://github.com/martijndwars/XtextXT
nahni,xtextTessla,https://github.com/nahni/xtextTessla
baidty,xtextLearning,https://github.com/baidty/xtextLearning
MoayadHn,XtextBDI,https://github.com/MoayadHn/XtextBDI
fzalila,XtextExperiments,https://github.com/fzalila/XtextExperiments
Girish-Venkatesh,XTextSelenium,https://github.com/Girish-Venkatesh/XTextSelenium
Vinayakatk,xtextScopes,https://github.com/Vinayakatk/xtextScopes
01Lizard10,XTextUML,https://github.com/01Lizard10/XTextUML
Salome-Maro,XtextUtils,https://github.com/Salome-Maro/XtextUtils
fanghuixing,XtextApricot,https://github.com/fanghuixing/XtextApricot
mraminella,xtextTests,https://github.com/mraminella/xtextTests
Alma2015RSABSAWA,XtextLangage,https://github.com/Alma2015RSABSAWA/XtextLangage
myorb,XTextParser,https://github.com/myorb/XTextParser
Jhinnn,XTextView,https://github.com/Jhinnn/XTextView
kathisai,xtextSample,https://github.com/kathisai/xtextSample
huibo-shi,XtextExamples,https://github.com/huibo-shi/XtextExamples
osamu-k,XTextStudy,https://github.com/osamu-k/XTextStudy
Treehopper,XTextTemplate,https://github.com/Treehopper/XTextTemplate
seba111,Xtext1,https://github.com/seba111/Xtext1
shinesamjacob,XtextExample,https://github.com/shinesamjacob/XtextExample
ajperalt,xtext,https://github.com/ajperalt/xtext
schakko,xtext-plugin-with-maven-tycho,https://github.com/schakko/xtext-plugin-with-maven-tycho
colameo,xtext4roo,https://github.com/colameo/xtext4roo
vinpereira,XtextToXMI,https://github.com/vinpereira/XtextToXMI
JanKoehnlein,XtextCon2014,https://github.com/JanKoehnlein/XtextCon2014
bink81,xtext-test,https://github.com/bink81/xtext-test
xtext42,xtext42-coding,https://github.com/xtext42/xtext42-coding
borisbrodski,XtextBug437519,https://github.com/borisbrodski/XtextBug437519
hypery2k,xText,https://github.com/hypery2k/xText
borisbrodski,XtextBug453268,https://github.com/borisbrodski/XtextBug453268
arnulfo-rodriguez,XtextClosureExample,https://github.com/arnulfo-rodriguez/XtextClosureExample
superxlx,XTextViewDemo,https://github.com/superxlx/XTextViewDemo
johnBened,XtextMyDSLExample,https://github.com/johnBened/XtextMyDSLExample
philiber92,XtextTestRepository,https://github.com/philiber92/XtextTestRepository
fabienfleureau,XtextAtStackoverflow,https://github.com/fabienfleureau/XtextAtStackoverflow
yunxiaocloud,XTextFieldLimtDemo,https://github.com/yunxiaocloud/XTextFieldLimtDemo
eclipse,xtext-gradle,https://github.com/eclipse/xtext-gradle
Mensmec,THESIS_XTEXT,https://github.com/Mensmec/THESIS_XTEXT
MacJariel,sandbox-dsl,https://github.com/MacJariel/sandbox-dsl
chetanladdha,XtextFormatingHoverSample,https://github.com/chetanladdha/XtextFormatingHoverSample
ainslec,XTextCustomLexerExample,https://github.com/ainslec/XTextCustomLexerExample
hem28,DSL_Xtext2.3,https://github.com/hem28/DSL_Xtext2.3
HBuender,XtextAndSiriusIntegration,https://github.com/HBuender/XtextAndSiriusIntegration
meysholdt,EclipseCon2014_XtextTutorial,https://github.com/meysholdt/EclipseCon2014_XtextTutorial
jaimedelgado,Xtext,https://github.com/jaimedelgado/Xtext
chris125964,xtext,https://github.com/chris125964/xtext
DonRenando,xtext,https://github.com/DonRenando/xtext
martijndwars,Xtext,https://github.com/martijndwars/Xtext
ozkandemir,XText,https://github.com/ozkandemir/XText
johnahfong,xtext,https://github.com/johnahfong/xtext
Mensmec,Xtext,https://github.com/Mensmec/Xtext
pellcorp,xtext,https://github.com/pellcorp/xtext
Tutti91,Xtext,https://github.com/Tutti91/Xtext
ANCIT,xtext-examples,https://github.com/ANCIT/xtext-examples
DECENTSoftwareAssessment,dag.m1x,https://github.com/DECENTSoftwareAssessment/dag.m1x
rmemory,xtext,https://github.com/rmemory/xtext
deb-sandeep,com.sandy.xtext.jovenotes.tests,https://github.com/deb-sandeep/com.sandy.xtext.jovenotes.tests
yasuohosotani,Xtext,https://github.com/yasuohosotani/Xtext
Nika24,Xtext,https://github.com/Nika24/Xtext
BenediktNiehues,de.nie.fin,https://github.com/BenediktNiehues/de.nie.fin
AlexElvers,XText,https://github.com/AlexElvers/XText
lakzso,xtext,https://github.com/lakzso/xtext
seba111,Xtext,https://github.com/seba111/Xtext
MacJariel,xtext,https://github.com/MacJariel/xtext
tmtron,xtext.15minTutorial,https://github.com/tmtron/xtext.15minTutorial
blewis13,Boxes,https://github.com/blewis13/Boxes
DECENTSoftwareAssessment,famix.m3x,https://github.com/DECENTSoftwareAssessment/famix.m3x
dslmeinte,SimScript,https://github.com/dslmeinte/SimScript
webdaford,aqleditor,https://github.com/webdaford/aqleditor
goldschmiede,2012-02-03_dsls_mit_xtext,https://github.com/goldschmiede/2012-02-03_dsls_mit_xtext
kthoms,org.eclipse.xtext.example.domainmodel,https://github.com/kthoms/org.eclipse.xtext.example.domainmodel
Reitzner,xtextmaven,https://github.com/Reitzner/xtextmaven
hectorsun,xtextonboost,https://github.com/hectorsun/xtextonboost
duck2,xtextbg,https://github.com/duck2/xtextbg
HolyCityAudio,SpinCAD-Builder,https://github.com/HolyCityAudio/SpinCAD-Builder
ceefour,glproto,https://github.com/ceefour/glproto
DECENTSoftwareAssessment,dag.m1x.tests,https://github.com/DECENTSoftwareAssessment/dag.m1x.tests
gvd,xtext-sm,https://github.com/gvd/xtext-sm
davidmpaz,php.ware.web.ui,https://github.com/davidmpaz/php.ware.web.ui
DanielWeber,xtextext,https://github.com/DanielWeber/xtextext
fzalila,xtextfsm,https://github.com/fzalila/xtextfsm
DECENTSoftwareAssessment,dag.m1x.sdk,https://github.com/DECENTSoftwareAssessment/dag.m1x.sdk
jgoppert,xmodelica,https://github.com/jgoppert/xmodelica
Vinayakatk,xtextgeneratetest,https://github.com/Vinayakatk/xtextgeneratetest
deb-sandeep,com.sandy.xtext.jovenotes,https://github.com/deb-sandeep/com.sandy.xtext.jovenotes
DECENTSoftwareAssessment,dag.m1x.ui,https://github.com/DECENTSoftwareAssessment/dag.m1x.ui
viatra,viatra-evm-xtext,https://github.com/viatra/viatra-evm-xtext
protossoftware,ReqText,https://github.com/protossoftware/ReqText
meysholdt,e4dsl,https://github.com/meysholdt/e4dsl
benzait27,Xtext.Promo,https://github.com/benzait27/Xtext.Promo
malakeel,myDsl,https://github.com/malakeel/myDsl
npalix,org.eclipse.xtext.example.arithmetics,https://github.com/npalix/org.eclipse.xtext.example.arithmetics
sormgabriel,textual_verduler,https://github.com/sormgabriel/textual_verduler
ekowahyudi,examplextext,https://github.com/ekowahyudi/examplextext
DECENTSoftwareAssessment,famix.m3x.ui,https://github.com/DECENTSoftwareAssessment/famix.m3x.ui
nakul02,sialx-xtext-ide,https://github.com/nakul02/sialx-xtext-ide
kduske-n4,DomainModel,https://github.com/kduske-n4/DomainModel
Infoly,SmallJava,https://github.com/Infoly/SmallJava
inakuhn,de.htwg.mdse.setgame.entities.parent,https://github.com/inakuhn/de.htwg.mdse.setgame.entities.parent
mlanoe,x-vhdl,https://github.com/mlanoe/x-vhdl
DECENTSoftwareAssessment,famix.m3x.tests,https://github.com/DECENTSoftwareAssessment/famix.m3x.tests
nkonev,CalcXtext,https://github.com/nkonev/CalcXtext
meysholdt,xtext_examples,https://github.com/meysholdt/xtext_examples
manuelleduc,xtext-lib,https://github.com/manuelleduc/xtext-lib
xarvey,atom-xtext-package,https://github.com/xarvey/atom-xtext-package
LolloCorte,bpel-xtext,https://github.com/LolloCorte/bpel-xtext
sciolizer,xtext-sandbox,https://github.com/sciolizer/xtext-sandbox
denschu,xtext-whitespace,https://github.com/denschu/xtext-whitespace
pablitar,claseXtext,https://github.com/pablitar/claseXtext
DECENTSoftwareAssessment,famix.m3x.sdk,https://github.com/DECENTSoftwareAssessment/famix.m3x.sdk
tdegueul,xtext-composition,https://github.com/tdegueul/xtext-composition
danieldietrich,xtext-javatools,https://github.com/danieldietrich/xtext-javatools
akademia,ontouml-xtext,https://github.com/akademia/ontouml-xtext
efuentesp,codebuilder-xtext,https://github.com/efuentesp/codebuilder-xtext
zrrk,xtext-utils,https://github.com/zrrk/xtext-utils
juli1,xtext-debug,https://github.com/juli1/xtext-debug
nbhusare,Xtext-sandbox,https://github.com/nbhusare/Xtext-sandbox
jachinte,xtext-grammars,https://github.com/jachinte/xtext-grammars
susieagerholm,XTEXT_EXAMPLE,https://github.com/susieagerholm/XTEXT_EXAMPLE
itemis,monaco-xtext,https://github.com/itemis/monaco-xtext
xiaoyvr,xtext-demo,https://github.com/xiaoyvr/xtext-demo
hmc-cs111-fall2015,picobot-XText,https://github.com/hmc-cs111-fall2015/picobot-XText
yanntm,Xtext-Light,https://github.com/yanntm/Xtext-Light
quendimax,libXtextcursorchanger,https://github.com/quendimax/libXtextcursorchanger
Ikraminfo,GrammaireXtext,https://github.com/Ikraminfo/GrammaireXtext
nickeeyyoo,xtext_project,https://github.com/nickeeyyoo/xtext_project
marinamygithub,xtext_project,https://github.com/marinamygithub/xtext_project
lukashaertel,xtext-xgen,https://github.com/lukashaertel/xtext-xgen
fmca,xtext-typesystem,https://github.com/fmca/xtext-typesystem
almazhou,xtext-demo,https://github.com/almazhou/xtext-demo
Huluvu424242,xtext.example,https://github.com/Huluvu424242/xtext.example
kiddochan,xtext-typesystem,https://github.com/kiddochan/xtext-typesystem
mmalohlava,ppXtext,https://github.com/mmalohlava/ppXtext
ponta027,xtext_practice,https://github.com/ponta027/xtext_practice
bhdrkn,Xtext-Examples,https://github.com/bhdrkn/Xtext-Examples
fatalerrortan,Xtext-examples,https://github.com/fatalerrortan/Xtext-examples
gcr-nist,runtime-Xtext,https://github.com/gcr-nist/runtime-Xtext
fBrx,language-xtext,https://github.com/fBrx/language-xtext
ilya-klyuchnikov,sll-xtext,https://github.com/ilya-klyuchnikov/sll-xtext
vonbolt,Xtext_test,https://github.com/vonbolt/Xtext_test
rytina,xtext-typesystem,https://github.com/rytina/xtext-typesystem
philiber92,xtext-utils,https://github.com/philiber92/xtext-utils
thomasfischl,xtext-workshop,https://github.com/thomasfischl/xtext-workshop
jbadeau,ng-xtext,https://github.com/jbadeau/ng-xtext
OliverScherf,MGPL-Xtext,https://github.com/OliverScherf/MGPL-Xtext
szarnyasg,gradle-xtext,https://github.com/szarnyasg/gradle-xtext
malbac,Xtend_Xtext,https://github.com/malbac/Xtend_Xtext
gitpan,Convert-XText,https://github.com/gitpan/Convert-XText
rmemory,xtext_eclipse,https://github.com/rmemory/xtext_eclipse
lukashaertel,xtext-technocat,https://github.com/lukashaertel/xtext-technocat
lukashaertel,xtext-xtestgen,https://github.com/lukashaertel/xtext-xtestgen
zhangyuanqiao,selenium-xtext,https://github.com/zhangyuanqiao/selenium-xtext
cooked,modelica-xtext,https://github.com/cooked/modelica-xtext
pablitar,firewall-xtext,https://github.com/pablitar/firewall-xtext
hamza-abed,JSEditorXtext,https://github.com/hamza-abed/JSEditorXtext
Virtlink,paplj-xtext,https://github.com/Virtlink/paplj-xtext
kwanggy,xtext-sublime,https://github.com/kwanggy/xtext-sublime
thicket-lang,thicket-xtext,https://github.com/thicket-lang/thicket-xtext
agentlab,xtext-web,https://github.com/agentlab/xtext-web
test-editor,xtext-dropwizard,https://github.com/test-editor/xtext-dropwizard
kecskesk,xtext-menetrend,https://github.com/kecskesk/xtext-menetrend
ftrifin,xtext-utils,https://github.com/ftrifin/xtext-utils
scottopell,xtext_utils,https://github.com/scottopell/xtext_utils
lukashaertel,xtext-fsml,https://github.com/lukashaertel/xtext-fsml
sahrmann,xtext-json,https://github.com/sahrmann/xtext-json
Modaptix,xtext-utils,https://github.com/Modaptix/xtext-utils
itemis,xtext-issues,https://github.com/itemis/xtext-issues
holzem,xtext-lexertrace,https://github.com/holzem/xtext-lexertrace
victorlacorte,Tcc,https://github.com/victorlacorte/Tcc
limelanguage,lime-xtext,https://github.com/limelanguage/lime-xtext
edgarmueller,xtext-recordmapper,https://github.com/edgarmueller/xtext-recordmapper
santoshdeshpande,wwf-xtext,https://github.com/santoshdeshpande/wwf-xtext
MatzeGIT,XText-maven,https://github.com/MatzeGIT/XText-maven
tkurita,XText.scptd,https://github.com/tkurita/XText.scptd
t-buss,mgpl_xtext,https://github.com/t-buss/mgpl_xtext
dvdkruk,xtext-workshop,https://github.com/dvdkruk/xtext-workshop
npalix,org.xtext.example.mde,https://github.com/npalix/org.xtext.example.mde
logicfish,XActiv,https://github.com/logicfish/XActiv
kittaakos,webcalc,https://github.com/kittaakos/webcalc
evandor,skysail-prototypr-dsl,https://github.com/evandor/skysail-prototypr-dsl
iensen,certware-l-editor,https://github.com/iensen/certware-l-editor
vladimirkozhaev,casualintellect_new_wizard,https://github.com/vladimirkozhaev/casualintellect_new_wizard
TinyScream,org.xtext.amodel,https://github.com/TinyScream/org.xtext.amodel
M2TIIL2016-2017,SiteWeb_XText,https://github.com/M2TIIL2016-2017/SiteWeb_XText
schakko,hackcamp-xtext-automotivebus,https://github.com/schakko/hackcamp-xtext-automotivebus
sfinnie,xtext.scoping.adventures,https://github.com/sfinnie/xtext.scoping.adventures
jpaw,bonaparte-apidsl,https://github.com/jpaw/bonaparte-apidsl
rainerschuster,yacc-ide,https://github.com/rainerschuster/yacc-ide
schakko,xtext-bug-436688,https://github.com/schakko/xtext-bug-436688
dhuebner,xtext-builddsl-tycho,https://github.com/dhuebner/xtext-builddsl-tycho
matejsp,lwc13-xtext,https://github.com/matejsp/lwc13-xtext
ftrifin,xtext-utils.uml,https://github.com/ftrifin/xtext-utils.uml
mbarbero,xtext-forms-integration,https://github.com/mbarbero/xtext-forms-integration
FForw4rd,xtext-restriction-framework,https://github.com/FForw4rd/xtext-restriction-framework
zrrk,xtext-utils.devenv,https://github.com/zrrk/xtext-utils.devenv
ftrifin,xtext-utils.xtend,https://github.com/ftrifin/xtext-utils.xtend
svenefftinge,xtext-jaxcon-example,https://github.com/svenefftinge/xtext-jaxcon-example
LorenzoBettini,xtext-demo-laquila,https://github.com/LorenzoBettini/xtext-demo-laquila
jakecobb,xtext-iris-datalog,https://github.com/jakecobb/xtext-iris-datalog
Huluvu424242,rezept-dsl.xtext,https://github.com/Huluvu424242/rezept-dsl.xtext
philiber92,xtext-utils.unittesting,https://github.com/philiber92/xtext-utils.unittesting
philiber92,xtext-utils.distribution,https://github.com/philiber92/xtext-utils.distribution
phaldan,htwg-cform-xtext,https://github.com/phaldan/htwg-cform-xtext
itemis,xtext-example-conplan,https://github.com/itemis/xtext-example-conplan
LorenzoBettini,Xtext-Buckminster-Example,https://github.com/LorenzoBettini/Xtext-Buckminster-Example
LorenzoBettini,xtextcon-typesystem-example,https://github.com/LorenzoBettini/xtextcon-typesystem-example
dhuebner,org.xtext.example.tycho,https://github.com/dhuebner/org.xtext.example.tycho
agentlab,eclipse-orbit_xtext-web,https://github.com/agentlab/eclipse-orbit_xtext-web
Tutti91,xtext_language_bla,https://github.com/Tutti91/xtext_language_bla
LeonoraG,xtext-req-editor,https://github.com/LeonoraG/xtext-req-editor
xarvey,atom-xtext-autocomplete,https://github.com/xarvey/atom-xtext-autocomplete
franzbecker,xtext-formatter-problem,https://github.com/franzbecker/xtext-formatter-problem
ftrifin,xtext-utils.distribution,https://github.com/ftrifin/xtext-utils.distribution
Fritzi,XText_TeSSLa,https://github.com/Fritzi/XText_TeSSLa
madasar,booster2-xtext,https://github.com/madasar/booster2-xtext
TypeFox,xtext-splitted-repo,https://github.com/TypeFox/xtext-splitted-repo
zrrk,xtext-utils.uml,https://github.com/zrrk/xtext-utils.uml
zrrk,xtext-utils.xtend,https://github.com/zrrk/xtext-utils.xtend
ftrifin,xtext-forms-integration,https://github.com/ftrifin/xtext-forms-integration
JanKoehnlein,fxdiagram-xtext-examples,https://github.com/JanKoehnlein/fxdiagram-xtext-examples
ubx,openair,https://github.com/ubx/openair
rju,xtext-typing-example,https://github.com/rju/xtext-typing-example
philiber92,xtext-utils.xtend,https://github.com/philiber92/xtext-utils.xtend
Advanced-Model-Engineering-SS16,xtext-ocl-extensions,https://github.com/Advanced-Model-Engineering-SS16/xtext-ocl-extensions
zrrk,xtext-utils.distribution,https://github.com/zrrk/xtext-utils.distribution
Johanvdberg,mcrl2.xtext,https://github.com/Johanvdberg/mcrl2.xtext
kryptonite22,rsbac.xtext.dsl,https://github.com/kryptonite22/rsbac.xtext.dsl
tkleszczynski,jug-zgora-xtext,https://github.com/tkleszczynski/jug-zgora-xtext
philiber92,xtext-utils.devenv,https://github.com/philiber92/xtext-utils.devenv
jeffmaury,devoxx2012-xtext,https://github.com/jeffmaury/devoxx2012-xtext
YonedaMasashi,xText_Practice,https://github.com/YonedaMasashi/xText_Practice
jackqq,xTextEdit,https://github.com/jackqq/xTextEdit
ftrifin,xtext-utils.unittesting,https://github.com/ftrifin/xtext-utils.unittesting
lgcardeas,xtext-forms-integration,https://github.com/lgcardeas/xtext-forms-integration
vrichard12,xtext-forms-integration,https://github.com/vrichard12/xtext-forms-integration
itemis,xtext-monaco-example,https://github.com/itemis/xtext-monaco-example
pabu90,xtext-ci-test,https://github.com/pabu90/xtext-ci-test
EricssonPlant,plantuml-xtext-light,https://github.com/EricssonPlant/plantuml-xtext-light
zrrk,xtext-utils.unittesting,https://github.com/zrrk/xtext-utils.unittesting
LorenzoBettini,xtext-index-experiments,https://github.com/LorenzoBettini/xtext-index-experiments
ftrifin,xtext-utils.devenv,https://github.com/ftrifin/xtext-utils.devenv
inteldict,xtext-gradle-demo,https://github.com/inteldict/xtext-gradle-demo
cdietrich,xtext-multi-dsl,https://github.com/cdietrich/xtext-multi-dsl
hachreak,dmss.pouex.xtext,https://github.com/hachreak/dmss.pouex.xtext
lunifera,lunifera-xtext-runtimebuilder,https://github.com/lunifera/lunifera-xtext-runtimebuilder
sikessle,xtext-forms-integration,https://github.com/sikessle/xtext-forms-integration
priya0311,xtext-forms-integration,https://github.com/priya0311/xtext-forms-integration
philiber92,xtext-utils.uml,https://github.com/philiber92/xtext-utils.uml
talalong,dbFactoryXtext,https://github.com/talalong/dbFactoryXtext
stackoverflowmailer,lwc13-xtext,https://github.com/stackoverflowmailer/lwc13-xtext
willy2706,if4150-xtext,https://github.com/willy2706/if4150-xtext
wwu-pi,acse-xtext-validation,https://github.com/wwu-pi/acse-xtext-validation
ProgrammableDrones,xTextLanguage,https://github.com/ProgrammableDrones/xTextLanguage
stefano-bragaglia,Kinect-ECE-XText,https://github.com/stefano-bragaglia/Kinect-ECE-XText
wwu-pi,acse-xtext-gui,https://github.com/wwu-pi/acse-xtext-gui
peterssas,xtext-gradle-problem,https://github.com/peterssas/xtext-gradle-problem
zhoumin03,xtext-forms-integration,https://github.com/zhoumin03/xtext-forms-integration
gcubar,CodeXcessXtext,https://github.com/gcubar/CodeXcessXtext
cdietrich,xtext-ecore-xcore,https://github.com/cdietrich/xtext-ecore-xcore
ayoubziat,xtext_DSL_example,https://github.com/ayoubziat/xtext_DSL_example
xiaoyvr,xtext-demo-oxygen,https://github.com/xiaoyvr/xtext-demo-oxygen
test-editor,deprecated-xtext-index-backend,https://github.com/test-editor/deprecated-xtext-index-backend
kuniss,Aqua,https://github.com/kuniss/Aqua
npalix,org.eclipse.xtext.example.fowlerdsl,https://github.com/npalix/org.eclipse.xtext.example.fowlerdsl
dslmeinte,xtext-workshop-code1,https://github.com/dslmeinte/xtext-workshop-code1
chauhansaurabhb,Eclipse-Xtext-Mydsl-Plugin,https://github.com/chauhansaurabhb/Eclipse-Xtext-Mydsl-Plugin
oyse,jetson,https://github.com/oyse/jetson
zwgirl,summer,https://github.com/zwgirl/summer
rymarenkosuccess,Coffeescript-Eclipse,https://github.com/rymarenkosuccess/Coffeescript-Eclipse
felipedf,compiler,https://github.com/felipedf/compiler
logicfish,XPlane,https://github.com/logicfish/XPlane
LorenzoBettini,Xtext-Xtend-Buckminster-Example,https://github.com/LorenzoBettini/Xtext-Xtend-Buckminster-Example
vorburger,eclipse-typescript-xtext-repository,https://github.com/vorburger/eclipse-typescript-xtext-repository
pankeshpatel,EclipsePluginForXtext,https://github.com/pankeshpatel/EclipsePluginForXtext
Hellmy,plantuml-eclipse-xtext_update,https://github.com/Hellmy/plantuml-eclipse-xtext_update
xpomul,xtext-multi-edit-example,https://github.com/xpomul/xtext-multi-edit-example
tmtron,xtext.eclipse.15minExtended,https://github.com/tmtron/xtext.eclipse.15minExtended
deb-sandeep,com.sandy.xtext.jovenotes.ui,https://github.com/deb-sandeep/com.sandy.xtext.jovenotes.ui
ftrifin,xtext-utils.xtend1,https://github.com/ftrifin/xtext-utils.xtend1
szarnekow,xtext-arithmetics-web-example,https://github.com/szarnekow/xtext-arithmetics-web-example
wwu-pi,acse-xtext-knuth-binaries,https://github.com/wwu-pi/acse-xtext-knuth-binaries
jwachter,xtext-serializer-issue-example,https://github.com/jwachter/xtext-serializer-issue-example
DemidovAlexander,Xtext_MiniJava_IDE,https://github.com/DemidovAlexander/Xtext_MiniJava_IDE
camilagarcia113,xtext-dsl-obj3,https://github.com/camilagarcia113/xtext-dsl-obj3
cdietrich,gradle-xtext-xtend-problem,https://github.com/cdietrich/gradle-xtext-xtend-problem
uqbar-paco,firewall-dsls-externos-xtext,https://github.com/uqbar-paco/firewall-dsls-externos-xtext
svenefftinge,Xtext-LWC-contribution--Instances-,https://github.com/svenefftinge/Xtext-LWC-contribution--Instances-
rainerschuster,eclipse-webidl,https://github.com/rainerschuster/eclipse-webidl
willy2706,if4150-xtext-html,https://github.com/willy2706/if4150-xtext-html
phaldan,htwg-cform-xtext-demo,https://github.com/phaldan/htwg-cform-xtext-demo
hypery2k,Xtext-GrammarMixin-Example,https://github.com/hypery2k/Xtext-GrammarMixin-Example
philiber92,xtext-utils.subproject-template,https://github.com/philiber92/xtext-utils.subproject-template
zrrk,xtext-utils.subproject-template,https://github.com/zrrk/xtext-utils.subproject-template
thowin,ituXtextLandinConfigurator,https://github.com/thowin/ituXtextLandinConfigurator
philiber92,xtext-utils.xtend1,https://github.com/philiber92/xtext-utils.xtend1
claudenirmf,old-tests-on-xtext,https://github.com/claudenirmf/old-tests-on-xtext
zouhairireda,xtext-ocl-xtend-poc,https://github.com/zouhairireda/xtext-ocl-xtend-poc
franzbecker,xtext-serializer-parallel-problem,https://github.com/franzbecker/xtext-serializer-parallel-problem
lunifera,lunifera-xtext-runtimebuilder-example,https://github.com/lunifera/lunifera-xtext-runtimebuilder-example
ftrifin,xtext-utils.subproject-template,https://github.com/ftrifin/xtext-utils.subproject-template
fluxtah,xtext-android-gradle-example,https://github.com/fluxtah/xtext-android-gradle-example
hypery2k,Xtext-Maven-BuildExample,https://github.com/hypery2k/Xtext-Maven-BuildExample
kittaakos,xtext-eclipse-gh-238,https://github.com/kittaakos/xtext-eclipse-gh-238
MatzeGIT,XText-Maven-CleanStart,https://github.com/MatzeGIT/XText-Maven-CleanStart
Rodolfocostapr,org.xtext.example.pascalito,https://github.com/Rodolfocostapr/org.xtext.example.pascalito
deb-sandeep,JoveNotesProcessor,https://github.com/deb-sandeep/JoveNotesProcessor
zrrk,xtext-utils.xtend1,https://github.com/zrrk/xtext-utils.xtend1
tanthingdeveloper3unshine,AutoCompleteXTextView,https://github.com/tanthingdeveloper3unshine/AutoCompleteXTextView
loradd,uml-xtext-grammar-generator,https://github.com/loradd/uml-xtext-grammar-generator
RobertWalter83,DialogScriptDSL,https://github.com/RobertWalter83/DialogScriptDSL
vicegd,org.xtext.dsl.restaurante,https://github.com/vicegd/org.xtext.dsl.restaurante
paulluap,xtext-extras-issue216,https://github.com/paulluap/xtext-extras-issue216
dhakehurst,net.akehurst.example.xtext.vertx,https://github.com/dhakehurst/net.akehurst.example.xtext.vertx
alvilgau,de.htwg.xtext.setGame,https://github.com/alvilgau/de.htwg.xtext.setGame
nittka,Xarchive,https://github.com/nittka/Xarchive
rdurelli,com.br.refactoring.xtext.dsl,https://github.com/rdurelli/com.br.refactoring.xtext.dsl
tmtron,xtext.15minTutorial.project,https://github.com/tmtron/xtext.15minTutorial.project
agentlab,eclipse-orbit_xtext-web-dsls,https://github.com/agentlab/eclipse-orbit_xtext-web-dsls
threadedblue,org.eclipse.xtext.example.domainmodel,https://github.com/threadedblue/org.eclipse.xtext.example.domainmodel
cdietrich,xtext-existing-metamodel-gradle-example,https://github.com/cdietrich/xtext-existing-metamodel-gradle-example
wrungel,tycho.xtext.mwe2.test,https://github.com/wrungel/tycho.xtext.mwe2.test
Scholvac,EclipseTaskJuggler,https://github.com/Scholvac/EclipseTaskJuggler
ftmdida,xtext_code_gen_version_2,https://github.com/ftmdida/xtext_code_gen_version_2
alexwatts,xtext-j2ee-dsl,https://github.com/alexwatts/xtext-j2ee-dsl
cdietrich,xtext-gradle-plugin-issue-60,https://github.com/cdietrich/xtext-gradle-plugin-issue-60
thowin,ituXtextLandin2Configurator,https://github.com/thowin/ituXtextLandin2Configurator
jkouwer,basicfamily,https://github.com/jkouwer/basicfamily
goldschmiede,2011-02-18_xtext_apache_wicket,https://github.com/goldschmiede/2011-02-18_xtext_apache_wicket
nileshrege,El,https://github.com/nileshrege/El
deparlak,de.htwg.mdsd.xtext.portals,https://github.com/deparlak/de.htwg.mdsd.xtext.portals
shashwatanand,org.shashwat.xtext.smallJava,https://github.com/shashwatanand/org.shashwat.xtext.smallJava
mmalohlava,gpp-for-xtext-master-thesis,https://github.com/mmalohlava/gpp-for-xtext-master-thesis
dexz92,Integrating-Xtext-and-JavaRAG,https://github.com/dexz92/Integrating-Xtext-and-JavaRAG
Rodolfocostapr,org.xtext.example.pascalitoOld,https://github.com/Rodolfocostapr/org.xtext.example.pascalitoOld
KasperGam,IGESImport,https://github.com/KasperGam/IGESImport
fuinorg,xsample,https://github.com/fuinorg/xsample
florianpirchner,beantypes,https://github.com/florianpirchner/beantypes
cdietrich,xtext-gradle-plugin-issue-61,https://github.com/cdietrich/xtext-gradle-plugin-issue-61
rdurelli,com.br.refactoring.xtext.dsl.ui,https://github.com/rdurelli/com.br.refactoring.xtext.dsl.ui
threadedblue,org.eclipse.xtext.example.domainmodel.tests,https://github.com/threadedblue/org.eclipse.xtext.example.domainmodel.tests
rdurelli,com.br.refactoring.xtext.dsl.tests,https://github.com/rdurelli/com.br.refactoring.xtext.dsl.tests
shashwatanand,org.shashwat.xtext.smallJava.ui,https://github.com/shashwatanand/org.shashwat.xtext.smallJava.ui
tmtron,xtext.eclipse.15minExtended.project,https://github.com/tmtron/xtext.eclipse.15minExtended.project
chqu1012,MetroUiDescriper,https://github.com/chqu1012/MetroUiDescriper
rainerschuster,sygus-ide,https://github.com/rainerschuster/sygus-ide
jacruzca,xtext-multilanguage-multiple-target-impl-reuse,https://github.com/jacruzca/xtext-multilanguage-multiple-target-impl-reuse
qscdfg,mybash,https://github.com/qscdfg/mybash
eirikg,XbaseSiriusIntegration,https://github.com/eirikg/XbaseSiriusIntegration
nohum,android-code-generation,https://github.com/nohum/android-code-generation
gvd,zest-sm,https://github.com/gvd/zest-sm
uqbar-paco,declaratividad-orm-java,https://github.com/uqbar-paco/declaratividad-orm-java
shashwatanand,org.shashwat.xtext.smallJava.tests,https://github.com/shashwatanand/org.shashwat.xtext.smallJava.tests
dhakehurst,net.akehurst.example.xtext.vertx.lsp,https://github.com/dhakehurst/net.akehurst.example.xtext.vertx.lsp
vztpv,ClauTextWithEclipse,https://github.com/vztpv/ClauTextWithEclipse
goldschmiede,2011-04-29_xtext_service_repository,https://github.com/goldschmiede/2011-04-29_xtext_service_repository
markusvoelter,DSLEngBook-Xtext-P3Demo,https://github.com/markusvoelter/DSLEngBook-Xtext-P3Demo
ESIR2Compilation,PrettyPrinter,https://github.com/ESIR2Compilation/PrettyPrinter
bmael,MVCLang,https://github.com/bmael/MVCLang
zhou-jg,tefler,https://github.com/zhou-jg/tefler
bogdanvuk,xvhdl,https://github.com/bogdanvuk/xvhdl
marcotinacci,XTuring,https://github.com/marcotinacci/XTuring
threadedblue,org.eclipse.xtext.example.domainmodel.ui,https://github.com/threadedblue/org.eclipse.xtext.example.domainmodel.ui
joergreichert,OperationsResearch,https://github.com/joergreichert/OperationsResearch
tommyettinger,julepp,https://github.com/tommyettinger/julepp
masters-info-nantes,SmokingText,https://github.com/masters-info-nantes/SmokingText
daniel-laszlo,temalabor,https://github.com/daniel-laszlo/temalabor
Communote,communote-restws,https://github.com/Communote/communote-restws
vorburger,FormGeneratorPOC,https://github.com/vorburger/FormGeneratorPOC
nittka,pocesl,https://github.com/nittka/pocesl
logicfish,POMText,https://github.com/logicfish/POMText
cdietrich,https---github.com-meysholdt-xtext_stateful_lexer,https://github.com/cdietrich/https---github.com-meysholdt-xtext_stateful_lexer
bogdanvuk,xrst,https://github.com/bogdanvuk/xrst
meysholdt,performance_probes,https://github.com/meysholdt/performance_probes
agentlab,PowerLoomDSL,https://github.com/agentlab/PowerLoomDSL
rainerschuster,jdl-ide,https://github.com/rainerschuster/jdl-ide
JoostvanPinxten,SDF3-editor,https://github.com/JoostvanPinxten/SDF3-editor
ceefour,emf-sandbox,https://github.com/ceefour/emf-sandbox
Mehdi23,FlexoModelingLanguage,https://github.com/Mehdi23/FlexoModelingLanguage
atanaka,experimental-rmodp-dsl,https://github.com/atanaka/experimental-rmodp-dsl
leolimasa,reqlang,https://github.com/leolimasa/reqlang
smba,model-based-times,https://github.com/smba/model-based-times
DavidFosterLuhmann,high-dim,https://github.com/DavidFosterLuhmann/high-dim
test-editor,deprecated-test-editor-index-backend,https://github.com/test-editor/deprecated-test-editor-index-backend
sidz8690,EasyUnit,https://github.com/sidz8690/EasyUnit
lsotnk,lsotnk.xbase.launching,https://github.com/lsotnk/lsotnk.xbase.launching
Tim-S,ReqLNG,https://github.com/Tim-S/ReqLNG
helunwencser,PAOC,https://github.com/helunwencser/PAOC
nakul02,sysml.dml,https://github.com/nakul02/sysml.dml
rainerschuster,tlsf-ide,https://github.com/rainerschuster/tlsf-ide
rainerschuster,asdl-ide,https://github.com/rainerschuster/asdl-ide
N0P0x90,EclipseExamples,https://github.com/N0P0x90/EclipseExamples
martinmuellenberg,cityplanning,https://github.com/martinmuellenberg/cityplanning
newdigate,soa-dsl-scaffolding,https://github.com/newdigate/soa-dsl-scaffolding
evansnicholas,yaxpath,https://github.com/evansnicholas/yaxpath
nittka,ASP,https://github.com/nittka/ASP
josros,boby,https://github.com/josros/boby
danhaywood,kemble,https://github.com/danhaywood/kemble
schakko,bsc-thesis-documentation,https://github.com/schakko/bsc-thesis-documentation
szarnekow,mongoBeans,https://github.com/szarnekow/mongoBeans
timeraider4u,external_jar_download,https://github.com/timeraider4u/external_jar_download
Buggaboo,xplatform,https://github.com/Buggaboo/xplatform
jonathankoehn,entitygenerator,https://github.com/jonathankoehn/entitygenerator
marcusphi,polopoly-dsl,https://github.com/marcusphi/polopoly-dsl
alexisfacques,dsl-feature-modelling,https://github.com/alexisfacques/dsl-feature-modelling
sbrocard,statemachine-generator,https://github.com/sbrocard/statemachine-generator
JPL-IMCE,gov.nasa.jpl.imce.oml.core,https://github.com/JPL-IMCE/gov.nasa.jpl.imce.oml.core
PuneetPatwari,system-map-maker,https://github.com/PuneetPatwari/system-map-maker
atanaka,DomainmodelWithCrossReference,https://github.com/atanaka/DomainmodelWithCrossReference
cedricvidal,protobuf4e,https://github.com/cedricvidal/protobuf4e
rowlo,testdsl,https://github.com/rowlo/testdsl
joergreichert,Cool,https://github.com/joergreichert/Cool
WesleyMarques,CompiladorJava,https://github.com/WesleyMarques/CompiladorJava
tommyettinger,kobold,https://github.com/tommyettinger/kobold
stolorz,RankPL-EclipsePlugin,https://github.com/stolorz/RankPL-EclipsePlugin
UnibgInfo3A,ebnfworkbench,https://github.com/UnibgInfo3A/ebnfworkbench
sergiowebo,RaspduinoDSL,https://github.com/sergiowebo/RaspduinoDSL
Remypoc,CmooSimpleJ,https://github.com/Remypoc/CmooSimpleJ
majordomo,majordomo,https://github.com/majordomo/majordomo
ryanignatius,CheckerDSL,https://github.com/ryanignatius/CheckerDSL
raynair,webml,https://github.com/raynair/webml
arbennett,ParserGeneratorExample,https://github.com/arbennett/ParserGeneratorExample
OElabed,Model-Driven-Engineering--Eclipse-RCP-plugin--Software-product-line,https://github.com/OElabed/Model-Driven-Engineering--Eclipse-RCP-plugin--Software-product-line
renaudhelias,MameVHDL,https://github.com/renaudhelias/MameVHDL
cwiscount,mydsl-emf-gen,https://github.com/cwiscount/mydsl-emf-gen
rmuecke,clinicaltrialcreator,https://github.com/rmuecke/clinicaltrialcreator
mythicfreak,aomxsgrammar,https://github.com/mythicfreak/aomxsgrammar
diverse-project,melange-studio,https://github.com/diverse-project/melange-studio
marcotinacci,Event-Oriented-Language,https://github.com/marcotinacci/Event-Oriented-Language
ksza,Bicycle-Shop,https://github.com/ksza/Bicycle-Shop
marcotinacci,SwarmRobotics,https://github.com/marcotinacci/SwarmRobotics
Padmar1995,gh,https://github.com/Padmar1995/gh
