owner,repo,average_difference
waynepiekarski,XTextureExtractor,0
TypeFox,theia-xtext-sprotty-example,0.0
altran-mde,xtext-sirius-integration,-5.25
graph-quilt,graphql-xtext,-36.0
TypeFox,vscode-xtext-sprotty-example,0.0
eclipse,xtext-website,0
intuit,common-xtext-expression-language,-1.0
PacktPublishing,Implementing-Domain-Specific-Languages-with-Xtext-and-Xtend,0.0
resloved,xtext,0
lurenzhangdeshuai,EmojiText-XText,0
kuniss,xtext-ide-extensions,-8.0
graph-quilt,xtext-service-dsl,0.0
btc-ag,service-idl,-537.0
eventB-Soton,XUML_B,-7.0
Minres,CoreDSL,-1175.0
TypeFox,xtext2langium,0
v-bashev,post_core,-125.0
NielsLiisberg,RPG-lexer,-1.0
OpenSextant,XText,0
laubfall,jugh-xtext-arkanoid,-11.0
khabdrick,LambdaXtextract,0
bsati,mgpl-xtext,-6.0
UnBCIC-TP2,Oberon-XText,0.0
TopXDevTeam,TopXTextUI,0
ngreve,xtext_web,0
nmaoez,composer-language-server,-1.0
FAMILIAR-project,xtext-dsl-compiler-example,0.0
eventB-Soton,XTheory,-33.0
program-in-chinese,xtext_tutorial_15_min_zh,-10.5
code-kontor,openCypher-Xtext,-4.0
eclipse,epsilon,-3.5
UnBCIC-TP2,Oberon-IDE,0.0
idiomaticsoft,xtext-tips,0.0
atb,pt.isep.dsl.puml,-0.5
Webastronaut,mgpl,0.0
PAMunb,MetaCrySL,-214.0
raghvendra-v,tosca-yaml-lsp,-43.0
zxhr,gradle-xtext-generator,0.0
tmtron,ex.xtext.lsp,-4.0
echebbi,standalone-xtext-example,0.0
darvasd,xtext-docs-gen,0.0
jcabot,WordPress-Plugin-DSL,-53.0
JensBAndersen,PolicyLanguage,-57.0
Zannith,XtextTest,0
AnnaLenaMeiners,XtextExamples,-12.5
Kerolos77,XTextEditor,0
Mabar16,xtextMath,0.0
holgerschill,xtextCodebuff,0
devzwy,XTextView,0
mraminella,XtextExamples,0.0
msntts,XtextStudy,-1.5
chiachong,XTextClassification,0
vinisbranco,XtextGerador,0
pakhopav,XtextPlugin,0.0
IamRaziel,XtextTutorial,0.0
dstoft,XtextWorkspace,-3.5
MisbahAwan,XtextCollaborativeEnvironment,0.0
pakhopav,XtextLanguage,0
fonuhuolian,XTextView,0
RomainLefeuvre,xtextHW,0.0
BestCoderXQX,XTextFlagDemo,0
vinisbranco,XtextTrabalho2,0.0
loicperreal,Xtext,0
goflyboy,xtextsample,0
SharkJ,XtextInheritanceTest,0.0
hewenyuAndroid,XTextView-Android,0
OLibutzki,XtextExtras446,0.0
vinisbranco,XtextJavaScript,0
AndreasGroentved,XtextDSL2018,-283.0
robertchristen,XTextCategorizer.Demo,0
alvarofpp,tutorial-xtext,-18.0
pakhopav,XtextLanguageGradle,-0.22580645161290322
pakhopav,xtext,-12.0
adamhorvath88,Xtext,-4.0
0xMYsteRy,Xtext,0.0
taylorlohan,XtextHealth2.0,0
Caroline66666,xtext,0
xuxiaowen87,XText,0
MisbahAwan,xtext,-10.0
ichxorya,failed-xtext2vscode-example,0.0
hwong23,dsl.evtool,-11.0
RobMoloney,xtext,-0.2
l1ppe,xtext,0.0
madhouni,wps-ecore-ocl-xtext,0
MISO4202,uniandes.mdd.xtext2xmi,0
tchebs,xtext,0.0
mlopez8621,xtext,-21.0
magick93,xtext,0.0
ShivaniBali,Theia-Xtext-Yangster-Project-,0.0
ehah,XtendExample,0
MISO4202,co.edu.uniandes.gramaticajmeter,0.0
vks2106,prenum,0
drkstr101,hello-xtext,-61.0
arthurmosley,Essex-Test,0
eclipse,xtext-website-publish,0
jflopezfernandez,xtextutils,0
AlanQuadros,xtextlpmangan,-12.0
jonaslagoni,JSON-Schema-to-internal-DSL,-276.0
OezzyB,e-portfolio-Xtext,0.0
fedorov-vk,apds_dsl,-14.0
zinon,xtextminer,0
mustafa231,xtexteditor,0
MOSafely,xtextrepo,0
bproenca,mpti-dsl,-5.0
LorenzoBettini,xtext-domain-model-guice-5,0.0
BlackBeltTechnology,karaf-features-eclipse-xtext,0
vashchenkov,xtext-samle,0.0
germono,FormXtext,0.0
Quingo,compiler_xtext,-47.0
ShrawanBK,xtext_salestransaction,0.0
tshoang,XMarking,-0.5
szschaler,henshin_xtext_adapter,0
hakimuga,BIP-language,0.0
adautofbn,pascal-xtext,-26.0
efuentesp,Xtext-UCS,-1.0
preesm,ripacola-xtext,-20.0
wibeck,testXtext,0.0
msun68,xtext-examples,0.0
xTexturedxx,xTexturedxx,0
HexXText,HexXText,0
Gricel-lee,Xtext-Maven,0.0
kolchanov,org.xtext.example.mydsl.parent,-11.0
kecksk0enig,vuc-xtext,-30.0
EvdokimovMaks,xtext-expressions,0.0
Sorokatov,xtext-demo,0
uppaal-emf,uppaal-xtext,-30.0
matheuslenke,Xtext-UML,-24.5
r4mtor,xtext-talks,-4.0
nbhusare,xtext-playground,0.0
kokostino,xtext_kokomodel,-70.0
GiordanoT,ocl-xtext,0.0
dr-jam,ABL-XText,0.0
lahirugayanga,xtext-projection,0.0
daniel614,xtext-webapp,-14.0
Spiderixius,DSLIndividualXtext,-2.0
mdsd-team-1,photos-xtext,-78.0
efuentesp,xtext-cobol,-197.0
torosky,Libreria-Xtext,0
MaxiEckert,Xtext-example,0.0
as500,xtext-rpgle,0
JavierOramas,AudiXText,0
xtext,xtext-monorepo,-9.917748917748918
vjordan,Xtext_browser,0.0
Yop-La,xtext_project,-6.0
JesterOrNot,Gitpod-XText,0.0
eclipse,xtext-archive,0
Lethalaric,xtext-learning,0.0
DSIE2,tr.xtext,0.0
ShivaniBali,Theia-Xtext,0.0
kthoms,xtext-webinar,0
christopherosthues,mgpl-xtext,0.0
zhanglin2018,learnXtext,-16.0
seebgar,Xtext-Projects,0.0
Vallenstein,xtext_web,-16.0
AbQadirr,dialogXtextflow,0
blue995,xtext-orm,-8.0
arockiaraj1994,xtext-mvn,0.0
moein9,passXtext,0
saivarunr,xtext-editor,0
JesterOrNot,xtext-cli,0
Somiacao,xtext-web,-126.0
katmatt,graphql-xtext,-44.0
LIONant-depot,xtexture_compiler,0
tchebs,xtext-example,0
ballcoach12,xtext_samples,0
AssaX0,MDSE-xtext,0.0
samples-projects,sample-xtext,0.0
karthik137,xtext-demo,0.0
MDE-Course-23-24,SIRIUS-XTEXT,0.0
softlang,megal-xtext,-200.0
laurocesar,xtext-domainmodel,0.0
Yahaya12,Xtext-project,0
malhxr,SpeechXtext,0
stanimirovv,xtext-extractor,0
3m3k3,xtext-congen,0.0
pen-zhang,xtext_elm_editor,0
NSaitoNmiri,toppers_cfg_xtext,-6.0
tmtron,ex.xtext.twog,-5.5
vinicius0197,metacrysl,-1.0
Dexels,navascript-editor,-215.0
adrianrutle,PCS953-EMF-Exercise,0
ravornyo,xspice,0.0
yamen-njm,IotXtext,0.0
kainzpat14,xtext-plsql,-83.0
epsilonlabs,emc-xtext,0
robertovillarejo,kukulkan-grammar,-220.0
lvanzeun,ulm-xtext-test,-20.0
purerstamp,N7.compilateur,-138.0
jaedabee,xtext-gradle-test,0
MassiBelaid,M-langeuse-Xtext,-6.0
qxe35v,xtext_encoding_dsl,-15.0
random-eclipse,nix-eclipse-xtext,0.0
meta-doodle,Xtext_Gradle_Test,-5.0
LiamWalsh98,nusmv-xtext-lsp,0.0
MaximilianKoestler,vscode-xtext-links,0
AhmedEssam2212,xText-Editor-,0
adrinerDP,DSL-with-Xtext,0.0
cdietrich,xtext-domainmodel-ls,0.0
tmtron,ex.xtext.ml,-5.333333333333333
andrewsandu,xtext-web-example,0.0
pngowda,xtext-build-tools,0
SharkJ,xtext-dsl-sample,0.0
hammedb197,team-hacktive-xtext,0
SimonCockx,xtext-monaco-example,0.0
mister-walter,xtext-folding-issue,0.0
alexvolh,xtext-xml-grammar,0.0
SharkJ,my-theia-xtext,0.0
urbanoanderson,xtext-gait-model,0.0
vjordan,Xtext_directory-file,0.0
JosBouwhuis,xText-DSL,0
CS130-W20,assignment-2-xtext,0
lunifera,xtext-jvmtypeprovider-standalone,0
bobbyfisher1,eclipse-workspace,0.0
dsl-course,xtext-entities-tutorial,0.0
Highbrainer,xtext-pde-target,0
mattsse,xtext-fipa-acl,0.0
XIECHO,qingo_xtext_documentation,0
FariSoftware,xtext-problem-matcher,0
ShrawanBK,xtext.sales.transactions,0
Lzgpom,xtext-gen-extension,0.0
drkstr101,Domainmodel,0.0
vinicius0197,expressions-dsl,-25.0
LorenzoBettini,xtext-xdoc-releases,0
KarstenWilken,xTextForum,0.0
S-wald,xtext-plugin-gradle,-0.5
lahirugayanga,xtext-example-dsl,0.0
cdietrich,xtext-fragment-experiments,0.0
cdietrich,xtext_bug_1974,0.0
bergmanngabor,xtext-railmap-demo,0.0
mchlrch,xtext-intro-bfh,0.0
EvdokimovMaks,xtext-example-entities,-2.0
cipek,MyFirstXText,-9.0
pngowda,xtext-ci-libs,0
paulvberlin,BaSiriusXtext,0.0
szarnyasg,sql-pgq-xtext,-45.5
frademacher,xtext-jpms-test,0
xtext,xtext-monorepo-lfs,0
LorenzoBettini,xtext-build-utils,-7.0
cdietrich,xtext-two-dsls,0.0
balazsgrill,xtext_bug508518,0.0
Tim-S,xtext-valueconverter-example,0.0
ayakurtam,xText-Editor,0
HouseBuilder-MDE,HouseBuilder-Xtext,-9.0
xtext,xtext-orbit-replacement,0
fedorov-vk,xtext-xcore-sample,0.0
gustavotemple,mo631xtext,-4.0
Tim-S,xtext-mapbasedscope-example,0.0
shakenetwork,xTextHandler,0
GabrielBozza,ProjetoXtextPFC,-94.0
HexXText,HexXTextSMP,0
snarkipus,xtext-dsl-book,-6.0
fedorov-vk,xtextxtend-book-examples,-1.75
ArneDeutsch,xtext-gradle-example,0.0
oliver-reinhard,xtext-ppt-demo,0.0
tpluscode,xtext-completion-nullpointer,-2.0
idiomaticsoft,sbt-xtext-plugin,0
pen-zhang,online_elm_xtext,-63.0
raglu,ExternalDSL-xtext,-255.0
kulcsii,xtext-railmap-theia,0.0
NiccoMlt,xtext-showdown-grammar,-6.0
NinjaArmy,xtext-language-server,0
jnt0r,xtext-npe-reproducable,0.0
HermanPeeren,eJSL-ANTLR4,0
cs130-w21,statemachine,0.0
csbc92,MDSE-assignment3,-3.0
ghillairet,org.example.mydsl.parent,0.0
antoine-morvan,caph-java-parser,-57.0
abatti,XTEXT_FACPL3_PreserveVarious,0
tfLabs,xtext-languageserver-example-duplicator,0.0
LorenzoBettini,xtext-maven-plugin-example,-2.0
cdietrich,xtext-eclipse-issue-1009,0
patrickneubauer,UoY-MODE-XTEXT,27.666666666666668
cau-se,sprat-ecosystem-dsl-xtext,0.0
cdietrich,theia-xtext-vscode-example,0
cdietrich,j9-tycho-xtext,0.0
loradd,xtext-lsp-ecore-support,0.0
nnn911,LaTeXTextOverlay,0
IbanezGio,VuC,0
Samirez,DSLs,0.0
ShahimEssaid,com.essaid.model.xtext,0
gon10,EclipseRepoTese,0.0
max-leuthaeuser,jmhmathexample,0.0
tshoang,WhitespaceIDE,0.0
seebgar,MISO4202-proyecto-xtext,-84.0
NiccoMlt,xtext-15-minutes-tutorial,-11.0
SharkJ,theia-xtext-extension-test,0.0
jku-win-se,JsonBasedXtextGrammar,0
altran-mde,xtext-sirius-integration.io,0
cdietrich,xtext-core-issue-1835,0
Zaki-Fadlan,xtext_getting_started_skilledup,0.0
raptor494,Xtext-Minecraft-JSON-Languages,0.0
rudi,xtext-emacs-lsp-demo,0.0
fedorov-vk,apds_prototype,-12.0
test-editor,test-editor-xtext-gradle,-12.0
Ixgauth,perspectiveDSL-Sirus-Xtext,0
keve98,SzakD_xtext_xtend,0.0
silvergl,xtext-headless-rcp-example,0.0
reinaqu,bpmnFromXtextDSL,0.0
xtext,xtext-p2-orbit,0
dsl-course,xtext-tutorial-turku-interim,-2.0
tfLabs,xtext-lsp-validation-anyway,0.0
BalzGuenat,xtext-bug-minimal-example,0.0
dmfullstack,org.xtext.example.mydsl,0.0
SuelanyBrito,JFlex_CUP_XText_SQL,0.0
cdietrich,xtext-languageserver-example-simple,0.0
msntts,Xtext-Standalone-fat-jar,0.0
oldulov,cfeditor,0.0
LorenzoBettini,xtext-type-errors-examples,-12.0
claudenirmf,OntoUML-2.0-Xtext,-34.0
Mehmetcanss,example_xtext_language_server_vscode,0.0
lidochca,xtext.skip.build.before.rename,0
cdietrich,xtext-maven-plugin-coverage-example,0.0
Kevin-Philip,TP_etudiant_Compilax,-39.0
elite-se,elite-se.xtext.languages.plantuml,-233.0
tshoang,BareBonesIDE,0.0
tareklel,PDFtoText,0
TVTower,TVTBlitzmaxEditor,-37.0
cdietrich,xtext-multi-dsl-manual-metamodel,0.0
hallvard,xost,0
davidmpaz,log-book,-1.0
oliver-reinhard,xtext-scoping-default-imports-demo,0.0
tshoang,Simple-Barebone-XText-based-IDE,0.0
MISO4202,uniandes.mdd.example.create-xtext,0
NaoMod,XText-Language-Server-in-VSCode,0.0
MISO4202,xtext-egl-sql2java,0.0
cdietrich,simple-xtext-parallel-load-example,0.0
bobbyfisher1,expressions,-21.0
lowcomote,DBML-to-ER,0.0
tfLabs,xtext-n4js-lsp,0.0
yishakabreham,mde.sales.transactions.xtext.4,0.0
Rajesh2015,DSL-using-Xtext-and-Xtend,0.0
cdietrich,xtext-lsp-tests-with-tycho,0.0
CarlosAsrc,Reconhecedor-scheme,-18.0
oliver-reinhard,xtext-scoping-default-namespaces-demo,0.0
TVTower,TVTDatabaseEditor,-224.0
casino-mdd,DSL,-94.0
cokeSchlumpf,bashdsl,-6.0
sumeetchhetri,faugjs-eclipse-plugin,0.0
sderrien,Uclid-editor,-136.5
GlancingMind,xtext-lsp-missing-deleteFile-impl,0.0
zmy3036190149,theia-xtext-pf-v1-backup,0.0
MDSDLab,mdsd-2023-lab2-xtext-xtend,0.0
abieren,MDSD-Xtext-Project-for-JavaFX,-35.0
SimonCockx,xtext-assertAllWhitespaceIsFormatted,0.0
tombk556,SF_Factories_Beleg2324_Xtext_DSL,0.0
DonatasC,CodeGeneration,0
trichterwolke,init,-15.0
zs6jce,x400-xrpgle,0
cyrilnavessamuel,TripManagment,0.0
paullewallencom,xtext-xtend-978-1-7864-6496-5,0.0
coalae,telemed,0.0
vorburger,xtend-StackOverflowError-issue461,0
JoaoMAlmeida,projetoCompiladores18-2,-1.0
Bisssen,math_assignment_3_math_compiler_xtext_and_xtend,0.0
vks2106,domain.model,0.0
metafacture,metafacture-flux,-35.0
mrtnstn,example-script-language,0.0
Michel-Nassalang,eclipse_workspace,0.0
varadbal,FunPL,-108.0
oliverablagojevic,QuestionnaireDSL,0.0
EightPillars,NmtranEditor,-36.0
DSIE2,Implementing-observer-design-pattern-with-Xtext-and-Xtend,0.0
George-6629,Lobster-language-conversion-sql-language-based-on-Xtext,0.0
hvbargen,meth,-148.0
mischnic,bachelors-thesis,0
cs130-w22,statemachine,0.0
cesarlaso,tfm-udima-arquitectura-del-software-dsl-ecore-xtext-emf,0.0
houssemradhouane,Meta-Modelisation-of-Games-Using-UML-Eclipse-Xtext-Acceleo-JAVA,-3.0
mdsd-team-1,domain-specific-language,0.0
PalladioSimulator,Palladio-Editors-VSCode,0
nils-christian,xtend-active-annotation-issue,0
modicio,feature-dsl-tools,-22.0
HBuender,Aim42Visualizer,-28.0
scanyboss,ide-yourdsl,0
spirvdev,dumpsymb,0
thlaegler,edilang,-600.0
agonzalezgaliana,mydsl-language-server,0
codezork,DSL-Blog,0.0
LorenzoBettini,issue-2000-example,0.0
trifonnt,net.adempiere.dsl.properties.spring.parent,-2.0
scanyboss,hello-world-language,0
joerg-holtmann,Pretty-Printer_Language-Analysis,0.0
coffeeframework,HLVL,-106.0
HermanPeeren,eJSL-MPS,0
kukulkan-project,kukulkan-language-server,-188.0
mdsd-team-1,dsl-layered-style,0
larissafiorini,t2-lingProg,-13.0
ragben,NetzDsl,0
Cosimo5lli,assertx-swing,-19.0
gyaltso,Eclipse-Training-Schedules,0
wzurborg,xtend-example,0.0
kyberszittya,simple-ros-code-generator,-33.5
LinguaPhylo,linguaPhyloDSL,-0.5
dsanmartins,Entidades,0.0
opcoach,datasample,-323.0
bujosa,smart-dsl,-23.0
robinguill,DSL_UML_INSA,-152.0
DedalArmy,SpringDSLJava,0
LiamWalsh98,tumlrt-language-server,-7.0
jonev,HTTP-REST-test-DSL,0.0
ElBilbao,DSL-Wizard-Creator,0.0
ooaa30,Wail,0.0
Wilson008,GrammarGenerator,0
ScytherTool,dsl,-2.0
NaoMod,MiniTL,0.0
ryangarvey,mde-spec,0.0
bfMarcelino,SchemeLP,0.0
henriklange,ifcBrickConvert,0
osarenogae,fault_trees_textual_editor,-6.0
claudenirmf,TPTP-Editor,-155.0
augustin-rialan,IDM,0.0
henriklange,ifcBrickConvertDsl,0.0
PikaQin,XModel-Code-Converter,0.0
helloyaqin,XModel-Code-Converter,0.0
Garlo13,CEPStaticAnalysis,0.0
Frederic-Boulanger-UPS,MiniARM-feature,0.0
Jaddison011,C4EventB,-51.0
MDEGroup,metatemplating,-36.0
abdullah-4Mohammed,AWS-EC2-Service_DSL-EMF,0
grammeaway,math-interpreter-dsl,0.0
ahmedsaleh1998,concept_project,0
Chaimaa-Louahabi,Model-Driven-Engineering,0.0
fayssalElAnsari,Kotlin-Meta-Model,105.0
MisbahAwan,SeamlessRuntimeTransformations,0.0
ProjetoDSL,CanopusDesign,0
Ryuzaki101,Workbench,0.0
eclipse,xtext,-9.960869565217392
eclipse,xtext-core,-4.947019867549669
eclipse,xtext-xtend,-1040.0
eclipse,xtext-eclipse,-5.4576271186440675
eclipse,xtext-extras,-9.5
eclipse,xtext-web,-5.5
xtext,seven-languages-xtext,-7.0
eclipse,xtext-maven,0
eclipse,xtext-lib,0
xtext,maven-xtext-example,-1.0
seebk,LaTeXText,0
cdietrich,xtext-languageserver-example,0.0
eclipse,xtext-idea,0
adamschmideg,coffeescript-eclipse,-193.0
RvonMassow,xDoc,-39.0
xtext,xtext-gradle-plugin,0
LorenzoBettini,packtpub-xtext-book-2nd-examples,0.0
PrinceMei,xTextHandler,0
LorenzoBettini,packtpub-xtext-book-examples,-0.16666666666666666
theia-ide,theia-xtext,0.0
svenefftinge,xtext-lsp-workshop,0.0
ObeoNetwork,Xtext-Sirius-integration,-6.0
dslmeinte,Xtext2-DSLs,-14.9375
merks,Xcore,-28.0
ssi-schaefer,lcdsl,-145.0
eclipse,xtext-umbrella,0
danieldietrich,xtext-protected-regions,0
xtext,xtend-gradle-plugin,0
aphethean,xtext-maven-examples,-1.0
ckulla,xtext-tycho-example,-13.0
vorburger,xtext-sandbox,-2.0
basilfx,xtext-standalone-maven-build,0.0
JakeGinnivan,XText,0
OLibutzki,xtext.tools,0
Xpitfire,xtext-dnn,-158.0
LorenzoBettini,Xtext2-experiments,-8.6
eclipse,xsemantics,-1.4
xtext,xtext-reference-projects,-0.039735099337748346
mzaks,FlatBuffersSchemaEditor,-40.0
vorburger,eLang,-30.0
fuinorg,emt-xtext-archetype,0.0
eclipse-soc,amalgamation-examples-xtext,-69.0
kthoms,xtext-experimental,0
dsldevkit,dsl-devkit,-56.333333333333336
itemis,generator-xtext,0.0
att,yang-design-studio,0.0
martinbaker,xtextadd,-22.88888888888889
LorenzoBettini,edelta,-112.0
sebastianbenz,xgherkin,-129.0
vladdu,xtext.unittesting,-14.0
slizaa,slizaa-opencypher-xtext,-732.0
xpomul,cdo-xtext,0.0
mark-christiaens,Xtext-Models-Stats-View,0
TypeFox,xtext-jflex,0
vorburger,eclipse-typescript-xtext,-37.0
patrickneubauer,XMLText,0
xtext,org.xtext.antlr.generator,0
boalang,xtext-ide,-116.0
nittka,terminology,-17.0
veraPDF,veraPDF-model-syntax,-8.0
TypeFox,languageserver-example,0.0
Hellmy,plantuml-eclipse-xtext,-19.0
stephanrauh,JSFLibraryGenerator,-38.0
loonwerks,jkind-xtext,-77.0
TatyPerson,Xtext2Sonar,0
TypeFox,xtext-vscode,0.0
svenefftinge,Xtext-Workshop-Development-Workspace,-16.0
cdietrich,xtext-uml-example,0.0
cdietrich,xtext-maven-example,0.0
marklemay,tptpParser,-5.5
borgar,xtexts,0
uqbar-project,xtext-tortuga-lang,0.0
dslmeinte,Xtext1-DSLs,-19.0
applause,applause,-204.0
LorenzoBettini,ecefrance2015-xtext-example,-12.0
jcmm33,DirectXTextBlock,0
dhuebner,xtext-apidiff,0
appdev,XTextView,0
oehme,xtext-maven-example,0.0
SMadani,ThriftMDE,0.0
xtext,xtext-external-editors,0.0
itemis,xtext-generator-vscode,0.0
soluvas,ecommerce-sample,0
tianguanghui,xTextHandler-objc,0
meysholdt,xtext_stateful_lexer,0.0
holgerschill,XtextCon_Xcore_Maven,0.0
scottopell,vim-xtext,0
itemis,xtext-debug-example-no-xbase,0.0
TypeFox,Xtext-XMI,0.0
joergreichert,XtextPlayground,-2.0
wuwen1030,XTExtension,0
fuinorg,org.fuin.dsl.cqrs,-27.0
JanKoehnlein,EclipseCon2013_XtextTutorial,-23.0
avaranovich,megal-xtext,-200.0
fuinorg,org.fuin.dsl.ddd,-23.0
arturboronat,xtext.domainmodel,0.0
otrosien,xtext-perl,-690.0
cmendible,Hexa.xText,0
SciSpike,yaktor-dsl-xtext,-35.5
andrearn,org.fornax.soa.xtextservicerepository,-173.7
ujhelyiz,xtext-reflective,0
szarnekow,xtextcon-xbase-example,-4.0
bsi-software,org.eclipse.scout.xtext,-626.0
cdietrich,xtext-languageserver-xbase-example,0.0
test-editor,deprecated-test-editor-xtext,-279.6666666666667
awk-kazmin,eclipse_1C_xtext,0.0
svenefftinge,fowlers-statemachine-with-expressions,0.0
copton,XTextExamples,-1.0
GeekBugs,XTextView,0
akosyakov,org.xtext.example.mydsl.idea,-2.3333333333333335
vaulttec,isis-script,-37.0
HBehrens,Xtext2Workshop,0
GrupoHunter,Kukuroo,0.0
itemis,xtext-languageserver-example-lsp4e,0
fatalerrortan,Xtext_Xtend_HTML_Generator,-65.33333333333333
spoenemann,xtext-gef,-19.0
Minres,RDL-Editor,-27.0
svenefftinge,Guice-Modules-DSL,-2.0
LorenzoBettini,jbase,-33.6
mn-mikke,Model-driven-Pretty-Printer-for-Xtext-Framework,0.0
hishidama,xtext-dmdl-editor,-92.0
cmark,androtext,-1539.0
svenefftinge,homeautomation-example,0.0
SOM-Research,graphQL-xtext-grammar,0.0
janesser,frege-xtext,-136.0
szarnekow,org.eclipse.e4.xcss,0
LorenzoBettini,xtext-scoping,-1.0
JanKoehnlein,ESE-2010-Tutorial,-26.0
spoenemann,xtext-orion,0.0
Modaptix,xtext-expressions,-16.0
nittka,Jtag,-22.0
erlide,erlide_xtext,-519.0
cdietrich,xtext-forum-support-example,0
ESIR2Compilation,Langage-WHILE,-112.0
jhonatan89,gen-angular-grammar,-7.0
Sofiane-13,tutorialXtextSirius,0
eclipse-soc,amalgamation-examples,-2262.0
dvdkruk,xtext-xsd-resourceprovider,0
marnix,metamath-eclipse-xtext,-128.0
JanKoehnlein,Xtext-Syntax-View,0
planger,xtext-uml-experiment,0.0
rquinio,ck2xtext,-9.333333333333334
mzaks,petrinet_dsl,0.0
drnappalm,xtext,0.0
svenefftinge,Xtext-Workshop-Runtime-Workspace,0
martijndwars,XtextXT,0.0
nahni,xtextTessla,-0.5
baidty,xtextLearning,0.0
MoayadHn,XtextBDI,-24.0
fzalila,XtextExperiments,0.0
Girish-Venkatesh,XTextSelenium,0.0
Vinayakatk,xtextScopes,0.0
01Lizard10,XTextUML,-73.0
Salome-Maro,XtextUtils,0
fanghuixing,XtextApricot,0.0
mraminella,xtextTests,0
Alma2015RSABSAWA,XtextLangage,0
myorb,XTextParser,0
Jhinnn,XTextView,0
kathisai,xtextSample,-1.0
huibo-shi,XtextExamples,0.0
osamu-k,XTextStudy,0.0
Treehopper,XTextTemplate,-16.0
seba111,Xtext1,-47.0
shinesamjacob,XtextExample,0.0
ajperalt,xtext,-26.333333333333332
schakko,xtext-plugin-with-maven-tycho,0.0
colameo,xtext4roo,0.0
vinpereira,XtextToXMI,0.0
JanKoehnlein,XtextCon2014,0
bink81,xtext-test,0
xtext42,xtext42-coding,0
borisbrodski,XtextBug437519,-1.0
hypery2k,xText,0
borisbrodski,XtextBug453268,0.0
arnulfo-rodriguez,XtextClosureExample,-54.0
superxlx,XTextViewDemo,0
johnBened,XtextMyDSLExample,0
philiber92,XtextTestRepository,0.0
fabienfleureau,XtextAtStackoverflow,0
yunxiaocloud,XTextFieldLimtDemo,0
eclipse,xtext-gradle,0
Mensmec,THESIS_XTEXT,0
MacJariel,sandbox-dsl,-6.0
chetanladdha,XtextFormatingHoverSample,0
ainslec,XTextCustomLexerExample,-2.0
hem28,DSL_Xtext2.3,0.0
HBuender,XtextAndSiriusIntegration,0.0
meysholdt,EclipseCon2014_XtextTutorial,-15.75
jaimedelgado,Xtext,0
chris125964,xtext,0
DonRenando,xtext,0.0
martijndwars,Xtext,5.6
ozkandemir,XText,-21.5
johnahfong,xtext,-0.4
Mensmec,Xtext,0
pellcorp,xtext,-8.0
Tutti91,Xtext,0.0
ANCIT,xtext-examples,0.0
DECENTSoftwareAssessment,dag.m1x,-1.0
rmemory,xtext,-3.3333333333333335
deb-sandeep,com.sandy.xtext.jovenotes.tests,0
yasuohosotani,Xtext,0.0
Nika24,Xtext,0.0
BenediktNiehues,de.nie.fin,-129.5
AlexElvers,XText,0
lakzso,xtext,0.0
seba111,Xtext,-6.0
MacJariel,xtext,0.0
tmtron,xtext.15minTutorial,0.0
blewis13,Boxes,-1.0
DECENTSoftwareAssessment,famix.m3x,-506.0
dslmeinte,SimScript,-62.0
webdaford,aqleditor,0
goldschmiede,2012-02-03_dsls_mit_xtext,0.0
kthoms,org.eclipse.xtext.example.domainmodel,0.0
Reitzner,xtextmaven,0.0
hectorsun,xtextonboost,0
duck2,xtextbg,0
HolyCityAudio,SpinCAD-Builder,-128.0
ceefour,glproto,0.0
DECENTSoftwareAssessment,dag.m1x.tests,0
gvd,xtext-sm,-5.0
davidmpaz,php.ware.web.ui,0
DanielWeber,xtextext,0
fzalila,xtextfsm,0.0
DECENTSoftwareAssessment,dag.m1x.sdk,0
jgoppert,xmodelica,-105.0
Vinayakatk,xtextgeneratetest,0
deb-sandeep,com.sandy.xtext.jovenotes,-161.0
DECENTSoftwareAssessment,dag.m1x.ui,0
viatra,viatra-evm-xtext,0.0
protossoftware,ReqText,-21.0
meysholdt,e4dsl,-2.0
benzait27,Xtext.Promo,0.0
malakeel,myDsl,-83.5
npalix,org.eclipse.xtext.example.arithmetics,0.0
sormgabriel,textual_verduler,0
ekowahyudi,examplextext,0
DECENTSoftwareAssessment,famix.m3x.ui,0
nakul02,sialx-xtext-ide,0.0
kduske-n4,DomainModel,0.0
Infoly,SmallJava,0
inakuhn,de.htwg.mdse.setgame.entities.parent,-18.0
mlanoe,x-vhdl,-128.0
DECENTSoftwareAssessment,famix.m3x.tests,0
nkonev,CalcXtext,0.0
meysholdt,xtext_examples,0.0
manuelleduc,xtext-lib,0
xarvey,atom-xtext-package,0.0
LolloCorte,bpel-xtext,0.0
sciolizer,xtext-sandbox,-10.0
denschu,xtext-whitespace,-28.0
pablitar,claseXtext,0.0
DECENTSoftwareAssessment,famix.m3x.sdk,0
tdegueul,xtext-composition,0.0
danieldietrich,xtext-javatools,0.0
akademia,ontouml-xtext,0.0
efuentesp,codebuilder-xtext,0.0
zrrk,xtext-utils,0
juli1,xtext-debug,-2.0
nbhusare,Xtext-sandbox,0.0
jachinte,xtext-grammars,-5.0
susieagerholm,XTEXT_EXAMPLE,-2.0
itemis,monaco-xtext,0
xiaoyvr,xtext-demo,-8.0
hmc-cs111-fall2015,picobot-XText,-2.0
yanntm,Xtext-Light,0
quendimax,libXtextcursorchanger,0
Ikraminfo,GrammaireXtext,0
nickeeyyoo,xtext_project,-1.0
marinamygithub,xtext_project,0.0
lukashaertel,xtext-xgen,-10.5
fmca,xtext-typesystem,-13.0
almazhou,xtext-demo,0
Huluvu424242,xtext.example,-19.0
kiddochan,xtext-typesystem,-13.0
mmalohlava,ppXtext,0.0
ponta027,xtext_practice,0.0
bhdrkn,Xtext-Examples,34.5
fatalerrortan,Xtext-examples,0.0
gcr-nist,runtime-Xtext,0
fBrx,language-xtext,0
ilya-klyuchnikov,sll-xtext,0.0
vonbolt,Xtext_test,-4.0
rytina,xtext-typesystem,-13.0
philiber92,xtext-utils,0
thomasfischl,xtext-workshop,-0.5
jbadeau,ng-xtext,0
OliverScherf,MGPL-Xtext,-106.0
szarnyasg,gradle-xtext,0.0
malbac,Xtend_Xtext,0.0
gitpan,Convert-XText,0
rmemory,xtext_eclipse,0
lukashaertel,xtext-technocat,-1.0
lukashaertel,xtext-xtestgen,0.0
zhangyuanqiao,selenium-xtext,-53.0
cooked,modelica-xtext,0.0
pablitar,firewall-xtext,0.0
hamza-abed,JSEditorXtext,-12.0
Virtlink,paplj-xtext,0.0
kwanggy,xtext-sublime,0
thicket-lang,thicket-xtext,0.0
agentlab,xtext-web,0.0
test-editor,xtext-dropwizard,-2.0
kecskesk,xtext-menetrend,0.0
ftrifin,xtext-utils,0
scottopell,xtext_utils,0
lukashaertel,xtext-fsml,-2.3333333333333335
sahrmann,xtext-json,0.0
Modaptix,xtext-utils,0
itemis,xtext-issues,0
holzem,xtext-lexertrace,0.0
victorlacorte,Tcc,0
limelanguage,lime-xtext,0
edgarmueller,xtext-recordmapper,0.0
santoshdeshpande,wwf-xtext,0.0
MatzeGIT,XText-maven,-5.0
tkurita,XText.scptd,0
t-buss,mgpl_xtext,0.0
dvdkruk,xtext-workshop,0.0
npalix,org.xtext.example.mde,0.0
logicfish,XActiv,0.0
kittaakos,webcalc,-8.0
evandor,skysail-prototypr-dsl,-7.0
iensen,certware-l-editor,0.0
vladimirkozhaev,casualintellect_new_wizard,0.0
TinyScream,org.xtext.amodel,-18.0
M2TIIL2016-2017,SiteWeb_XText,0.0
schakko,hackcamp-xtext-automotivebus,0.0
sfinnie,xtext.scoping.adventures,0.0
jpaw,bonaparte-apidsl,-47.0
rainerschuster,yacc-ide,-187.0
schakko,xtext-bug-436688,0.0
dhuebner,xtext-builddsl-tycho,0.0
matejsp,lwc13-xtext,-38.5
ftrifin,xtext-utils.uml,0
mbarbero,xtext-forms-integration,0.0
FForw4rd,xtext-restriction-framework,-33.0
zrrk,xtext-utils.devenv,0
ftrifin,xtext-utils.xtend,0
svenefftinge,xtext-jaxcon-example,-10.0
LorenzoBettini,xtext-demo-laquila,-4.0
jakecobb,xtext-iris-datalog,-6.0
Huluvu424242,rezept-dsl.xtext,-7.0
philiber92,xtext-utils.unittesting,0
philiber92,xtext-utils.distribution,0
phaldan,htwg-cform-xtext,-28.0
itemis,xtext-example-conplan,0.0
LorenzoBettini,Xtext-Buckminster-Example,-1.0
LorenzoBettini,xtextcon-typesystem-example,0.0
dhuebner,org.xtext.example.tycho,0.0
agentlab,eclipse-orbit_xtext-web,0.0
Tutti91,xtext_language_bla,0.0
LeonoraG,xtext-req-editor,0.0
xarvey,atom-xtext-autocomplete,0
franzbecker,xtext-formatter-problem,0.0
ftrifin,xtext-utils.distribution,0
Fritzi,XText_TeSSLa,-52.0
madasar,booster2-xtext,-36.0
TypeFox,xtext-splitted-repo,-1.0218978102189782
zrrk,xtext-utils.uml,0.0
zrrk,xtext-utils.xtend,0
ftrifin,xtext-forms-integration,0.0
JanKoehnlein,fxdiagram-xtext-examples,0.0
ubx,openair,5.0
rju,xtext-typing-example,-26.0
philiber92,xtext-utils.xtend,0
Advanced-Model-Engineering-SS16,xtext-ocl-extensions,0.0
zrrk,xtext-utils.distribution,0
Johanvdberg,mcrl2.xtext,-2.6666666666666665
kryptonite22,rsbac.xtext.dsl,0
tkleszczynski,jug-zgora-xtext,0.0
philiber92,xtext-utils.devenv,0
jeffmaury,devoxx2012-xtext,0.0
YonedaMasashi,xText_Practice,0.0
jackqq,xTextEdit,0
ftrifin,xtext-utils.unittesting,0
lgcardeas,xtext-forms-integration,0.0
vrichard12,xtext-forms-integration,0.0
itemis,xtext-monaco-example,0
pabu90,xtext-ci-test,0.0
EricssonPlant,plantuml-xtext-light,-41.0
zrrk,xtext-utils.unittesting,-5.0
LorenzoBettini,xtext-index-experiments,-2.0
ftrifin,xtext-utils.devenv,0
inteldict,xtext-gradle-demo,-0.5
cdietrich,xtext-multi-dsl,-2.0
hachreak,dmss.pouex.xtext,-2.0
lunifera,lunifera-xtext-runtimebuilder,0.0
sikessle,xtext-forms-integration,0.0
priya0311,xtext-forms-integration,0.0
philiber92,xtext-utils.uml,0
talalong,dbFactoryXtext,-112.0
stackoverflowmailer,lwc13-xtext,-38.5
willy2706,if4150-xtext,-80.0
wwu-pi,acse-xtext-validation,0.0
ProgrammableDrones,xTextLanguage,-79.0
stefano-bragaglia,Kinect-ECE-XText,-670.0
wwu-pi,acse-xtext-gui,0.0
peterssas,xtext-gradle-problem,0.0
zhoumin03,xtext-forms-integration,0.0
gcubar,CodeXcessXtext,-40.0
cdietrich,xtext-ecore-xcore,0.0
ayoubziat,xtext_DSL_example,-9.0
xiaoyvr,xtext-demo-oxygen,-6.0
test-editor,deprecated-xtext-index-backend,0.0
kuniss,Aqua,0.0
npalix,org.eclipse.xtext.example.fowlerdsl,0.0
dslmeinte,xtext-workshop-code1,-82.0
chauhansaurabhb,Eclipse-Xtext-Mydsl-Plugin,-18.0
oyse,jetson,-1.0
zwgirl,summer,0.0
rymarenkosuccess,Coffeescript-Eclipse,0.0
felipedf,compiler,-411.5
logicfish,XPlane,0
LorenzoBettini,Xtext-Xtend-Buckminster-Example,-1.0
vorburger,eclipse-typescript-xtext-repository,0
pankeshpatel,EclipsePluginForXtext,0.0
Hellmy,plantuml-eclipse-xtext_update,0
xpomul,xtext-multi-edit-example,0.0
tmtron,xtext.eclipse.15minExtended,0.0
deb-sandeep,com.sandy.xtext.jovenotes.ui,0
ftrifin,xtext-utils.xtend1,0
szarnekow,xtext-arithmetics-web-example,0.0
wwu-pi,acse-xtext-knuth-binaries,0.0
jwachter,xtext-serializer-issue-example,-13.0
DemidovAlexander,Xtext_MiniJava_IDE,-8.0
camilagarcia113,xtext-dsl-obj3,0.0
cdietrich,gradle-xtext-xtend-problem,0
uqbar-paco,firewall-dsls-externos-xtext,0.0
svenefftinge,Xtext-LWC-contribution--Instances-,0.0
rainerschuster,eclipse-webidl,-338.0
willy2706,if4150-xtext-html,0
phaldan,htwg-cform-xtext-demo,0
hypery2k,Xtext-GrammarMixin-Example,-0.5
philiber92,xtext-utils.subproject-template,0
zrrk,xtext-utils.subproject-template,0
thowin,ituXtextLandinConfigurator,0.0
philiber92,xtext-utils.xtend1,0
claudenirmf,old-tests-on-xtext,-214.0
zouhairireda,xtext-ocl-xtend-poc,0.0
franzbecker,xtext-serializer-parallel-problem,0.0
lunifera,lunifera-xtext-runtimebuilder-example,0.0
ftrifin,xtext-utils.subproject-template,0
fluxtah,xtext-android-gradle-example,0
hypery2k,Xtext-Maven-BuildExample,0.0
kittaakos,xtext-eclipse-gh-238,0.0
MatzeGIT,XText-Maven-CleanStart,0.0
Rodolfocostapr,org.xtext.example.pascalito,-147.0
deb-sandeep,JoveNotesProcessor,0
zrrk,xtext-utils.xtend1,0
tanthingdeveloper3unshine,AutoCompleteXTextView,0
loradd,uml-xtext-grammar-generator,0
RobertWalter83,DialogScriptDSL,71.66666666666667
vicegd,org.xtext.dsl.restaurante,-119.0
paulluap,xtext-extras-issue216,-1.0
dhakehurst,net.akehurst.example.xtext.vertx,-3.0
alvilgau,de.htwg.xtext.setGame,-43.0
nittka,Xarchive,-13.0
rdurelli,com.br.refactoring.xtext.dsl,-10.0
tmtron,xtext.15minTutorial.project,0
agentlab,eclipse-orbit_xtext-web-dsls,0.0
threadedblue,org.eclipse.xtext.example.domainmodel,0.0
cdietrich,xtext-existing-metamodel-gradle-example,0.0
wrungel,tycho.xtext.mwe2.test,0.0
Scholvac,EclipseTaskJuggler,0.0
ftmdida,xtext_code_gen_version_2,0.0
alexwatts,xtext-j2ee-dsl,-3.0
cdietrich,xtext-gradle-plugin-issue-60,0.0
thowin,ituXtextLandin2Configurator,0.0
jkouwer,basicfamily,0
goldschmiede,2011-02-18_xtext_apache_wicket,0
nileshrege,El,-257.0
deparlak,de.htwg.mdsd.xtext.portals,-13.5
shashwatanand,org.shashwat.xtext.smallJava,-9.0
mmalohlava,gpp-for-xtext-master-thesis,0
dexz92,Integrating-Xtext-and-JavaRAG,79.66666666666667
Rodolfocostapr,org.xtext.example.pascalitoOld,-189.0
KasperGam,IGESImport,-25.0
fuinorg,xsample,0.0
florianpirchner,beantypes,0
cdietrich,xtext-gradle-plugin-issue-61,0.0
rdurelli,com.br.refactoring.xtext.dsl.ui,0
threadedblue,org.eclipse.xtext.example.domainmodel.tests,0
rdurelli,com.br.refactoring.xtext.dsl.tests,0
shashwatanand,org.shashwat.xtext.smallJava.ui,0
tmtron,xtext.eclipse.15minExtended.project,0
chqu1012,MetroUiDescriper,0
rainerschuster,sygus-ide,-235.0
jacruzca,xtext-multilanguage-multiple-target-impl-reuse,-0.2857142857142857
qscdfg,mybash,-5.0
eirikg,XbaseSiriusIntegration,0.0
nohum,android-code-generation,-126.0
gvd,zest-sm,0
uqbar-paco,declaratividad-orm-java,0.0
shashwatanand,org.shashwat.xtext.smallJava.tests,0
dhakehurst,net.akehurst.example.xtext.vertx.lsp,0
vztpv,ClauTextWithEclipse,-97.0
goldschmiede,2011-04-29_xtext_service_repository,0
markusvoelter,DSLEngBook-Xtext-P3Demo,0.0
ESIR2Compilation,PrettyPrinter,0
bmael,MVCLang,0
zhou-jg,tefler,0.0
bogdanvuk,xvhdl,-106.6
marcotinacci,XTuring,-6.0
threadedblue,org.eclipse.xtext.example.domainmodel.ui,0
joergreichert,OperationsResearch,0.0
tommyettinger,julepp,0
masters-info-nantes,SmokingText,-9.0
daniel-laszlo,temalabor,0.0
Communote,communote-restws,-1.0
vorburger,FormGeneratorPOC,0
nittka,pocesl,0.0
logicfish,POMText,0
cdietrich,https---github.com-meysholdt-xtext_stateful_lexer,0
bogdanvuk,xrst,0.0
meysholdt,performance_probes,0
agentlab,PowerLoomDSL,0.0
rainerschuster,jdl-ide,0.0
JoostvanPinxten,SDF3-editor,-1.0
ceefour,emf-sandbox,0
Mehdi23,FlexoModelingLanguage,-9.0
atanaka,experimental-rmodp-dsl,0.0
leolimasa,reqlang,0.0
smba,model-based-times,-240.0
DavidFosterLuhmann,high-dim,0
test-editor,deprecated-test-editor-index-backend,0
sidz8690,EasyUnit,0
lsotnk,lsotnk.xbase.launching,0
Tim-S,ReqLNG,-7.0
helunwencser,PAOC,0.0
nakul02,sysml.dml,-10.0
rainerschuster,tlsf-ide,0.0
rainerschuster,asdl-ide,0.0
N0P0x90,EclipseExamples,0.0
martinmuellenberg,cityplanning,0.0
newdigate,soa-dsl-scaffolding,0.0
evansnicholas,yaxpath,-87.0
nittka,ASP,0
josros,boby,0.0
danhaywood,kemble,0
schakko,bsc-thesis-documentation,0
szarnekow,mongoBeans,-4.0
timeraider4u,external_jar_download,0
Buggaboo,xplatform,-15.0
jonathankoehn,entitygenerator,0.0
marcusphi,polopoly-dsl,0.0
alexisfacques,dsl-feature-modelling,0.0
sbrocard,statemachine-generator,0.0
JPL-IMCE,gov.nasa.jpl.imce.oml.core,-417.0
PuneetPatwari,system-map-maker,0
atanaka,DomainmodelWithCrossReference,0.0
cedricvidal,protobuf4e,-5.0
rowlo,testdsl,0.0
joergreichert,Cool,-169.0
WesleyMarques,CompiladorJava,-200.0
tommyettinger,kobold,-1.0
stolorz,RankPL-EclipsePlugin,0.0
UnibgInfo3A,ebnfworkbench,-9.0
sergiowebo,RaspduinoDSL,-34.0
Remypoc,CmooSimpleJ,-53.0
majordomo,majordomo,-341.0
ryanignatius,CheckerDSL,-30.0
raynair,webml,0.0
arbennett,ParserGeneratorExample,0.0
OElabed,Model-Driven-Engineering--Eclipse-RCP-plugin--Software-product-line,29.5
renaudhelias,MameVHDL,0.0
cwiscount,mydsl-emf-gen,0.0
rmuecke,clinicaltrialcreator,0
mythicfreak,aomxsgrammar,-212.0
diverse-project,melange-studio,0
marcotinacci,Event-Oriented-Language,-116.0
ksza,Bicycle-Shop,-25.666666666666668
marcotinacci,SwarmRobotics,-24.5
Padmar1995,gh,0
