owner,repo,average_count_diff
waynepiekarski,XTextureExtractor,0.00
TypeFox,theia-xtext-sprotty-example,0.00
altran-mde,xtext-sirius-integration,0.12
graph-quilt,graphql-xtext,0.00
TypeFox,vscode-xtext-sprotty-example,0.00
eclipse,xtext-website,0.00
intuit,common-xtext-expression-language,0.00
PacktPublishing,Implementing-Domain-Specific-Languages-with-Xtext-and-Xtend,0.00
resloved,xtext,0.00
lurenzhangdeshuai,EmojiText-XText,0.00
kuniss,xtext-ide-extensions,-1.00
graph-quilt,xtext-service-dsl,0.00
btc-ag,service-idl,0.00
eventB-Soton,XUML_B,0.00
Minres,CoreDSL,0.00
TypeFox,xtext2langium,0.00
v-bashev,post_core,-1.00
NielsLiisberg,RPG-lexer,0.00
OpenSextant,XText,0.00
laubfall,jugh-xtext-arkanoid,0.00
khabdrick,LambdaXtextract,0.00
bsati,mgpl-xtext,0.00
UnBCIC-TP2,Oberon-XText,0.00
TopXDevTeam,TopXTextUI,0.00
ngreve,xtext_web,0.00
nmaoez,composer-language-server,0.00
FAMILIAR-project,xtext-dsl-compiler-example,0.00
eventB-Soton,XTheory,-1.00
program-in-chinese,xtext_tutorial_15_min_zh,-1.00
code-kontor,openCypher-Xtext,0.00
eclipse,epsilon,-4.00
UnBCIC-TP2,Oberon-IDE,0.00
idiomaticsoft,xtext-tips,0.00
atb,pt.isep.dsl.puml,0.00
Webastronaut,mgpl,0.00
PAMunb,MetaCrySL,0.00
raghvendra-v,tosca-yaml-lsp,-2.00
zxhr,gradle-xtext-generator,0.00
tmtron,ex.xtext.lsp,0.00
echebbi,standalone-xtext-example,0.00
darvasd,xtext-docs-gen,0.00
jcabot,WordPress-Plugin-DSL,0.00
JensBAndersen,PolicyLanguage,-9.00
Zannith,XtextTest,0.00
AnnaLenaMeiners,XtextExamples,0.00
Kerolos77,XTextEditor,0.00
Mabar16,xtextMath,0.00
holgerschill,xtextCodebuff,0.00
devzwy,XTextView,0.00
mraminella,XtextExamples,0.00
msntts,XtextStudy,-1.00
chiachong,XTextClassification,0.00
vinisbranco,XtextGerador,0.00
pakhopav,XtextPlugin,0.00
IamRaziel,XtextTutorial,0.00
dstoft,XtextWorkspace,0.00
MisbahAwan,XtextCollaborativeEnvironment,0.00
pakhopav,XtextLanguage,0.00
fonuhuolian,XTextView,0.00
RomainLefeuvre,xtextHW,0.00
BestCoderXQX,XTextFlagDemo,0.00
vinisbranco,XtextTrabalho2,0.00
loicperreal,Xtext,0.00
goflyboy,xtextsample,0.00
SharkJ,XtextInheritanceTest,0.00
hewenyuAndroid,XTextView-Android,0.00
OLibutzki,XtextExtras446,0.00
vinisbranco,XtextJavaScript,0.00
AndreasGroentved,XtextDSL2018,1.00
robertchristen,XTextCategorizer.Demo,0.00
alvarofpp,tutorial-xtext,-5.00
pakhopav,XtextLanguageGradle,-0.03
pakhopav,xtext,-1.00
adamhorvath88,Xtext,-4.00
0xMYsteRy,Xtext,-0.50
taylorlohan,XtextHealth2.0,0.00
Caroline66666,xtext,0.00
xuxiaowen87,XText,0.00
MisbahAwan,xtext,0.00
ichxorya,failed-xtext2vscode-example,0.00
hwong23,dsl.evtool,-1.00
RobMoloney,xtext,-0.20
l1ppe,xtext,0.00
madhouni,wps-ecore-ocl-xtext,0.00
MISO4202,uniandes.mdd.xtext2xmi,0.00
tchebs,xtext,0.00
mlopez8621,xtext,-11.00
magick93,xtext,0.00
ShivaniBali,Theia-Xtext-Yangster-Project-,0.00
ehah,XtendExample,0.00
MISO4202,co.edu.uniandes.gramaticajmeter,0.00
vks2106,prenum,0.00
drkstr101,hello-xtext,-1.00
arthurmosley,Essex-Test,0.00
eclipse,xtext-website-publish,0.00
jflopezfernandez,xtextutils,0.00
AlanQuadros,xtextlpmangan,0.00
jonaslagoni,JSON-Schema-to-internal-DSL,0.00
OezzyB,e-portfolio-Xtext,0.00
fedorov-vk,apds_dsl,-0.50
zinon,xtextminer,0.00
mustafa231,xtexteditor,0.00
MOSafely,xtextrepo,0.00
bproenca,mpti-dsl,-3.00
LorenzoBettini,xtext-domain-model-guice-5,0.00
BlackBeltTechnology,karaf-features-eclipse-xtext,0.00
vashchenkov,xtext-samle,0.00
germono,FormXtext,0.00
Quingo,compiler_xtext,-1.00
ShrawanBK,xtext_salestransaction,0.00
tshoang,XMarking,0.00
szschaler,henshin_xtext_adapter,0.00
hakimuga,BIP-language,0.00
adautofbn,pascal-xtext,-8.00
efuentesp,Xtext-UCS,-6.00
preesm,ripacola-xtext,4.00
wibeck,testXtext,0.00
msun68,xtext-examples,0.00
xTexturedxx,xTexturedxx,0.00
HexXText,HexXText,0.00
Gricel-lee,Xtext-Maven,0.00
kolchanov,org.xtext.example.mydsl.parent,0.00
kecksk0enig,vuc-xtext,0.00
EvdokimovMaks,xtext-expressions,0.00
Sorokatov,xtext-demo,0.00
uppaal-emf,uppaal-xtext,0.00
matheuslenke,Xtext-UML,0.00
r4mtor,xtext-talks,0.00
nbhusare,xtext-playground,0.00
kokostino,xtext_kokomodel,5.50
GiordanoT,ocl-xtext,0.00
dr-jam,ABL-XText,-3.00
lahirugayanga,xtext-projection,0.00
daniel614,xtext-webapp,-1.00
Spiderixius,DSLIndividualXtext,0.00
mdsd-team-1,photos-xtext,3.00
efuentesp,xtext-cobol,0.00
torosky,Libreria-Xtext,0.00
MaxiEckert,Xtext-example,0.00
as500,xtext-rpgle,0.00
JavierOramas,AudiXText,0.00
xtext,xtext-monorepo,-0.85
vjordan,Xtext_browser,0.00
Yop-La,xtext_project,0.00
JesterOrNot,Gitpod-XText,0.00
eclipse,xtext-archive,0.00
Lethalaric,xtext-learning,0.00
DSIE2,tr.xtext,0.00
ShivaniBali,Theia-Xtext,0.00
kthoms,xtext-webinar,0.00
christopherosthues,mgpl-xtext,-1.00
zhanglin2018,learnXtext,0.00
seebgar,Xtext-Projects,0.00
Vallenstein,xtext_web,0.00
AbQadirr,dialogXtextflow,0.00
blue995,xtext-orm,0.00
arockiaraj1994,xtext-mvn,0.00
moein9,passXtext,0.00
saivarunr,xtext-editor,0.00
JesterOrNot,xtext-cli,0.00
Somiacao,xtext-web,0.00
katmatt,graphql-xtext,4.00
LIONant-depot,xtexture_compiler,0.00
tchebs,xtext-example,0.00
ballcoach12,xtext_samples,0.00
AssaX0,MDSE-xtext,0.00
samples-projects,sample-xtext,0.00
karthik137,xtext-demo,0.00
MDE-Course-23-24,SIRIUS-XTEXT,0.00
softlang,megal-xtext,-1.00
laurocesar,xtext-domainmodel,0.00
Yahaya12,Xtext-project,0.00
malhxr,SpeechXtext,0.00
stanimirovv,xtext-extractor,0.00
3m3k3,xtext-congen,0.00
pen-zhang,xtext_elm_editor,0.00
NSaitoNmiri,toppers_cfg_xtext,-3.00
tmtron,ex.xtext.twog,0.00
vinicius0197,metacrysl,-6.00
Dexels,navascript-editor,0.00
adrianrutle,PCS953-EMF-Exercise,0.00
ravornyo,xspice,0.00
yamen-njm,IotXtext,0.00
kainzpat14,xtext-plsql,-15.00
epsilonlabs,emc-xtext,0.00
robertovillarejo,kukulkan-grammar,-4.00
lvanzeun,ulm-xtext-test,0.00
purerstamp,N7.compilateur,1.00
jaedabee,xtext-gradle-test,0.00
MassiBelaid,M-langeuse-Xtext,1.00
qxe35v,xtext_encoding_dsl,0.00
random-eclipse,nix-eclipse-xtext,0.00
meta-doodle,Xtext_Gradle_Test,-15.00
LiamWalsh98,nusmv-xtext-lsp,0.00
MaximilianKoestler,vscode-xtext-links,0.00
AhmedEssam2212,xText-Editor-,0.00
adrinerDP,DSL-with-Xtext,0.00
cdietrich,xtext-domainmodel-ls,0.00
tmtron,ex.xtext.ml,0.33
andrewsandu,xtext-web-example,0.00
pngowda,xtext-build-tools,0.00
SharkJ,xtext-dsl-sample,0.00
hammedb197,team-hacktive-xtext,0.00
SimonCockx,xtext-monaco-example,0.00
mister-walter,xtext-folding-issue,0.00
alexvolh,xtext-xml-grammar,0.00
SharkJ,my-theia-xtext,0.00
urbanoanderson,xtext-gait-model,0.00
vjordan,Xtext_directory-file,0.00
JosBouwhuis,xText-DSL,0.00
CS130-W20,assignment-2-xtext,0.00
lunifera,xtext-jvmtypeprovider-standalone,0.00
bobbyfisher1,eclipse-workspace,0.00
dsl-course,xtext-entities-tutorial,0.00
Highbrainer,xtext-pde-target,0.00
mattsse,xtext-fipa-acl,0.00
XIECHO,qingo_xtext_documentation,0.00
FariSoftware,xtext-problem-matcher,0.00
ShrawanBK,xtext.sales.transactions,0.00
Lzgpom,xtext-gen-extension,0.00
drkstr101,Domainmodel,0.00
vinicius0197,expressions-dsl,-2.00
LorenzoBettini,xtext-xdoc-releases,0.00
KarstenWilken,xTextForum,0.00
S-wald,xtext-plugin-gradle,0.00
lahirugayanga,xtext-example-dsl,0.00
cdietrich,xtext-fragment-experiments,0.00
cdietrich,xtext_bug_1974,0.00
bergmanngabor,xtext-railmap-demo,0.00
mchlrch,xtext-intro-bfh,0.00
EvdokimovMaks,xtext-example-entities,0.00
cipek,MyFirstXText,-1.00
pngowda,xtext-ci-libs,0.00
paulvberlin,BaSiriusXtext,0.00
szarnyasg,sql-pgq-xtext,0.00
frademacher,xtext-jpms-test,0.00
xtext,xtext-monorepo-lfs,0.00
LorenzoBettini,xtext-build-utils,0.00
cdietrich,xtext-two-dsls,0.00
balazsgrill,xtext_bug508518,0.00
Tim-S,xtext-valueconverter-example,0.00
ayakurtam,xText-Editor,0.00
HouseBuilder-MDE,HouseBuilder-Xtext,-24.00
xtext,xtext-orbit-replacement,0.00
fedorov-vk,xtext-xcore-sample,0.00
gustavotemple,mo631xtext,0.00
Tim-S,xtext-mapbasedscope-example,0.00
shakenetwork,xTextHandler,0.00
GabrielBozza,ProjetoXtextPFC,-12.00
HexXText,HexXTextSMP,0.00
snarkipus,xtext-dsl-book,-5.00
fedorov-vk,xtextxtend-book-examples,-1.62
ArneDeutsch,xtext-gradle-example,0.00
oliver-reinhard,xtext-ppt-demo,0.00
tpluscode,xtext-completion-nullpointer,-9.50
idiomaticsoft,sbt-xtext-plugin,0.00
pen-zhang,online_elm_xtext,-21.00
raglu,ExternalDSL-xtext,0.00
kulcsii,xtext-railmap-theia,0.00
NiccoMlt,xtext-showdown-grammar,-6.00
NinjaArmy,xtext-language-server,0.00
jnt0r,xtext-npe-reproducable,0.00
HermanPeeren,eJSL-ANTLR4,0.00
cs130-w21,statemachine,0.00
csbc92,MDSE-assignment3,-5.00
ghillairet,org.example.mydsl.parent,0.00
antoine-morvan,caph-java-parser,6.00
abatti,XTEXT_FACPL3_PreserveVarious,0.00
tfLabs,xtext-languageserver-example-duplicator,0.00
LorenzoBettini,xtext-maven-plugin-example,0.00
cdietrich,xtext-eclipse-issue-1009,0.00
patrickneubauer,UoY-MODE-XTEXT,0.00
cau-se,sprat-ecosystem-dsl-xtext,0.00
cdietrich,theia-xtext-vscode-example,0.00
cdietrich,j9-tycho-xtext,0.00
loradd,xtext-lsp-ecore-support,0.00
nnn911,LaTeXTextOverlay,0.00
IbanezGio,VuC,0.00
Samirez,DSLs,0.00
ShahimEssaid,com.essaid.model.xtext,0.00
gon10,EclipseRepoTese,0.00
max-leuthaeuser,jmhmathexample,0.00
tshoang,WhitespaceIDE,0.00
seebgar,MISO4202-proyecto-xtext,-1.00
NiccoMlt,xtext-15-minutes-tutorial,-8.00
SharkJ,theia-xtext-extension-test,0.00
jku-win-se,JsonBasedXtextGrammar,0.00
altran-mde,xtext-sirius-integration.io,0.00
cdietrich,xtext-core-issue-1835,0.00
Zaki-Fadlan,xtext_getting_started_skilledup,0.00
raptor494,Xtext-Minecraft-JSON-Languages,0.00
rudi,xtext-emacs-lsp-demo,0.00
fedorov-vk,apds_prototype,0.00
test-editor,test-editor-xtext-gradle,-0.33
Ixgauth,perspectiveDSL-Sirus-Xtext,0.00
keve98,SzakD_xtext_xtend,0.00
silvergl,xtext-headless-rcp-example,0.00
reinaqu,bpmnFromXtextDSL,0.00
xtext,xtext-p2-orbit,0.00
dsl-course,xtext-tutorial-turku-interim,0.00
tfLabs,xtext-lsp-validation-anyway,0.00
BalzGuenat,xtext-bug-minimal-example,0.00
dmfullstack,org.xtext.example.mydsl,0.00
SuelanyBrito,JFlex_CUP_XText_SQL,0.00
cdietrich,xtext-languageserver-example-simple,0.00
msntts,Xtext-Standalone-fat-jar,0.00
oldulov,cfeditor,0.00
LorenzoBettini,xtext-type-errors-examples,-5.00
claudenirmf,OntoUML-2.0-Xtext,1.00
Mehmetcanss,example_xtext_language_server_vscode,0.00
lidochca,xtext.skip.build.before.rename,0.00
cdietrich,xtext-maven-plugin-coverage-example,0.00
Kevin-Philip,TP_etudiant_Compilax,0.00
elite-se,elite-se.xtext.languages.plantuml,-1.00
tshoang,BareBonesIDE,0.00
tareklel,PDFtoText,0.00
TVTower,TVTBlitzmaxEditor,0.00
cdietrich,xtext-multi-dsl-manual-metamodel,0.00
hallvard,xost,0.00
davidmpaz,log-book,0.00
oliver-reinhard,xtext-scoping-default-imports-demo,0.00
tshoang,Simple-Barebone-XText-based-IDE,0.00
MISO4202,uniandes.mdd.example.create-xtext,0.00
NaoMod,XText-Language-Server-in-VSCode,0.00
MISO4202,xtext-egl-sql2java,0.00
cdietrich,simple-xtext-parallel-load-example,0.00
bobbyfisher1,expressions,-11.50
lowcomote,DBML-to-ER,0.00
tfLabs,xtext-n4js-lsp,0.00
yishakabreham,mde.sales.transactions.xtext.4,0.00
Rajesh2015,DSL-using-Xtext-and-Xtend,0.00
cdietrich,xtext-lsp-tests-with-tycho,0.00
CarlosAsrc,Reconhecedor-scheme,0.00
oliver-reinhard,xtext-scoping-default-namespaces-demo,0.00
TVTower,TVTDatabaseEditor,0.00
casino-mdd,DSL,0.00
cokeSchlumpf,bashdsl,-5.00
sumeetchhetri,faugjs-eclipse-plugin,0.00
sderrien,Uclid-editor,26.00
GlancingMind,xtext-lsp-missing-deleteFile-impl,0.00
zmy3036190149,theia-xtext-pf-v1-backup,0.00
MDSDLab,mdsd-2023-lab2-xtext-xtend,0.00
abieren,MDSD-Xtext-Project-for-JavaFX,-1.00
SimonCockx,xtext-assertAllWhitespaceIsFormatted,0.00
tombk556,SF_Factories_Beleg2324_Xtext_DSL,0.00
DonatasC,CodeGeneration,0.00
trichterwolke,init,-1.00
zs6jce,x400-xrpgle,0.00
cyrilnavessamuel,TripManagment,0.00
paullewallencom,xtext-xtend-978-1-7864-6496-5,0.00
coalae,telemed,0.00
vorburger,xtend-StackOverflowError-issue461,0.00
JoaoMAlmeida,projetoCompiladores18-2,-1.00
Bisssen,math_assignment_3_math_compiler_xtext_and_xtend,0.00
vks2106,domain.model,0.00
metafacture,metafacture-flux,0.00
mrtnstn,example-script-language,0.00
Michel-Nassalang,eclipse_workspace,0.00
varadbal,FunPL,-9.00
oliverablagojevic,QuestionnaireDSL,0.00
EightPillars,NmtranEditor,-1.00
DSIE2,Implementing-observer-design-pattern-with-Xtext-and-Xtend,0.00
George-6629,Lobster-language-conversion-sql-language-based-on-Xtext,0.00
hvbargen,meth,0.00
mischnic,bachelors-thesis,0.00
cs130-w22,statemachine,0.00
cesarlaso,tfm-udima-arquitectura-del-software-dsl-ecore-xtext-emf,0.00
houssemradhouane,Meta-Modelisation-of-Games-Using-UML-Eclipse-Xtext-Acceleo-JAVA,0.00
mdsd-team-1,domain-specific-language,0.00
PalladioSimulator,Palladio-Editors-VSCode,0.00
nils-christian,xtend-active-annotation-issue,0.00
modicio,feature-dsl-tools,0.00
HBuender,Aim42Visualizer,0.00
scanyboss,ide-yourdsl,0.00
spirvdev,dumpsymb,0.00
thlaegler,edilang,-82.00
agonzalezgaliana,mydsl-language-server,0.00
codezork,DSL-Blog,0.00
LorenzoBettini,issue-2000-example,0.00
trifonnt,net.adempiere.dsl.properties.spring.parent,0.00
scanyboss,hello-world-language,0.00
joerg-holtmann,Pretty-Printer_Language-Analysis,0.00
coffeeframework,HLVL,-6.00
HermanPeeren,eJSL-MPS,0.00
kukulkan-project,kukulkan-language-server,0.00
mdsd-team-1,dsl-layered-style,0.00
larissafiorini,t2-lingProg,2.00
ragben,NetzDsl,0.00
Cosimo5lli,assertx-swing,-3.00
gyaltso,Eclipse-Training-Schedules,0.00
wzurborg,xtend-example,0.00
kyberszittya,simple-ros-code-generator,-1.00
LinguaPhylo,linguaPhyloDSL,0.00
dsanmartins,Entidades,0.00
opcoach,datasample,2.00
bujosa,smart-dsl,0.00
robinguill,DSL_UML_INSA,-2.00
DedalArmy,SpringDSLJava,0.00
LiamWalsh98,tumlrt-language-server,0.00
jonev,HTTP-REST-test-DSL,0.00
ElBilbao,DSL-Wizard-Creator,0.00
ooaa30,Wail,0.00
Wilson008,GrammarGenerator,0.00
ScytherTool,dsl,0.00
NaoMod,MiniTL,0.00
ryangarvey,mde-spec,0.00
bfMarcelino,SchemeLP,0.00
henriklange,ifcBrickConvert,0.00
osarenogae,fault_trees_textual_editor,0.00
claudenirmf,TPTP-Editor,0.00
augustin-rialan,IDM,0.00
henriklange,ifcBrickConvertDsl,0.00
PikaQin,XModel-Code-Converter,0.00
helloyaqin,XModel-Code-Converter,0.00
Garlo13,CEPStaticAnalysis,0.00
Frederic-Boulanger-UPS,MiniARM-feature,0.00
Jaddison011,C4EventB,-13.00
MDEGroup,metatemplating,-5.00
abdullah-4Mohammed,AWS-EC2-Service_DSL-EMF,0.00
grammeaway,math-interpreter-dsl,0.00
ahmedsaleh1998,concept_project,0.00
Chaimaa-Louahabi,Model-Driven-Engineering,0.00
fayssalElAnsari,Kotlin-Meta-Model,0.00
MisbahAwan,SeamlessRuntimeTransformations,0.00
ProjetoDSL,CanopusDesign,0.00
Ryuzaki101,Workbench,0.00
eclipse,xtext,-0.86
eclipse,xtext-core,-0.76
eclipse,xtext-xtend,-1.00
eclipse,xtext-eclipse,-0.88
eclipse,xtext-extras,-1.50
eclipse,xtext-web,-1.00
xtext,seven-languages-xtext,0.43
eclipse,xtext-maven,0.00
eclipse,xtext-lib,0.00
xtext,maven-xtext-example,0.00
seebk,LaTeXText,0.00
cdietrich,xtext-languageserver-example,0.00
eclipse,xtext-idea,0.00
adamschmideg,coffeescript-eclipse,0.33
RvonMassow,xDoc,0.00
xtext,xtext-gradle-plugin,0.00
LorenzoBettini,packtpub-xtext-book-2nd-examples,0.00
PrinceMei,xTextHandler,0.00
LorenzoBettini,packtpub-xtext-book-examples,-0.17
theia-ide,theia-xtext,0.00
svenefftinge,xtext-lsp-workshop,0.00
ObeoNetwork,Xtext-Sirius-integration,0.00
dslmeinte,Xtext2-DSLs,1.38
merks,Xcore,0.00
ssi-schaefer,lcdsl,0.00
eclipse,xtext-umbrella,0.00
danieldietrich,xtext-protected-regions,0.00
xtext,xtend-gradle-plugin,0.00
aphethean,xtext-maven-examples,-1.00
ckulla,xtext-tycho-example,-1.00
vorburger,xtext-sandbox,0.00
basilfx,xtext-standalone-maven-build,0.00
JakeGinnivan,XText,0.00
OLibutzki,xtext.tools,0.00
Xpitfire,xtext-dnn,-1.00
LorenzoBettini,Xtext2-experiments,0.00
eclipse,xsemantics,0.00
xtext,xtext-reference-projects,-0.01
mzaks,FlatBuffersSchemaEditor,-1.00
vorburger,eLang,0.00
fuinorg,emt-xtext-archetype,0.00
eclipse-soc,amalgamation-examples-xtext,1.00
kthoms,xtext-experimental,0.00
dsldevkit,dsl-devkit,-2.53
itemis,generator-xtext,0.00
att,yang-design-studio,0.00
martinbaker,xtextadd,-0.33
LorenzoBettini,edelta,0.00
sebastianbenz,xgherkin,0.00
vladdu,xtext.unittesting,2.00
slizaa,slizaa-opencypher-xtext,0.00
xpomul,cdo-xtext,0.00
mark-christiaens,Xtext-Models-Stats-View,0.00
TypeFox,xtext-jflex,0.00
vorburger,eclipse-typescript-xtext,-1.00
patrickneubauer,XMLText,0.00
xtext,org.xtext.antlr.generator,0.00
boalang,xtext-ide,-1.00
nittka,terminology,-2.00
veraPDF,veraPDF-model-syntax,0.00
TypeFox,languageserver-example,0.00
Hellmy,plantuml-eclipse-xtext,-1.00
stephanrauh,JSFLibraryGenerator,0.00
loonwerks,jkind-xtext,-2.00
TatyPerson,Xtext2Sonar,0.00
TypeFox,xtext-vscode,0.00
svenefftinge,Xtext-Workshop-Development-Workspace,-3.00
cdietrich,xtext-uml-example,0.00
cdietrich,xtext-maven-example,0.00
marklemay,tptpParser,0.00
borgar,xtexts,0.00
uqbar-project,xtext-tortuga-lang,0.00
dslmeinte,Xtext1-DSLs,-0.85
applause,applause,-2.00
LorenzoBettini,ecefrance2015-xtext-example,0.00
jcmm33,DirectXTextBlock,0.00
dhuebner,xtext-apidiff,0.00
appdev,XTextView,0.00
oehme,xtext-maven-example,0.00
SMadani,ThriftMDE,0.00
xtext,xtext-external-editors,0.00
itemis,xtext-generator-vscode,0.00
soluvas,ecommerce-sample,0.00
tianguanghui,xTextHandler-objc,0.00
meysholdt,xtext_stateful_lexer,0.00
holgerschill,XtextCon_Xcore_Maven,0.00
scottopell,vim-xtext,0.00
itemis,xtext-debug-example-no-xbase,0.00
TypeFox,Xtext-XMI,0.00
joergreichert,XtextPlayground,0.00
wuwen1030,XTExtension,0.00
fuinorg,org.fuin.dsl.cqrs,-1.00
JanKoehnlein,EclipseCon2013_XtextTutorial,0.00
avaranovich,megal-xtext,-1.00
fuinorg,org.fuin.dsl.ddd,1.00
arturboronat,xtext.domainmodel,0.00
otrosien,xtext-perl,-1.00
cmendible,Hexa.xText,0.00
SciSpike,yaktor-dsl-xtext,-1.50
andrearn,org.fornax.soa.xtextservicerepository,-0.20
ujhelyiz,xtext-reflective,0.00
szarnekow,xtextcon-xbase-example,0.00
bsi-software,org.eclipse.scout.xtext,0.00
cdietrich,xtext-languageserver-xbase-example,0.00
test-editor,deprecated-test-editor-xtext,-1.00
awk-kazmin,eclipse_1C_xtext,0.00
svenefftinge,fowlers-statemachine-with-expressions,0.00
copton,XTextExamples,0.00
GeekBugs,XTextView,0.00
akosyakov,org.xtext.example.mydsl.idea,-2.33
vaulttec,isis-script,-1.00
HBehrens,Xtext2Workshop,0.00
GrupoHunter,Kukuroo,0.00
itemis,xtext-languageserver-example-lsp4e,0.00
fatalerrortan,Xtext_Xtend_HTML_Generator,0.00
spoenemann,xtext-gef,1.00
Minres,RDL-Editor,0.00
svenefftinge,Guice-Modules-DSL,0.00
LorenzoBettini,jbase,0.00
mn-mikke,Model-driven-Pretty-Printer-for-Xtext-Framework,0.00
hishidama,xtext-dmdl-editor,0.00
cmark,androtext,61.00
svenefftinge,homeautomation-example,0.00
SOM-Research,graphQL-xtext-grammar,0.00
janesser,frege-xtext,-15.00
szarnekow,org.eclipse.e4.xcss,0.00
LorenzoBettini,xtext-scoping,-1.00
JanKoehnlein,ESE-2010-Tutorial,1.00
spoenemann,xtext-orion,0.00
Modaptix,xtext-expressions,-2.00
nittka,Jtag,-2.00
erlide,erlide_xtext,-4.00
cdietrich,xtext-forum-support-example,0.00
ESIR2Compilation,Langage-WHILE,0.00
jhonatan89,gen-angular-grammar,-3.00
Sofiane-13,tutorialXtextSirius,0.00
eclipse-soc,amalgamation-examples,0.00
dvdkruk,xtext-xsd-resourceprovider,0.00
marnix,metamath-eclipse-xtext,-1.00
JanKoehnlein,Xtext-Syntax-View,0.00
planger,xtext-uml-experiment,0.00
rquinio,ck2xtext,-1.00
mzaks,petrinet_dsl,0.00
drnappalm,xtext,0.00
svenefftinge,Xtext-Workshop-Runtime-Workspace,0.00
martijndwars,XtextXT,0.00
nahni,xtextTessla,0.00
baidty,xtextLearning,0.00
MoayadHn,XtextBDI,0.00
fzalila,XtextExperiments,0.00
Girish-Venkatesh,XTextSelenium,0.00
Vinayakatk,xtextScopes,0.00
01Lizard10,XTextUML,0.00
Salome-Maro,XtextUtils,0.00
fanghuixing,XtextApricot,0.00
mraminella,xtextTests,0.00
Alma2015RSABSAWA,XtextLangage,0.00
myorb,XTextParser,0.00
Jhinnn,XTextView,0.00
kathisai,xtextSample,-4.00
huibo-shi,XtextExamples,0.00
osamu-k,XTextStudy,0.00
Treehopper,XTextTemplate,0.00
seba111,Xtext1,0.00
shinesamjacob,XtextExample,0.00
ajperalt,xtext,-0.33
schakko,xtext-plugin-with-maven-tycho,0.00
colameo,xtext4roo,0.00
vinpereira,XtextToXMI,0.00
JanKoehnlein,XtextCon2014,0.00
bink81,xtext-test,0.00
xtext42,xtext42-coding,0.00
borisbrodski,XtextBug437519,0.00
hypery2k,xText,0.00
borisbrodski,XtextBug453268,0.00
arnulfo-rodriguez,XtextClosureExample,0.00
superxlx,XTextViewDemo,0.00
johnBened,XtextMyDSLExample,0.00
philiber92,XtextTestRepository,0.00
fabienfleureau,XtextAtStackoverflow,0.00
yunxiaocloud,XTextFieldLimtDemo,0.00
eclipse,xtext-gradle,0.00
Mensmec,THESIS_XTEXT,0.00
MacJariel,sandbox-dsl,0.00
chetanladdha,XtextFormatingHoverSample,0.00
ainslec,XTextCustomLexerExample,0.00
hem28,DSL_Xtext2.3,0.00
HBuender,XtextAndSiriusIntegration,0.00
meysholdt,EclipseCon2014_XtextTutorial,0.00
jaimedelgado,Xtext,0.00
chris125964,xtext,0.00
DonRenando,xtext,0.00
martijndwars,Xtext,0.00
ozkandemir,XText,0.00
johnahfong,xtext,0.00
Mensmec,Xtext,0.00
pellcorp,xtext,0.00
Tutti91,Xtext,0.00
ANCIT,xtext-examples,0.00
DECENTSoftwareAssessment,dag.m1x,0.00
rmemory,xtext,0.00
deb-sandeep,com.sandy.xtext.jovenotes.tests,0.00
yasuohosotani,Xtext,0.00
Nika24,Xtext,0.00
BenediktNiehues,de.nie.fin,-1.00
AlexElvers,XText,0.00
lakzso,xtext,0.00
seba111,Xtext,0.00
MacJariel,xtext,0.00
tmtron,xtext.15minTutorial,0.00
blewis13,Boxes,0.00
DECENTSoftwareAssessment,famix.m3x,0.00
dslmeinte,SimScript,0.17
webdaford,aqleditor,0.00
goldschmiede,2012-02-03_dsls_mit_xtext,0.00
kthoms,org.eclipse.xtext.example.domainmodel,0.00
Reitzner,xtextmaven,0.00
hectorsun,xtextonboost,0.00
duck2,xtextbg,0.00
HolyCityAudio,SpinCAD-Builder,-17.67
ceefour,glproto,0.00
DECENTSoftwareAssessment,dag.m1x.tests,0.00
gvd,xtext-sm,-2.00
davidmpaz,php.ware.web.ui,0.00
DanielWeber,xtextext,0.00
fzalila,xtextfsm,0.00
DECENTSoftwareAssessment,dag.m1x.sdk,0.00
jgoppert,xmodelica,-1.00
Vinayakatk,xtextgeneratetest,0.00
deb-sandeep,com.sandy.xtext.jovenotes,-1.00
DECENTSoftwareAssessment,dag.m1x.ui,0.00
viatra,viatra-evm-xtext,0.00
protossoftware,ReqText,-1.00
meysholdt,e4dsl,1.00
benzait27,Xtext.Promo,0.00
malakeel,myDsl,-0.50
npalix,org.eclipse.xtext.example.arithmetics,0.00
sormgabriel,textual_verduler,0.00
ekowahyudi,examplextext,0.00
DECENTSoftwareAssessment,famix.m3x.ui,0.00
nakul02,sialx-xtext-ide,0.00
kduske-n4,DomainModel,0.00
Infoly,SmallJava,0.00
inakuhn,de.htwg.mdse.setgame.entities.parent,-1.00
mlanoe,x-vhdl,0.00
DECENTSoftwareAssessment,famix.m3x.tests,0.00
nkonev,CalcXtext,0.00
meysholdt,xtext_examples,0.00
manuelleduc,xtext-lib,0.00
xarvey,atom-xtext-package,0.00
LolloCorte,bpel-xtext,0.00
sciolizer,xtext-sandbox,-5.00
denschu,xtext-whitespace,0.00
pablitar,claseXtext,0.00
DECENTSoftwareAssessment,famix.m3x.sdk,0.00
tdegueul,xtext-composition,0.00
danieldietrich,xtext-javatools,0.00
akademia,ontouml-xtext,0.00
efuentesp,codebuilder-xtext,0.00
zrrk,xtext-utils,0.00
juli1,xtext-debug,0.00
nbhusare,Xtext-sandbox,0.00
jachinte,xtext-grammars,-7.00
susieagerholm,XTEXT_EXAMPLE,-0.67
itemis,monaco-xtext,0.00
xiaoyvr,xtext-demo,-2.00
hmc-cs111-fall2015,picobot-XText,0.00
yanntm,Xtext-Light,0.00
quendimax,libXtextcursorchanger,0.00
Ikraminfo,GrammaireXtext,0.00
nickeeyyoo,xtext_project,-2.00
marinamygithub,xtext_project,0.00
lukashaertel,xtext-xgen,-0.50
fmca,xtext-typesystem,0.00
almazhou,xtext-demo,0.00
Huluvu424242,xtext.example,-5.00
kiddochan,xtext-typesystem,0.00
mmalohlava,ppXtext,0.00
ponta027,xtext_practice,0.00
bhdrkn,Xtext-Examples,-2.00
fatalerrortan,Xtext-examples,0.00
gcr-nist,runtime-Xtext,0.00
fBrx,language-xtext,0.00
ilya-klyuchnikov,sll-xtext,0.00
vonbolt,Xtext_test,0.00
rytina,xtext-typesystem,0.00
philiber92,xtext-utils,0.00
thomasfischl,xtext-workshop,-0.50
jbadeau,ng-xtext,0.00
OliverScherf,MGPL-Xtext,0.00
szarnyasg,gradle-xtext,0.00
malbac,Xtend_Xtext,0.00
gitpan,Convert-XText,0.00
rmemory,xtext_eclipse,0.00
lukashaertel,xtext-technocat,0.00
lukashaertel,xtext-xtestgen,0.00
zhangyuanqiao,selenium-xtext,-1.00
cooked,modelica-xtext,0.00
pablitar,firewall-xtext,0.00
hamza-abed,JSEditorXtext,-1.00
Virtlink,paplj-xtext,0.00
kwanggy,xtext-sublime,0.00
thicket-lang,thicket-xtext,0.00
agentlab,xtext-web,0.00
test-editor,xtext-dropwizard,0.00
kecskesk,xtext-menetrend,0.00
ftrifin,xtext-utils,0.00
scottopell,xtext_utils,0.00
lukashaertel,xtext-fsml,0.00
sahrmann,xtext-json,0.00
Modaptix,xtext-utils,0.00
itemis,xtext-issues,0.00
holzem,xtext-lexertrace,0.00
victorlacorte,Tcc,0.00
limelanguage,lime-xtext,0.00
edgarmueller,xtext-recordmapper,0.00
santoshdeshpande,wwf-xtext,0.00
MatzeGIT,XText-maven,-3.00
tkurita,XText.scptd,0.00
t-buss,mgpl_xtext,0.00
dvdkruk,xtext-workshop,0.00
npalix,org.xtext.example.mde,0.00
logicfish,XActiv,0.00
kittaakos,webcalc,-4.00
evandor,skysail-prototypr-dsl,-5.00
iensen,certware-l-editor,0.00
vladimirkozhaev,casualintellect_new_wizard,0.00
TinyScream,org.xtext.amodel,0.00
M2TIIL2016-2017,SiteWeb_XText,0.00
schakko,hackcamp-xtext-automotivebus,0.00
sfinnie,xtext.scoping.adventures,0.00
jpaw,bonaparte-apidsl,-1.00
rainerschuster,yacc-ide,-6.00
schakko,xtext-bug-436688,0.00
dhuebner,xtext-builddsl-tycho,0.00
matejsp,lwc13-xtext,0.00
ftrifin,xtext-utils.uml,0.00
mbarbero,xtext-forms-integration,0.00
FForw4rd,xtext-restriction-framework,-0.50
zrrk,xtext-utils.devenv,0.00
ftrifin,xtext-utils.xtend,0.00
svenefftinge,xtext-jaxcon-example,1.00
LorenzoBettini,xtext-demo-laquila,0.00
jakecobb,xtext-iris-datalog,-1.00
Huluvu424242,rezept-dsl.xtext,0.00
philiber92,xtext-utils.unittesting,0.00
philiber92,xtext-utils.distribution,0.00
phaldan,htwg-cform-xtext,0.00
itemis,xtext-example-conplan,0.00
LorenzoBettini,Xtext-Buckminster-Example,0.00
LorenzoBettini,xtextcon-typesystem-example,0.00
dhuebner,org.xtext.example.tycho,0.00
agentlab,eclipse-orbit_xtext-web,0.00
Tutti91,xtext_language_bla,0.00
LeonoraG,xtext-req-editor,0.00
xarvey,atom-xtext-autocomplete,0.00
franzbecker,xtext-formatter-problem,0.00
ftrifin,xtext-utils.distribution,0.00
Fritzi,XText_TeSSLa,0.00
madasar,booster2-xtext,0.00
TypeFox,xtext-splitted-repo,0.00
zrrk,xtext-utils.uml,0.00
zrrk,xtext-utils.xtend,0.00
ftrifin,xtext-forms-integration,0.00
JanKoehnlein,fxdiagram-xtext-examples,0.00
ubx,openair,-2.00
rju,xtext-typing-example,2.00
philiber92,xtext-utils.xtend,0.00
Advanced-Model-Engineering-SS16,xtext-ocl-extensions,0.00
zrrk,xtext-utils.distribution,0.00
Johanvdberg,mcrl2.xtext,0.00
kryptonite22,rsbac.xtext.dsl,0.00
tkleszczynski,jug-zgora-xtext,0.00
philiber92,xtext-utils.devenv,0.00
jeffmaury,devoxx2012-xtext,0.00
YonedaMasashi,xText_Practice,0.00
jackqq,xTextEdit,0.00
ftrifin,xtext-utils.unittesting,0.00
lgcardeas,xtext-forms-integration,0.00
vrichard12,xtext-forms-integration,0.00
itemis,xtext-monaco-example,0.00
pabu90,xtext-ci-test,0.00
EricssonPlant,plantuml-xtext-light,-31.00
zrrk,xtext-utils.unittesting,1.00
LorenzoBettini,xtext-index-experiments,0.00
ftrifin,xtext-utils.devenv,0.00
inteldict,xtext-gradle-demo,0.00
cdietrich,xtext-multi-dsl,-0.67
hachreak,dmss.pouex.xtext,0.00
lunifera,lunifera-xtext-runtimebuilder,0.00
sikessle,xtext-forms-integration,0.00
priya0311,xtext-forms-integration,0.00
philiber92,xtext-utils.uml,0.00
talalong,dbFactoryXtext,3.00
stackoverflowmailer,lwc13-xtext,0.00
willy2706,if4150-xtext,3.00
wwu-pi,acse-xtext-validation,0.00
ProgrammableDrones,xTextLanguage,-1.00
stefano-bragaglia,Kinect-ECE-XText,-1.00
wwu-pi,acse-xtext-gui,0.00
peterssas,xtext-gradle-problem,0.00
zhoumin03,xtext-forms-integration,0.00
gcubar,CodeXcessXtext,-1.00
cdietrich,xtext-ecore-xcore,0.00
ayoubziat,xtext_DSL_example,0.00
xiaoyvr,xtext-demo-oxygen,-2.00
test-editor,deprecated-xtext-index-backend,0.00
kuniss,Aqua,0.00
npalix,org.eclipse.xtext.example.fowlerdsl,0.00
dslmeinte,xtext-workshop-code1,0.00
chauhansaurabhb,Eclipse-Xtext-Mydsl-Plugin,0.00
oyse,jetson,-1.00
zwgirl,summer,0.00
rymarenkosuccess,Coffeescript-Eclipse,0.00
felipedf,compiler,0.00
logicfish,XPlane,0.00
LorenzoBettini,Xtext-Xtend-Buckminster-Example,0.00
vorburger,eclipse-typescript-xtext-repository,0.00
pankeshpatel,EclipsePluginForXtext,0.00
Hellmy,plantuml-eclipse-xtext_update,0.00
xpomul,xtext-multi-edit-example,0.00
tmtron,xtext.eclipse.15minExtended,0.00
deb-sandeep,com.sandy.xtext.jovenotes.ui,0.00
ftrifin,xtext-utils.xtend1,0.00
szarnekow,xtext-arithmetics-web-example,0.00
wwu-pi,acse-xtext-knuth-binaries,0.00
jwachter,xtext-serializer-issue-example,-1.00
DemidovAlexander,Xtext_MiniJava_IDE,-2.00
camilagarcia113,xtext-dsl-obj3,0.00
cdietrich,gradle-xtext-xtend-problem,0.00
uqbar-paco,firewall-dsls-externos-xtext,0.00
svenefftinge,Xtext-LWC-contribution--Instances-,0.00
rainerschuster,eclipse-webidl,-6.00
willy2706,if4150-xtext-html,0.00
phaldan,htwg-cform-xtext-demo,0.00
hypery2k,Xtext-GrammarMixin-Example,0.00
philiber92,xtext-utils.subproject-template,0.00
zrrk,xtext-utils.subproject-template,0.00
thowin,ituXtextLandinConfigurator,0.00
philiber92,xtext-utils.xtend1,0.00
claudenirmf,old-tests-on-xtext,-3.00
zouhairireda,xtext-ocl-xtend-poc,0.00
franzbecker,xtext-serializer-parallel-problem,0.00
lunifera,lunifera-xtext-runtimebuilder-example,0.00
ftrifin,xtext-utils.subproject-template,0.00
fluxtah,xtext-android-gradle-example,0.00
hypery2k,Xtext-Maven-BuildExample,0.00
kittaakos,xtext-eclipse-gh-238,0.00
MatzeGIT,XText-Maven-CleanStart,0.00
Rodolfocostapr,org.xtext.example.pascalito,0.00
deb-sandeep,JoveNotesProcessor,0.00
zrrk,xtext-utils.xtend1,0.00
tanthingdeveloper3unshine,AutoCompleteXTextView,0.00
loradd,uml-xtext-grammar-generator,0.00
RobertWalter83,DialogScriptDSL,-0.33
vicegd,org.xtext.dsl.restaurante,0.00
paulluap,xtext-extras-issue216,-1.00
dhakehurst,net.akehurst.example.xtext.vertx,0.00
alvilgau,de.htwg.xtext.setGame,-2.00
nittka,Xarchive,-2.00
rdurelli,com.br.refactoring.xtext.dsl,-1.00
tmtron,xtext.15minTutorial.project,0.00
agentlab,eclipse-orbit_xtext-web-dsls,0.00
threadedblue,org.eclipse.xtext.example.domainmodel,0.00
cdietrich,xtext-existing-metamodel-gradle-example,0.00
wrungel,tycho.xtext.mwe2.test,0.00
Scholvac,EclipseTaskJuggler,0.00
ftmdida,xtext_code_gen_version_2,0.00
alexwatts,xtext-j2ee-dsl,-0.50
cdietrich,xtext-gradle-plugin-issue-60,0.00
thowin,ituXtextLandin2Configurator,0.00
jkouwer,basicfamily,0.00
goldschmiede,2011-02-18_xtext_apache_wicket,0.00
nileshrege,El,5.00
deparlak,de.htwg.mdsd.xtext.portals,0.00
shashwatanand,org.shashwat.xtext.smallJava,-1.00
mmalohlava,gpp-for-xtext-master-thesis,0.00
dexz92,Integrating-Xtext-and-JavaRAG,0.00
Rodolfocostapr,org.xtext.example.pascalitoOld,0.00
KasperGam,IGESImport,0.00
fuinorg,xsample,0.00
florianpirchner,beantypes,0.00
cdietrich,xtext-gradle-plugin-issue-61,0.00
rdurelli,com.br.refactoring.xtext.dsl.ui,0.00
threadedblue,org.eclipse.xtext.example.domainmodel.tests,0.00
rdurelli,com.br.refactoring.xtext.dsl.tests,0.00
shashwatanand,org.shashwat.xtext.smallJava.ui,0.00
tmtron,xtext.eclipse.15minExtended.project,0.00
chqu1012,MetroUiDescriper,0.00
rainerschuster,sygus-ide,1.00
jacruzca,xtext-multilanguage-multiple-target-impl-reuse,-0.14
qscdfg,mybash,0.00
eirikg,XbaseSiriusIntegration,0.00
nohum,android-code-generation,0.00
gvd,zest-sm,0.00
uqbar-paco,declaratividad-orm-java,0.00
shashwatanand,org.shashwat.xtext.smallJava.tests,0.00
dhakehurst,net.akehurst.example.xtext.vertx.lsp,0.00
vztpv,ClauTextWithEclipse,1.00
goldschmiede,2011-04-29_xtext_service_repository,0.00
markusvoelter,DSLEngBook-Xtext-P3Demo,0.00
ESIR2Compilation,PrettyPrinter,0.00
bmael,MVCLang,0.00
zhou-jg,tefler,0.00
bogdanvuk,xvhdl,-3.60
marcotinacci,XTuring,0.00
threadedblue,org.eclipse.xtext.example.domainmodel.ui,0.00
joergreichert,OperationsResearch,0.00
tommyettinger,julepp,0.00
masters-info-nantes,SmokingText,0.00
daniel-laszlo,temalabor,0.00
Communote,communote-restws,-1.00
vorburger,FormGeneratorPOC,0.00
nittka,pocesl,0.00
logicfish,POMText,0.00
cdietrich,https---github.com-meysholdt-xtext_stateful_lexer,0.00
bogdanvuk,xrst,0.00
meysholdt,performance_probes,0.00
agentlab,PowerLoomDSL,0.00
rainerschuster,jdl-ide,0.00
JoostvanPinxten,SDF3-editor,0.00
ceefour,emf-sandbox,0.00
Mehdi23,FlexoModelingLanguage,-1.00
atanaka,experimental-rmodp-dsl,0.00
leolimasa,reqlang,0.00
smba,model-based-times,0.00
DavidFosterLuhmann,high-dim,0.00
test-editor,deprecated-test-editor-index-backend,0.00
sidz8690,EasyUnit,0.00
lsotnk,lsotnk.xbase.launching,0.00
Tim-S,ReqLNG,-1.00
helunwencser,PAOC,0.00
nakul02,sysml.dml,0.00
rainerschuster,tlsf-ide,0.00
rainerschuster,asdl-ide,0.00
N0P0x90,EclipseExamples,0.00
martinmuellenberg,cityplanning,0.00
newdigate,soa-dsl-scaffolding,0.00
evansnicholas,yaxpath,0.00
nittka,ASP,0.00
josros,boby,0.00
danhaywood,kemble,0.00
schakko,bsc-thesis-documentation,0.00
szarnekow,mongoBeans,0.00
timeraider4u,external_jar_download,0.00
Buggaboo,xplatform,-2.00
jonathankoehn,entitygenerator,0.00
marcusphi,polopoly-dsl,0.00
alexisfacques,dsl-feature-modelling,0.00
sbrocard,statemachine-generator,0.00
JPL-IMCE,gov.nasa.jpl.imce.oml.core,0.00
PuneetPatwari,system-map-maker,0.00
atanaka,DomainmodelWithCrossReference,0.00
cedricvidal,protobuf4e,-2.00
rowlo,testdsl,-2.00
joergreichert,Cool,0.00
WesleyMarques,CompiladorJava,1.00
tommyettinger,kobold,0.00
stolorz,RankPL-EclipsePlugin,0.00
UnibgInfo3A,ebnfworkbench,-2.00
sergiowebo,RaspduinoDSL,0.00
Remypoc,CmooSimpleJ,-2.00
majordomo,majordomo,0.00
ryanignatius,CheckerDSL,-1.00
raynair,webml,0.00
arbennett,ParserGeneratorExample,0.00
OElabed,Model-Driven-Engineering--Eclipse-RCP-plugin--Software-product-line,0.00
renaudhelias,MameVHDL,0.00
cwiscount,mydsl-emf-gen,0.00
rmuecke,clinicaltrialcreator,0.00
mythicfreak,aomxsgrammar,-1.00
diverse-project,melange-studio,0.00
marcotinacci,Event-Oriented-Language,0.00
ksza,Bicycle-Shop,0.00
marcotinacci,SwarmRobotics,0.00
Padmar1995,gh,0.00
