owner,repo,created_date
waynepiekarski,XTextureExtractor,2018-02-11
TypeFox,theia-xtext-sprotty-example,2018-12-12
altran-mde,xtext-sirius-integration,2018-10-08
graph-quilt,graphql-xtext,2019-11-25
TypeFox,vscode-xtext-sprotty-example,2020-10-07
eclipse,xtext-website,2023-03-06
intuit,common-xtext-expression-language,2021-04-01
PacktPublishing,Implementing-Domain-Specific-Languages-with-Xtext-and-Xtend,2019-05-10
resloved,xtext,2019-03-28
lurenzhangdeshuai,EmojiText-XText,2022-01-02
kuniss,xtext-ide-extensions,2019-02-23
graph-quilt,xtext-service-dsl,2021-11-16
btc-ag,service-idl,2018-03-29
eventB-Soton,XUML_B,2019-01-10
Minres,CoreDSL,2020-09-23
TypeFox,xtext2langium,2022-10-27
v-bashev,post_core,2021-07-07
NielsLiisberg,RPG-lexer,2019-12-03
OpenSextant,XText,2018-05-15
laubfall,jugh-xtext-arkanoid,2018-04-05
khabdrick,LambdaXtextract,2022-03-11
bsati,mgpl-xtext,2021-02-01
UnBCIC-TP2,Oberon-XText,2021-04-22
TopXDevTeam,TopXTextUI,2023-11-14
ngreve,xtext_web,2020-03-04
nmaoez,composer-language-server,0000-00-00
FAMILIAR-project,xtext-dsl-compiler-example,2020-11-03
eventB-Soton,XTheory,2018-05-26
program-in-chinese,xtext_tutorial_15_min_zh,2018-01-19
code-kontor,openCypher-Xtext,2019-01-04
eclipse,epsilon,2022-09-26
UnBCIC-TP2,Oberon-IDE,2021-05-19
idiomaticsoft,xtext-tips,2022-03-17
atb,pt.isep.dsl.puml,2019-12-19
Webastronaut,mgpl,2019-02-05
PAMunb,MetaCrySL,2020-07-06
raghvendra-v,tosca-yaml-lsp,2019-06-03
zxhr,gradle-xtext-generator,2020-05-31
tmtron,ex.xtext.lsp,2018-01-19
echebbi,standalone-xtext-example,2018-02-06
darvasd,xtext-docs-gen,2018-03-31
jcabot,WordPress-Plugin-DSL,2019-02-11
JensBAndersen,PolicyLanguage,2019-04-11
Zannith,XtextTest,2018-06-15
AnnaLenaMeiners,XtextExamples,2021-01-02
Kerolos77,XTextEditor,2021-01-04
Mabar16,xtextMath,2020-03-22
holgerschill,xtextCodebuff,2018-10-18
devzwy,XTextView,2022-01-13
mraminella,XtextExamples,2018-05-31
msntts,XtextStudy,2021-04-21
chiachong,XTextClassification,2022-02-23
vinisbranco,XtextGerador,2018-08-31
pakhopav,XtextPlugin,2021-08-11
IamRaziel,XtextTutorial,2021-05-05
dstoft,XtextWorkspace,2021-03-25
MisbahAwan,XtextCollaborativeEnvironment,2023-12-28
pakhopav,XtextLanguage,2019-08-09
fonuhuolian,XTextView,2018-10-19
RomainLefeuvre,xtextHW,2021-11-24
BestCoderXQX,XTextFlagDemo,2018-06-26
vinisbranco,XtextTrabalho2,2018-09-05
loicperreal,Xtext,2019-01-22
goflyboy,xtextsample,2021-02-19
SharkJ,XtextInheritanceTest,2018-12-19
hewenyuAndroid,XTextView-Android,2018-10-25
OLibutzki,XtextExtras446,2019-06-17
vinisbranco,XtextJavaScript,2018-08-22
AndreasGroentved,XtextDSL2018,2018-04-22
robertchristen,XTextCategorizer.Demo,2020-05-03
alvarofpp,tutorial-xtext,2021-11-06
pakhopav,XtextLanguageGradle,2019-08-27
pakhopav,xtext,2019-08-02
adamhorvath88,Xtext,2021-02-13
0xMYsteRy,Xtext,2022-04-20
taylorlohan,XtextHealth2.0,2021-04-13
Caroline66666,xtext,2022-01-20
xuxiaowen87,XText,2020-04-24
MisbahAwan,xtext,2021-11-30
ichxorya,failed-xtext2vscode-example,2022-11-22
hwong23,dsl.evtool,2021-06-10
RobMoloney,xtext,2021-10-20
l1ppe,xtext,2019-07-02
madhouni,wps-ecore-ocl-xtext,2018-02-05
MISO4202,uniandes.mdd.xtext2xmi,2019-05-13
tchebs,xtext,2018-10-04
mlopez8621,xtext,2019-09-18
magick93,xtext,2019-02-12
ShivaniBali,Theia-Xtext-Yangster-Project-,2018-06-06
ehah,XtendExample,2018-04-19
MISO4202,co.edu.uniandes.gramaticajmeter,2019-03-29
vks2106,prenum,2021-02-18
drkstr101,hello-xtext,2020-05-30
arthurmosley,Essex-Test,2018-06-08
eclipse,xtext-website-publish,2022-10-24
jflopezfernandez,xtextutils,2019-02-21
AlanQuadros,xtextlpmangan,2018-03-21
jonaslagoni,JSON-Schema-to-internal-DSL,2020-04-02
OezzyB,e-portfolio-Xtext,2018-05-19
fedorov-vk,apds_dsl,2023-04-15
zinon,xtextminer,2020-06-10
mustafa231,xtexteditor,2021-01-04
MOSafely,xtextrepo,2022-04-05
bproenca,mpti-dsl,2021-11-14
LorenzoBettini,xtext-domain-model-guice-5,2021-05-20
BlackBeltTechnology,karaf-features-eclipse-xtext,2019-04-28
vashchenkov,xtext-samle,2018-10-17
germono,FormXtext,2020-06-02
Quingo,compiler_xtext,2020-08-16
ShrawanBK,xtext_salestransaction,2022-02-06
tshoang,XMarking,2018-05-28
szschaler,henshin_xtext_adapter,2018-06-20
hakimuga,BIP-language,2021-03-25
adautofbn,pascal-xtext,2018-10-18
efuentesp,Xtext-UCS,2018-05-29
preesm,ripacola-xtext,2019-04-29
wibeck,testXtext,2019-05-27
msun68,xtext-examples,2020-01-21
xTexturedxx,xTexturedxx,0000-00-00
HexXText,HexXText,2022-05-03
Gricel-lee,Xtext-Maven,2023-08-15
kolchanov,org.xtext.example.mydsl.parent,2020-02-19
kecksk0enig,vuc-xtext,2018-01-16
EvdokimovMaks,xtext-expressions,2019-12-11
Sorokatov,xtext-demo,2020-04-30
uppaal-emf,uppaal-xtext,2022-12-04
matheuslenke,Xtext-UML,2021-09-21
r4mtor,xtext-talks,2018-05-08
nbhusare,xtext-playground,2020-09-02
kokostino,xtext_kokomodel,2021-08-29
GiordanoT,ocl-xtext,2022-11-30
dr-jam,ABL-XText,2022-11-12
lahirugayanga,xtext-projection,2018-12-28
daniel614,xtext-webapp,2018-06-17
Spiderixius,DSLIndividualXtext,2018-05-18
mdsd-team-1,photos-xtext,2019-06-18
efuentesp,xtext-cobol,2020-12-04
torosky,Libreria-Xtext,2018-02-22
MaxiEckert,Xtext-example,2018-05-27
as500,xtext-rpgle,2019-06-24
JavierOramas,AudiXText,2020-11-28
xtext,xtext-monorepo,2023-03-06
vjordan,Xtext_browser,2019-03-20
Yop-La,xtext_project,2019-03-18
JesterOrNot,Gitpod-XText,2020-05-18
eclipse,xtext-archive,2023-03-06
Lethalaric,xtext-learning,2023-08-01
DSIE2,tr.xtext,2018-06-25
ShivaniBali,Theia-Xtext,2018-03-13
kthoms,xtext-webinar,2018-06-18
christopherosthues,mgpl-xtext,2018-04-18
zhanglin2018,learnXtext,2019-06-03
seebgar,Xtext-Projects,2020-02-27
Vallenstein,xtext_web,2020-10-09
AbQadirr,dialogXtextflow,2023-12-29
blue995,xtext-orm,2018-06-20
arockiaraj1994,xtext-mvn,2019-09-05
moein9,passXtext,2022-05-11
saivarunr,xtext-editor,2018-01-24
JesterOrNot,xtext-cli,2020-01-29
Somiacao,xtext-web,2019-12-19
katmatt,graphql-xtext,2020-11-02
LIONant-depot,xtexture_compiler,2021-09-30
tchebs,xtext-example,2018-10-04
ballcoach12,xtext_samples,2018-02-16
AssaX0,MDSE-xtext,2021-06-01
samples-projects,sample-xtext,2019-02-03
karthik137,xtext-demo,2020-05-13
MDE-Course-23-24,SIRIUS-XTEXT,2023-12-13
softlang,megal-xtext,2018-04-18
laurocesar,xtext-domainmodel,2021-05-14
Yahaya12,Xtext-project,2021-09-15
malhxr,SpeechXtext,2022-06-06
stanimirovv,xtext-extractor,2022-03-16
3m3k3,xtext-congen,2023-04-09
pen-zhang,xtext_elm_editor,2020-12-27
NSaitoNmiri,toppers_cfg_xtext,2019-05-24
tmtron,ex.xtext.twog,2018-01-27
vinicius0197,metacrysl,2020-05-27
Dexels,navascript-editor,2021-02-05
adrianrutle,PCS953-EMF-Exercise,2019-03-08
ravornyo,xspice,2022-03-13
yamen-njm,IotXtext,2019-01-09
kainzpat14,xtext-plsql,2022-02-23
epsilonlabs,emc-xtext,2022-01-13
robertovillarejo,kukulkan-grammar,2018-03-02
lvanzeun,ulm-xtext-test,2018-07-24
purerstamp,N7.compilateur,2018-09-07
jaedabee,xtext-gradle-test,2020-04-13
MassiBelaid,M-langeuse-Xtext,2020-11-29
qxe35v,xtext_encoding_dsl,2018-03-14
random-eclipse,nix-eclipse-xtext,2018-04-16
meta-doodle,Xtext_Gradle_Test,2020-02-19
LiamWalsh98,nusmv-xtext-lsp,2020-08-10
MaximilianKoestler,vscode-xtext-links,2020-11-03
AhmedEssam2212,xText-Editor-,2021-01-04
adrinerDP,DSL-with-Xtext,2023-03-22
cdietrich,xtext-domainmodel-ls,2023-02-10
tmtron,ex.xtext.ml,2018-02-26
andrewsandu,xtext-web-example,2018-07-27
pngowda,xtext-build-tools,2018-12-03
SharkJ,xtext-dsl-sample,2018-11-30
hammedb197,team-hacktive-xtext,2019-07-08
SimonCockx,xtext-monaco-example,2022-10-31
mister-walter,xtext-folding-issue,2023-10-23
alexvolh,xtext-xml-grammar,2018-10-04
SharkJ,my-theia-xtext,2018-11-21
urbanoanderson,xtext-gait-model,2019-02-20
vjordan,Xtext_directory-file,2019-03-20
JosBouwhuis,xText-DSL,2019-05-24
CS130-W20,assignment-2-xtext,2020-02-26
lunifera,xtext-jvmtypeprovider-standalone,2023-01-28
bobbyfisher1,eclipse-workspace,2018-05-02
dsl-course,xtext-entities-tutorial,2020-03-09
Highbrainer,xtext-pde-target,2024-01-30
mattsse,xtext-fipa-acl,2018-03-15
XIECHO,qingo_xtext_documentation,2019-12-13
FariSoftware,xtext-problem-matcher,2021-04-08
ShrawanBK,xtext.sales.transactions,2022-02-06
Lzgpom,xtext-gen-extension,2022-06-23
drkstr101,Domainmodel,2020-04-30
vinicius0197,expressions-dsl,2020-04-30
LorenzoBettini,xtext-xdoc-releases,2021-04-02
KarstenWilken,xTextForum,2018-11-19
S-wald,xtext-plugin-gradle,2022-11-12
lahirugayanga,xtext-example-dsl,2018-12-03
cdietrich,xtext-fragment-experiments,2021-09-29
cdietrich,xtext_bug_1974,2021-10-05
bergmanngabor,xtext-railmap-demo,2018-10-25
mchlrch,xtext-intro-bfh,2018-12-10
EvdokimovMaks,xtext-example-entities,2019-10-10
cipek,MyFirstXText,2019-06-13
pngowda,xtext-ci-libs,2019-02-08
paulvberlin,BaSiriusXtext,2019-02-19
szarnyasg,sql-pgq-xtext,2021-02-16
frademacher,xtext-jpms-test,2022-03-02
xtext,xtext-monorepo-lfs,2023-03-06
LorenzoBettini,xtext-build-utils,2020-01-27
cdietrich,xtext-two-dsls,2023-12-29
balazsgrill,xtext_bug508518,2018-07-24
Tim-S,xtext-valueconverter-example,2018-08-16
ayakurtam,xText-Editor,2021-01-05
HouseBuilder-MDE,HouseBuilder-Xtext,2021-07-15
xtext,xtext-orbit-replacement,2022-04-08
fedorov-vk,xtext-xcore-sample,2023-12-11
gustavotemple,mo631xtext,2019-11-26
Tim-S,xtext-mapbasedscope-example,2018-07-05
shakenetwork,xTextHandler,2020-03-08
GabrielBozza,ProjetoXtextPFC,2021-09-05
HexXText,HexXTextSMP,2022-05-03
snarkipus,xtext-dsl-book,2022-07-30
fedorov-vk,xtextxtend-book-examples,2023-04-24
ArneDeutsch,xtext-gradle-example,2018-08-07
oliver-reinhard,xtext-ppt-demo,2019-02-16
tpluscode,xtext-completion-nullpointer,2019-07-19
idiomaticsoft,sbt-xtext-plugin,2019-12-23
pen-zhang,online_elm_xtext,2021-01-25
raglu,ExternalDSL-xtext,2021-04-20
kulcsii,xtext-railmap-theia,2019-11-27
NiccoMlt,xtext-showdown-grammar,2020-04-28
NinjaArmy,xtext-language-server,2022-02-10
jnt0r,xtext-npe-reproducable,2023-06-11
HermanPeeren,eJSL-ANTLR4,2021-12-02
cs130-w21,statemachine,2021-02-05
csbc92,MDSE-assignment3,2020-04-27
ghillairet,org.example.mydsl.parent,2018-10-12
antoine-morvan,caph-java-parser,2019-04-18
abatti,XTEXT_FACPL3_PreserveVarious,2018-06-15
tfLabs,xtext-languageserver-example-duplicator,2020-12-23
LorenzoBettini,xtext-maven-plugin-example,2021-06-21
cdietrich,xtext-eclipse-issue-1009,2019-03-18
patrickneubauer,UoY-MODE-XTEXT,2018-10-08
cau-se,sprat-ecosystem-dsl-xtext,2019-07-19
cdietrich,theia-xtext-vscode-example,2020-09-14
cdietrich,j9-tycho-xtext,2018-01-09
loradd,xtext-lsp-ecore-support,2019-09-30
nnn911,LaTeXTextOverlay,2024-02-09
IbanezGio,VuC,2018-01-30
Samirez,DSLs,2023-07-10
ShahimEssaid,com.essaid.model.xtext,2023-11-13
gon10,EclipseRepoTese,2018-08-15
max-leuthaeuser,jmhmathexample,2018-10-10
tshoang,WhitespaceIDE,2023-10-26
seebgar,MISO4202-proyecto-xtext,2020-04-19
NiccoMlt,xtext-15-minutes-tutorial,2020-04-21
SharkJ,theia-xtext-extension-test,2018-11-19
jku-win-se,JsonBasedXtextGrammar,2021-04-23
altran-mde,xtext-sirius-integration.io,2018-10-16
cdietrich,xtext-core-issue-1835,2022-02-19
Zaki-Fadlan,xtext_getting_started_skilledup,2023-07-18
raptor494,Xtext-Minecraft-JSON-Languages,2020-04-11
rudi,xtext-emacs-lsp-demo,2021-05-01
fedorov-vk,apds_prototype,2023-04-26
test-editor,test-editor-xtext-gradle,2018-10-04
Ixgauth,perspectiveDSL-Sirus-Xtext,2021-03-16
keve98,SzakD_xtext_xtend,2021-05-03
silvergl,xtext-headless-rcp-example,2022-05-06
reinaqu,bpmnFromXtextDSL,2022-07-16
xtext,xtext-p2-orbit,2018-08-29
dsl-course,xtext-tutorial-turku-interim,2020-03-30
tfLabs,xtext-lsp-validation-anyway,2020-10-20
BalzGuenat,xtext-bug-minimal-example,2018-03-07
dmfullstack,org.xtext.example.mydsl,2019-07-12
SuelanyBrito,JFlex_CUP_XText_SQL,2020-11-18
cdietrich,xtext-languageserver-example-simple,2021-10-18
msntts,Xtext-Standalone-fat-jar,2022-01-16
oldulov,cfeditor,2018-01-25
LorenzoBettini,xtext-type-errors-examples,2018-06-29
claudenirmf,OntoUML-2.0-Xtext,2018-04-04
Mehmetcanss,example_xtext_language_server_vscode,2019-01-11
lidochca,xtext.skip.build.before.rename,2020-01-22
cdietrich,xtext-maven-plugin-coverage-example,2021-06-25
Kevin-Philip,TP_etudiant_Compilax,2019-05-29
elite-se,elite-se.xtext.languages.plantuml,2020-07-09
tshoang,BareBonesIDE,2023-10-26
tareklel,PDFtoText,2020-04-04
TVTower,TVTBlitzmaxEditor,2020-12-16
cdietrich,xtext-multi-dsl-manual-metamodel,2021-06-14
hallvard,xost,2020-03-04
davidmpaz,log-book,2023-03-05
oliver-reinhard,xtext-scoping-default-imports-demo,2019-05-23
tshoang,Simple-Barebone-XText-based-IDE,2020-10-23
MISO4202,uniandes.mdd.example.create-xtext,2019-02-15
NaoMod,XText-Language-Server-in-VSCode,2022-02-17
MISO4202,xtext-egl-sql2java,2019-02-15
cdietrich,simple-xtext-parallel-load-example,2021-06-07
bobbyfisher1,expressions,2018-05-16
lowcomote,DBML-to-ER,2022-11-17
tfLabs,xtext-n4js-lsp,2020-09-27
yishakabreham,mde.sales.transactions.xtext.4,2022-02-06
Rajesh2015,DSL-using-Xtext-and-Xtend,2018-03-30
cdietrich,xtext-lsp-tests-with-tycho,2021-11-25
CarlosAsrc,Reconhecedor-scheme,2019-03-29
oliver-reinhard,xtext-scoping-default-namespaces-demo,2019-02-16
TVTower,TVTDatabaseEditor,2021-04-07
casino-mdd,DSL,2019-06-18
cokeSchlumpf,bashdsl,2018-10-15
sumeetchhetri,faugjs-eclipse-plugin,2019-05-14
sderrien,Uclid-editor,2021-01-16
GlancingMind,xtext-lsp-missing-deleteFile-impl,2023-05-06
zmy3036190149,theia-xtext-pf-v1-backup,2019-10-23
MDSDLab,mdsd-2023-lab2-xtext-xtend,2023-09-22
abieren,MDSD-Xtext-Project-for-JavaFX,2020-01-18
SimonCockx,xtext-assertAllWhitespaceIsFormatted,2023-01-18
tombk556,SF_Factories_Beleg2324_Xtext_DSL,2024-01-10
DonatasC,CodeGeneration,2018-01-21
trichterwolke,init,2018-11-20
zs6jce,x400-xrpgle,2018-07-18
cyrilnavessamuel,TripManagment,2018-06-07
paullewallencom,xtext-xtend-978-1-7864-6496-5,2020-12-06
coalae,telemed,2018-06-04
vorburger,xtend-StackOverflowError-issue461,2018-06-01
JoaoMAlmeida,projetoCompiladores18-2,2018-10-18
Bisssen,math_assignment_3_math_compiler_xtext_and_xtend,2021-04-13
vks2106,domain.model,2022-01-17
metafacture,metafacture-flux,2020-11-13
mrtnstn,example-script-language,2018-04-19
Michel-Nassalang,eclipse_workspace,2023-09-08
varadbal,FunPL,2018-08-27
oliverablagojevic,QuestionnaireDSL,2020-07-16
EightPillars,NmtranEditor,2018-06-19
DSIE2,Implementing-observer-design-pattern-with-Xtext-and-Xtend,2018-06-27
George-6629,Lobster-language-conversion-sql-language-based-on-Xtext,2021-04-13
hvbargen,meth,2022-04-18
mischnic,bachelors-thesis,2022-03-16
cs130-w22,statemachine,2022-01-03
cesarlaso,tfm-udima-arquitectura-del-software-dsl-ecore-xtext-emf,2018-06-19
houssemradhouane,Meta-Modelisation-of-Games-Using-UML-Eclipse-Xtext-Acceleo-JAVA,2021-11-30
mdsd-team-1,domain-specific-language,2019-06-10
PalladioSimulator,Palladio-Editors-VSCode,2020-02-25
nils-christian,xtend-active-annotation-issue,2018-12-10
modicio,feature-dsl-tools,2023-05-12
HBuender,Aim42Visualizer,2019-05-16
scanyboss,ide-yourdsl,2018-10-20
spirvdev,dumpsymb,2022-07-15
thlaegler,edilang,2022-04-19
agonzalezgaliana,mydsl-language-server,2022-02-25
codezork,DSL-Blog,2019-10-26
LorenzoBettini,issue-2000-example,2022-11-15
trifonnt,net.adempiere.dsl.properties.spring.parent,2018-08-05
scanyboss,hello-world-language,2019-04-09
joerg-holtmann,Pretty-Printer_Language-Analysis,2021-11-25
coffeeframework,HLVL,2020-10-07
HermanPeeren,eJSL-MPS,2021-12-10
kukulkan-project,kukulkan-language-server,2018-07-10
mdsd-team-1,dsl-layered-style,2019-06-10
larissafiorini,t2-lingProg,2018-04-06
ragben,NetzDsl,2018-01-06
Cosimo5lli,assertx-swing,2018-05-03
gyaltso,Eclipse-Training-Schedules,2020-01-17
wzurborg,xtend-example,2020-04-07
kyberszittya,simple-ros-code-generator,2020-05-05
LinguaPhylo,linguaPhyloDSL,2021-03-19
dsanmartins,Entidades,2020-11-04
opcoach,datasample,2020-10-11
bujosa,smart-dsl,2023-07-01
robinguill,DSL_UML_INSA,2021-02-08
DedalArmy,SpringDSLJava,2018-10-24
LiamWalsh98,tumlrt-language-server,2020-01-30
jonev,HTTP-REST-test-DSL,2020-12-06
ElBilbao,DSL-Wizard-Creator,2020-08-31
ooaa30,Wail,2020-08-17
Wilson008,GrammarGenerator,2024-02-04
ScytherTool,dsl,2023-05-22
NaoMod,MiniTL,2023-02-15
ryangarvey,mde-spec,2021-02-12
bfMarcelino,SchemeLP,2019-03-29
henriklange,ifcBrickConvert,2018-04-25
osarenogae,fault_trees_textual_editor,2021-04-13
claudenirmf,TPTP-Editor,2019-03-08
augustin-rialan,IDM,2019-12-18
henriklange,ifcBrickConvertDsl,2018-04-25
PikaQin,XModel-Code-Converter,2020-06-16
helloyaqin,XModel-Code-Converter,2020-06-16
Garlo13,CEPStaticAnalysis,2018-07-05
Frederic-Boulanger-UPS,MiniARM-feature,2022-07-30
Jaddison011,C4EventB,2023-03-06
MDEGroup,metatemplating,2021-02-24
abdullah-4Mohammed,AWS-EC2-Service_DSL-EMF,2022-12-13
grammeaway,math-interpreter-dsl,2021-03-25
ahmedsaleh1998,concept_project,2021-01-04
Chaimaa-Louahabi,Model-Driven-Engineering,2021-03-04
fayssalElAnsari,Kotlin-Meta-Model,2023-03-09
MisbahAwan,SeamlessRuntimeTransformations,2022-05-17
ProjetoDSL,CanopusDesign,2019-04-05
Ryuzaki101,Workbench,2023-04-22
eclipse,xtext,2011-04-01
eclipse,xtext-core,2016-05-31
eclipse,xtext-xtend,2016-05-31
eclipse,xtext-eclipse,2016-05-31
eclipse,xtext-extras,2016-05-31
eclipse,xtext-web,2016-05-31
xtext,seven-languages-xtext,2012-06-12
eclipse,xtext-maven,2016-05-31
eclipse,xtext-lib,2016-05-31
xtext,maven-xtext-example,2013-11-22
seebk,LaTeXText,2017-10-23
cdietrich,xtext-languageserver-example,2016-06-29
eclipse,xtext-idea,2016-05-31
adamschmideg,coffeescript-eclipse,2011-11-02
RvonMassow,xDoc,2010-08-25
xtext,xtext-gradle-plugin,2014-03-05
LorenzoBettini,packtpub-xtext-book-2nd-examples,2016-06-17
PrinceMei,xTextHandler,2016-06-19
LorenzoBettini,packtpub-xtext-book-examples,2013-08-01
theia-ide,theia-xtext,2017-05-08
svenefftinge,xtext-lsp-workshop,2017-06-12
ObeoNetwork,Xtext-Sirius-integration,2011-07-07
dslmeinte,Xtext2-DSLs,2011-07-20
merks,Xcore,2011-08-02
ssi-schaefer,lcdsl,2017-02-01
eclipse,xtext-umbrella,2016-11-18
danieldietrich,xtext-protected-regions,2011-09-23
xtext,xtend-gradle-plugin,2014-02-25
aphethean,xtext-maven-examples,2012-10-02
ckulla,xtext-tycho-example,2012-01-22
vorburger,xtext-sandbox,2012-06-11
basilfx,xtext-standalone-maven-build,2017-05-22
JakeGinnivan,XText,2012-08-04
OLibutzki,xtext.tools,2013-11-22
Xpitfire,xtext-dnn,2016-12-03
LorenzoBettini,Xtext2-experiments,2011-11-21
eclipse,xsemantics,2013-10-22
xtext,xtext-reference-projects,2017-12-14
mzaks,FlatBuffersSchemaEditor,2015-12-03
vorburger,eLang,2011-08-07
fuinorg,emt-xtext-archetype,2013-10-04
eclipse-soc,amalgamation-examples-xtext,2011-08-14
kthoms,xtext-experimental,2011-12-08
dsldevkit,dsl-devkit,2016-09-14
itemis,generator-xtext,2017-04-05
att,yang-design-studio,2015-10-28
martinbaker,xtextadd,2014-11-16
LorenzoBettini,edelta,2017-07-14
sebastianbenz,xgherkin,2011-07-07
vladdu,xtext.unittesting,2015-04-17
slizaa,slizaa-opencypher-xtext,2016-10-04
xpomul,cdo-xtext,2014-01-23
mark-christiaens,Xtext-Models-Stats-View,2011-05-27
TypeFox,xtext-jflex,2016-05-09
vorburger,eclipse-typescript-xtext,2013-11-15
patrickneubauer,XMLText,2015-06-25
xtext,org.xtext.antlr.generator,2010-08-26
boalang,xtext-ide,2015-10-29
nittka,terminology,2013-02-22
veraPDF,veraPDF-model-syntax,2015-05-05
TypeFox,languageserver-example,2016-06-13
Hellmy,plantuml-eclipse-xtext,2015-07-20
stephanrauh,JSFLibraryGenerator,2015-06-05
loonwerks,jkind-xtext,2013-09-04
TatyPerson,Xtext2Sonar,2016-04-04
TypeFox,xtext-vscode,2016-05-04
svenefftinge,Xtext-Workshop-Development-Workspace,2011-07-04
cdietrich,xtext-uml-example,2015-06-09
cdietrich,xtext-maven-example,2013-12-30
marklemay,tptpParser,2013-11-24
borgar,xtexts,2017-09-23
uqbar-project,xtext-tortuga-lang,2015-06-06
dslmeinte,Xtext1-DSLs,2011-03-31
applause,applause,2011-03-16
LorenzoBettini,ecefrance2015-xtext-example,2015-06-25
jcmm33,DirectXTextBlock,2015-02-11
dhuebner,xtext-apidiff,2015-07-21
appdev,XTextView,2015-09-15
oehme,xtext-maven-example,2014-08-07
SMadani,ThriftMDE,2016-08-23
xtext,xtext-external-editors,2015-12-16
itemis,xtext-generator-vscode,2016-07-21
soluvas,ecommerce-sample,2011-11-01
tianguanghui,xTextHandler-objc,2016-09-19
meysholdt,xtext_stateful_lexer,2012-06-04
holgerschill,XtextCon_Xcore_Maven,2015-05-12
scottopell,vim-xtext,2015-12-07
itemis,xtext-debug-example-no-xbase,2017-11-23
TypeFox,Xtext-XMI,2017-07-06
joergreichert,XtextPlayground,2012-04-30
wuwen1030,XTExtension,2016-06-23
fuinorg,org.fuin.dsl.cqrs,2014-04-18
JanKoehnlein,EclipseCon2013_XtextTutorial,2013-03-19
avaranovich,megal-xtext,2014-06-07
fuinorg,org.fuin.dsl.ddd,2014-03-28
arturboronat,xtext.domainmodel,2016-09-23
otrosien,xtext-perl,2016-05-26
cmendible,Hexa.xText,2011-07-18
SciSpike,yaktor-dsl-xtext,2016-05-27
andrearn,org.fornax.soa.xtextservicerepository,2011-03-04
ujhelyiz,xtext-reflective,2012-02-15
szarnekow,xtextcon-xbase-example,2014-05-21
bsi-software,org.eclipse.scout.xtext,2012-09-24
cdietrich,xtext-languageserver-xbase-example,2016-08-11
test-editor,deprecated-test-editor-xtext,2015-05-06
awk-kazmin,eclipse_1C_xtext,2015-04-15
svenefftinge,fowlers-statemachine-with-expressions,2012-05-07
copton,XTextExamples,2010-07-09
GeekBugs,XTextView,2017-09-24
akosyakov,org.xtext.example.mydsl.idea,2014-07-14
vaulttec,isis-script,2015-07-05
HBehrens,Xtext2Workshop,2011-07-11
GrupoHunter,Kukuroo,2013-11-30
itemis,xtext-languageserver-example-lsp4e,2016-12-07
fatalerrortan,Xtext_Xtend_HTML_Generator,2017-04-20
spoenemann,xtext-gef,2015-03-27
Minres,RDL-Editor,2017-09-12
svenefftinge,Guice-Modules-DSL,2011-03-29
LorenzoBettini,jbase,2015-12-02
mn-mikke,Model-driven-Pretty-Printer-for-Xtext-Framework,2013-02-26
hishidama,xtext-dmdl-editor,2013-08-19
cmark,androtext,2011-11-19
svenefftinge,homeautomation-example,2014-09-24
SOM-Research,graphQL-xtext-grammar,2017-03-22
janesser,frege-xtext,2016-05-22
szarnekow,org.eclipse.e4.xcss,2010-10-22
LorenzoBettini,xtext-scoping,2012-05-29
JanKoehnlein,ESE-2010-Tutorial,2010-10-20
spoenemann,xtext-orion,2015-06-24
Modaptix,xtext-expressions,2015-09-03
nittka,Jtag,2017-03-05
erlide,erlide_xtext,2012-02-27
cdietrich,xtext-forum-support-example,2016-11-16
ESIR2Compilation,Langage-WHILE,2015-11-09
jhonatan89,gen-angular-grammar,2017-08-11
Sofiane-13,tutorialXtextSirius,2017-05-18
eclipse-soc,amalgamation-examples,2011-05-13
dvdkruk,xtext-xsd-resourceprovider,2015-11-17
marnix,metamath-eclipse-xtext,2015-09-26
JanKoehnlein,Xtext-Syntax-View,2010-08-29
planger,xtext-uml-experiment,2016-09-27
rquinio,ck2xtext,2016-01-20
mzaks,petrinet_dsl,2011-07-17
drnappalm,xtext,2014-04-17
svenefftinge,Xtext-Workshop-Runtime-Workspace,2011-07-04
martijndwars,XtextXT,2015-08-27
nahni,xtextTessla,2017-09-06
baidty,xtextLearning,2016-04-11
MoayadHn,XtextBDI,2015-11-08
fzalila,XtextExperiments,2015-12-07
Girish-Venkatesh,XTextSelenium,2014-11-16
Vinayakatk,xtextScopes,2016-06-10
01Lizard10,XTextUML,2016-06-12
Salome-Maro,XtextUtils,2014-07-07
fanghuixing,XtextApricot,2013-10-06
mraminella,xtextTests,2017-11-08
Alma2015RSABSAWA,XtextLangage,2015-11-25
myorb,XTextParser,2015-08-06
Jhinnn,XTextView,2017-03-14
kathisai,xtextSample,2017-07-24
huibo-shi,XtextExamples,2016-02-05
osamu-k,XTextStudy,2014-02-09
Treehopper,XTextTemplate,2014-07-11
seba111,Xtext1,2013-03-18
shinesamjacob,XtextExample,2016-06-02
ajperalt,xtext,2013-11-15
schakko,xtext-plugin-with-maven-tycho,2013-02-13
colameo,xtext4roo,2015-10-24
vinpereira,XtextToXMI,2016-06-21
JanKoehnlein,XtextCon2014,2014-08-26
bink81,xtext-test,2016-02-24
xtext42,xtext42-coding,2017-03-25
borisbrodski,XtextBug437519,2014-11-13
hypery2k,xText,2011-12-15
borisbrodski,XtextBug453268,2014-11-26
arnulfo-rodriguez,XtextClosureExample,2012-02-21
superxlx,XTextViewDemo,2015-05-10
johnBened,XtextMyDSLExample,2016-09-08
philiber92,XtextTestRepository,2015-09-20
fabienfleureau,XtextAtStackoverflow,2014-07-30
yunxiaocloud,XTextFieldLimtDemo,2016-05-19
eclipse,xtext-gradle,2016-05-31
Mensmec,THESIS_XTEXT,2016-11-14
MacJariel,sandbox-dsl,2011-03-25
chetanladdha,XtextFormatingHoverSample,2017-03-28
ainslec,XTextCustomLexerExample,2013-04-14
hem28,DSL_Xtext2.3,2012-09-04
HBuender,XtextAndSiriusIntegration,2017-10-07
meysholdt,EclipseCon2014_XtextTutorial,2014-10-09
jaimedelgado,Xtext,2015-03-25
chris125964,xtext,2014-10-16
DonRenando,xtext,2015-11-12
martijndwars,Xtext,2015-04-27
ozkandemir,XText,2014-01-12
johnahfong,xtext,2015-10-26
Mensmec,Xtext,2016-11-14
pellcorp,xtext,2016-02-02
Tutti91,Xtext,2015-06-11
ANCIT,xtext-examples,2017-07-14
DECENTSoftwareAssessment,dag.m1x,2015-06-03
rmemory,xtext,2017-03-30
deb-sandeep,com.sandy.xtext.jovenotes.tests,2015-06-03
yasuohosotani,Xtext,2014-04-05
Nika24,Xtext,2017-05-11
BenediktNiehues,de.nie.fin,2012-10-26
AlexElvers,XText,2014-05-12
lakzso,xtext,2016-02-23
seba111,Xtext,2013-04-20
MacJariel,xtext,2011-03-12
tmtron,xtext.15minTutorial,2016-12-13
blewis13,Boxes,2016-01-01
DECENTSoftwareAssessment,famix.m3x,2015-06-03
dslmeinte,SimScript,2012-10-21
webdaford,aqleditor,2015-03-09
goldschmiede,2012-02-03_dsls_mit_xtext,2013-01-21
kthoms,org.eclipse.xtext.example.domainmodel,2011-07-08
Reitzner,xtextmaven,2016-03-03
hectorsun,xtextonboost,2016-05-16
duck2,xtextbg,2016-11-16
HolyCityAudio,SpinCAD-Builder,2015-01-20
ceefour,glproto,2011-09-23
DECENTSoftwareAssessment,dag.m1x.tests,2015-06-03
gvd,xtext-sm,2012-03-04
davidmpaz,php.ware.web.ui,2011-04-29
DanielWeber,xtextext,2010-10-04
fzalila,xtextfsm,2017-05-25
DECENTSoftwareAssessment,dag.m1x.sdk,2015-06-03
jgoppert,xmodelica,2016-05-11
Vinayakatk,xtextgeneratetest,2016-02-18
deb-sandeep,com.sandy.xtext.jovenotes,2015-05-14
DECENTSoftwareAssessment,dag.m1x.ui,2015-06-03
viatra,viatra-evm-xtext,2015-12-08
protossoftware,ReqText,2016-06-24
meysholdt,e4dsl,2010-07-02
benzait27,Xtext.Promo,2016-11-08
malakeel,myDsl,2016-06-05
npalix,org.eclipse.xtext.example.arithmetics,2016-12-08
sormgabriel,textual_verduler,2015-10-31
ekowahyudi,examplextext,2012-11-07
DECENTSoftwareAssessment,famix.m3x.ui,2015-06-03
nakul02,sialx-xtext-ide,2014-06-19
kduske-n4,DomainModel,2016-09-12
Infoly,SmallJava,2017-01-22
inakuhn,de.htwg.mdse.setgame.entities.parent,2017-06-10
mlanoe,x-vhdl,2014-12-29
DECENTSoftwareAssessment,famix.m3x.tests,2015-06-03
nkonev,CalcXtext,2013-09-29
meysholdt,xtext_examples,2014-05-14
manuelleduc,xtext-lib,2017-12-20
xarvey,atom-xtext-package,2015-10-03
LolloCorte,bpel-xtext,2016-03-09
sciolizer,xtext-sandbox,2016-02-09
denschu,xtext-whitespace,2012-03-01
pablitar,claseXtext,2012-11-03
DECENTSoftwareAssessment,famix.m3x.sdk,2015-06-03
tdegueul,xtext-composition,2014-07-03
danieldietrich,xtext-javatools,2013-01-16
akademia,ontouml-xtext,2011-03-01
efuentesp,codebuilder-xtext,2016-07-09
zrrk,xtext-utils,2015-06-08
juli1,xtext-debug,2015-05-22
nbhusare,Xtext-sandbox,2014-07-11
jachinte,xtext-grammars,2016-02-19
susieagerholm,XTEXT_EXAMPLE,2017-04-29
itemis,monaco-xtext,2017-01-26
xiaoyvr,xtext-demo,2013-03-23
hmc-cs111-fall2015,picobot-XText,2015-11-18
yanntm,Xtext-Light,2017-05-20
quendimax,libXtextcursorchanger,2012-03-02
Ikraminfo,GrammaireXtext,2017-04-21
nickeeyyoo,xtext_project,2016-03-16
marinamygithub,xtext_project,2016-05-02
lukashaertel,xtext-xgen,2014-05-20
fmca,xtext-typesystem,2015-05-30
almazhou,xtext-demo,2014-07-21
Huluvu424242,xtext.example,2016-04-29
kiddochan,xtext-typesystem,2016-02-13
mmalohlava,ppXtext,2012-07-18
ponta027,xtext_practice,2015-05-12
bhdrkn,Xtext-Examples,2011-10-20
fatalerrortan,Xtext-examples,2017-04-27
gcr-nist,runtime-Xtext,2016-08-16
fBrx,language-xtext,2014-12-05
ilya-klyuchnikov,sll-xtext,2014-01-26
vonbolt,Xtext_test,2015-06-03
rytina,xtext-typesystem,2015-08-27
philiber92,xtext-utils,2015-09-09
thomasfischl,xtext-workshop,2013-10-24
jbadeau,ng-xtext,2016-10-12
OliverScherf,MGPL-Xtext,2017-12-20
szarnyasg,gradle-xtext,2016-10-30
malbac,Xtend_Xtext,2015-04-26
gitpan,Convert-XText,2014-10-24
rmemory,xtext_eclipse,2017-03-30
lukashaertel,xtext-technocat,2014-06-05
lukashaertel,xtext-xtestgen,2014-07-12
zhangyuanqiao,selenium-xtext,2016-05-20
cooked,modelica-xtext,2016-02-16
pablitar,firewall-xtext,2013-06-26
hamza-abed,JSEditorXtext,2014-02-19
Virtlink,paplj-xtext,2017-02-20
kwanggy,xtext-sublime,2015-12-09
thicket-lang,thicket-xtext,2015-10-06
agentlab,xtext-web,2016-07-08
test-editor,xtext-dropwizard,2017-06-30
kecskesk,xtext-menetrend,2017-09-30
ftrifin,xtext-utils,2015-07-17
scottopell,xtext_utils,2015-11-19
lukashaertel,xtext-fsml,2013-11-28
sahrmann,xtext-json,2017-08-08
Modaptix,xtext-utils,2015-09-03
itemis,xtext-issues,2016-09-09
holzem,xtext-lexertrace,2017-11-20
victorlacorte,Tcc,2013-06-14
limelanguage,lime-xtext,2014-06-18
edgarmueller,xtext-recordmapper,2013-09-27
santoshdeshpande,wwf-xtext,2011-07-19
MatzeGIT,XText-maven,2013-04-30
tkurita,XText.scptd,2012-05-28
t-buss,mgpl_xtext,2017-01-18
dvdkruk,xtext-workshop,2017-02-14
npalix,org.xtext.example.mde,2016-12-08
logicfish,XActiv,2013-10-11
kittaakos,webcalc,2016-10-13
evandor,skysail-prototypr-dsl,2016-09-15
iensen,certware-l-editor,2016-03-06
vladimirkozhaev,casualintellect_new_wizard,2016-01-09
TinyScream,org.xtext.amodel,2017-07-27
M2TIIL2016-2017,SiteWeb_XText,2016-12-13
schakko,hackcamp-xtext-automotivebus,2014-06-15
sfinnie,xtext.scoping.adventures,2014-11-30
jpaw,bonaparte-apidsl,2015-04-01
rainerschuster,yacc-ide,2016-08-24
schakko,xtext-bug-436688,2014-09-12
dhuebner,xtext-builddsl-tycho,2014-06-18
matejsp,lwc13-xtext,2015-07-02
ftrifin,xtext-utils.uml,2015-07-17
mbarbero,xtext-forms-integration,2015-05-29
FForw4rd,xtext-restriction-framework,2015-09-28
zrrk,xtext-utils.devenv,2015-06-08
ftrifin,xtext-utils.xtend,2015-07-17
svenefftinge,xtext-jaxcon-example,2014-05-13
LorenzoBettini,xtext-demo-laquila,2016-05-17
jakecobb,xtext-iris-datalog,2014-07-08
Huluvu424242,rezept-dsl.xtext,2016-04-30
philiber92,xtext-utils.unittesting,2015-09-09
philiber92,xtext-utils.distribution,2015-09-09
phaldan,htwg-cform-xtext,2017-07-31
itemis,xtext-example-conplan,2017-08-31
LorenzoBettini,Xtext-Buckminster-Example,2012-11-11
LorenzoBettini,xtextcon-typesystem-example,2014-05-27
dhuebner,org.xtext.example.tycho,2011-08-31
agentlab,eclipse-orbit_xtext-web,2016-07-26
Tutti91,xtext_language_bla,2015-06-25
LeonoraG,xtext-req-editor,2016-01-18
xarvey,atom-xtext-autocomplete,2015-11-19
franzbecker,xtext-formatter-problem,2016-11-01
ftrifin,xtext-utils.distribution,2015-07-17
Fritzi,XText_TeSSLa,2017-08-25
madasar,booster2-xtext,2017-03-06
TypeFox,xtext-splitted-repo,2016-06-12
zrrk,xtext-utils.uml,2015-06-08
zrrk,xtext-utils.xtend,2015-06-08
ftrifin,xtext-forms-integration,2015-07-17
JanKoehnlein,fxdiagram-xtext-examples,2017-09-06
ubx,openair,2011-03-21
rju,xtext-typing-example,2015-05-09
philiber92,xtext-utils.xtend,2015-09-09
Advanced-Model-Engineering-SS16,xtext-ocl-extensions,2016-06-03
zrrk,xtext-utils.distribution,2015-06-08
Johanvdberg,mcrl2.xtext,2017-01-26
kryptonite22,rsbac.xtext.dsl,2017-08-01
tkleszczynski,jug-zgora-xtext,2015-11-27
philiber92,xtext-utils.devenv,2015-09-09
jeffmaury,devoxx2012-xtext,2012-04-17
YonedaMasashi,xText_Practice,2015-03-31
jackqq,xTextEdit,2016-05-17
ftrifin,xtext-utils.unittesting,2015-07-17
lgcardeas,xtext-forms-integration,2015-04-25
vrichard12,xtext-forms-integration,2016-02-24
itemis,xtext-monaco-example,2017-09-21
pabu90,xtext-ci-test,2017-03-01
EricssonPlant,plantuml-xtext-light,2015-06-11
zrrk,xtext-utils.unittesting,2015-06-08
LorenzoBettini,xtext-index-experiments,2013-04-07
ftrifin,xtext-utils.devenv,2015-07-17
inteldict,xtext-gradle-demo,2016-09-20
cdietrich,xtext-multi-dsl,2017-07-17
hachreak,dmss.pouex.xtext,2014-05-01
lunifera,lunifera-xtext-runtimebuilder,2014-06-13
sikessle,xtext-forms-integration,2015-06-03
priya0311,xtext-forms-integration,2015-08-24
philiber92,xtext-utils.uml,2015-09-09
talalong,dbFactoryXtext,2017-12-18
stackoverflowmailer,lwc13-xtext,2015-05-04
willy2706,if4150-xtext,2015-11-27
wwu-pi,acse-xtext-validation,2016-05-28
ProgrammableDrones,xTextLanguage,2017-03-03
stefano-bragaglia,Kinect-ECE-XText,2013-09-27
wwu-pi,acse-xtext-gui,2016-05-01
peterssas,xtext-gradle-problem,2017-06-27
zhoumin03,xtext-forms-integration,2015-10-13
gcubar,CodeXcessXtext,2012-06-29
cdietrich,xtext-ecore-xcore,2017-07-20
ayoubziat,xtext_DSL_example,2017-08-31
xiaoyvr,xtext-demo-oxygen,2017-12-11
test-editor,deprecated-xtext-index-backend,2017-10-25
kuniss,Aqua,2014-12-25
npalix,org.eclipse.xtext.example.fowlerdsl,2016-12-08
dslmeinte,xtext-workshop-code1,2015-03-14
chauhansaurabhb,Eclipse-Xtext-Mydsl-Plugin,2016-12-02
oyse,jetson,2010-11-05
zwgirl,summer,2014-04-21
rymarenkosuccess,Coffeescript-Eclipse,2015-06-27
felipedf,compiler,2016-01-27
logicfish,XPlane,2013-10-11
LorenzoBettini,Xtext-Xtend-Buckminster-Example,2013-09-21
vorburger,eclipse-typescript-xtext-repository,2013-12-29
pankeshpatel,EclipsePluginForXtext,2015-11-17
Hellmy,plantuml-eclipse-xtext_update,2015-12-21
xpomul,xtext-multi-edit-example,2017-02-14
tmtron,xtext.eclipse.15minExtended,2016-12-16
deb-sandeep,com.sandy.xtext.jovenotes.ui,2015-05-14
ftrifin,xtext-utils.xtend1,2015-07-17
szarnekow,xtext-arithmetics-web-example,2015-11-19
wwu-pi,acse-xtext-knuth-binaries,2016-05-01
jwachter,xtext-serializer-issue-example,2017-08-14
DemidovAlexander,Xtext_MiniJava_IDE,2016-02-04
camilagarcia113,xtext-dsl-obj3,2016-07-27
cdietrich,gradle-xtext-xtend-problem,2016-08-31
uqbar-paco,firewall-dsls-externos-xtext,2013-11-22
svenefftinge,Xtext-LWC-contribution--Instances-,2011-04-21
rainerschuster,eclipse-webidl,2014-12-14
willy2706,if4150-xtext-html,2015-11-28
phaldan,htwg-cform-xtext-demo,2017-08-08
hypery2k,Xtext-GrammarMixin-Example,2011-12-14
philiber92,xtext-utils.subproject-template,2015-09-09
zrrk,xtext-utils.subproject-template,2015-06-08
thowin,ituXtextLandinConfigurator,2016-12-04
philiber92,xtext-utils.xtend1,2015-09-09
claudenirmf,old-tests-on-xtext,2016-10-25
zouhairireda,xtext-ocl-xtend-poc,2016-09-11
franzbecker,xtext-serializer-parallel-problem,2016-12-14
lunifera,lunifera-xtext-runtimebuilder-example,2014-07-07
ftrifin,xtext-utils.subproject-template,2015-07-17
fluxtah,xtext-android-gradle-example,2015-03-31
hypery2k,Xtext-Maven-BuildExample,2012-10-08
kittaakos,xtext-eclipse-gh-238,2017-04-21
MatzeGIT,XText-Maven-CleanStart,2013-05-06
Rodolfocostapr,org.xtext.example.pascalito,2017-07-06
deb-sandeep,JoveNotesProcessor,2015-05-16
zrrk,xtext-utils.xtend1,2015-06-08
tanthingdeveloper3unshine,AutoCompleteXTextView,2015-06-04
loradd,uml-xtext-grammar-generator,2017-04-03
RobertWalter83,DialogScriptDSL,2013-09-15
vicegd,org.xtext.dsl.restaurante,2017-10-20
paulluap,xtext-extras-issue216,2017-12-21
dhakehurst,net.akehurst.example.xtext.vertx,2016-09-15
alvilgau,de.htwg.xtext.setGame,2016-06-24
nittka,Xarchive,2016-11-06
rdurelli,com.br.refactoring.xtext.dsl,2014-04-29
tmtron,xtext.15minTutorial.project,2016-12-13
agentlab,eclipse-orbit_xtext-web-dsls,2016-10-07
threadedblue,org.eclipse.xtext.example.domainmodel,2016-08-16
cdietrich,xtext-existing-metamodel-gradle-example,2016-10-01
wrungel,tycho.xtext.mwe2.test,2014-01-27
Scholvac,EclipseTaskJuggler,2015-08-03
ftmdida,xtext_code_gen_version_2,2015-11-27
alexwatts,xtext-j2ee-dsl,2015-03-23
cdietrich,xtext-gradle-plugin-issue-60,2016-08-03
thowin,ituXtextLandin2Configurator,2016-12-06
jkouwer,basicfamily,2014-03-24
goldschmiede,2011-02-18_xtext_apache_wicket,2013-01-21
nileshrege,El,2013-03-15
deparlak,de.htwg.mdsd.xtext.portals,2015-05-19
shashwatanand,org.shashwat.xtext.smallJava,2015-08-01
mmalohlava,gpp-for-xtext-master-thesis,2015-03-14
dexz92,Integrating-Xtext-and-JavaRAG,2016-07-13
Rodolfocostapr,org.xtext.example.pascalitoOld,2017-07-05
KasperGam,IGESImport,2016-06-22
fuinorg,xsample,2013-09-29
florianpirchner,beantypes,2016-07-30
cdietrich,xtext-gradle-plugin-issue-61,2016-08-03
rdurelli,com.br.refactoring.xtext.dsl.ui,2014-04-29
threadedblue,org.eclipse.xtext.example.domainmodel.tests,2016-08-16
rdurelli,com.br.refactoring.xtext.dsl.tests,2014-04-29
shashwatanand,org.shashwat.xtext.smallJava.ui,2015-08-01
tmtron,xtext.eclipse.15minExtended.project,2016-12-16
chqu1012,MetroUiDescriper,2015-06-13
rainerschuster,sygus-ide,2016-08-20
jacruzca,xtext-multilanguage-multiple-target-impl-reuse,2013-10-18
qscdfg,mybash,2016-05-20
eirikg,XbaseSiriusIntegration,2016-07-10
nohum,android-code-generation,2015-01-01
gvd,zest-sm,2012-03-04
uqbar-paco,declaratividad-orm-java,2013-10-24
shashwatanand,org.shashwat.xtext.smallJava.tests,2015-08-01
dhakehurst,net.akehurst.example.xtext.vertx.lsp,2016-09-21
vztpv,ClauTextWithEclipse,2017-11-24
goldschmiede,2011-04-29_xtext_service_repository,2013-01-21
markusvoelter,DSLEngBook-Xtext-P3Demo,2011-05-29
ESIR2Compilation,PrettyPrinter,2015-11-09
bmael,MVCLang,2013-11-13
zhou-jg,tefler,2015-06-23
bogdanvuk,xvhdl,2015-08-04
marcotinacci,XTuring,2012-11-06
threadedblue,org.eclipse.xtext.example.domainmodel.ui,2016-08-16
joergreichert,OperationsResearch,2013-06-02
tommyettinger,julepp,2016-07-26
masters-info-nantes,SmokingText,2015-11-04
daniel-laszlo,temalabor,2016-12-07
Communote,communote-restws,2016-06-27
vorburger,FormGeneratorPOC,2015-01-09
nittka,pocesl,2013-01-22
logicfish,POMText,2013-02-25
cdietrich,https---github.com-meysholdt-xtext_stateful_lexer,2013-01-18
bogdanvuk,xrst,2015-07-19
meysholdt,performance_probes,2013-04-26
agentlab,PowerLoomDSL,2017-01-23
rainerschuster,jdl-ide,2016-08-07
JoostvanPinxten,SDF3-editor,2015-02-24
ceefour,emf-sandbox,2012-06-18
Mehdi23,FlexoModelingLanguage,2013-07-20
atanaka,experimental-rmodp-dsl,2012-05-13
leolimasa,reqlang,2014-07-14
smba,model-based-times,2015-12-03
DavidFosterLuhmann,high-dim,2013-02-17
test-editor,deprecated-test-editor-index-backend,2017-11-14
sidz8690,EasyUnit,2011-12-27
lsotnk,lsotnk.xbase.launching,2017-12-22
Tim-S,ReqLNG,2017-05-02
helunwencser,PAOC,2014-12-24
nakul02,sysml.dml,2015-12-18
rainerschuster,tlsf-ide,2016-08-21
rainerschuster,asdl-ide,2017-05-03
N0P0x90,EclipseExamples,2016-01-21
martinmuellenberg,cityplanning,2012-11-27
newdigate,soa-dsl-scaffolding,2015-03-11
evansnicholas,yaxpath,2014-03-09
nittka,ASP,2013-04-28
josros,boby,2016-10-17
danhaywood,kemble,2013-09-09
schakko,bsc-thesis-documentation,2013-03-04
szarnekow,mongoBeans,2012-06-06
timeraider4u,external_jar_download,2016-11-20
Buggaboo,xplatform,2014-03-31
jonathankoehn,entitygenerator,2016-12-22
marcusphi,polopoly-dsl,2012-04-28
alexisfacques,dsl-feature-modelling,2017-12-15
sbrocard,statemachine-generator,2015-03-02
JPL-IMCE,gov.nasa.jpl.imce.oml.core,2017-02-20
PuneetPatwari,system-map-maker,2014-09-17
atanaka,DomainmodelWithCrossReference,2017-05-06
cedricvidal,protobuf4e,2016-10-16
rowlo,testdsl,2016-08-01
joergreichert,Cool,2014-04-27
WesleyMarques,CompiladorJava,2015-06-07
tommyettinger,kobold,2016-06-23
stolorz,RankPL-EclipsePlugin,2017-03-31
UnibgInfo3A,ebnfworkbench,2016-11-18
sergiowebo,RaspduinoDSL,2014-05-11
Remypoc,CmooSimpleJ,2016-12-05
majordomo,majordomo,2013-02-08
ryanignatius,CheckerDSL,2015-04-21
raynair,webml,2015-02-05
arbennett,ParserGeneratorExample,2016-02-03
OElabed,Model-Driven-Engineering--Eclipse-RCP-plugin--Software-product-line,2014-12-16
renaudhelias,MameVHDL,2015-08-11
cwiscount,mydsl-emf-gen,2017-11-07
rmuecke,clinicaltrialcreator,2010-02-15
mythicfreak,aomxsgrammar,2014-08-03
diverse-project,melange-studio,2016-04-12
marcotinacci,Event-Oriented-Language,2011-07-25
ksza,Bicycle-Shop,2013-08-03
marcotinacci,SwarmRobotics,2012-04-14
Padmar1995,gh,2017-10-24
