owner,repo,created_date,repo_type
waynepiekarski,XTextureExtractor,2018-02-11,original
TypeFox,theia-xtext-sprotty-example,2018-12-12,original
altran-mde,xtext-sirius-integration,2018-10-08,original
NielsLiisberg,RPG-lexer,2019-12-03,original
TypeFox,vscode-xtext-sprotty-example,2020-10-07,original
eclipse,xtext-website,2023-03-06,original
UnBCIC-TP2,Oberon-IDE,2021-05-19,original
PacktPublishing,Implementing-Domain-Specific-Languages-with-Xtext-and-Xtend,2019-05-10,original
resloved,xtext,2019-03-28,original
lurenzhangdeshuai,EmojiText-XText,2022-01-02,original
kuniss,xtext-ide-extensions,2019-02-23,original
Mabar16,xtextMath,2020-03-22,original
MISO4202,co.edu.uniandes.gramaticajmeter,2019-03-29,original
preesm,ripacola-xtext,2019-04-29,original
GiordanoT,ocl-xtext,2022-11-30,original
TypeFox,xtext2langium,2022-10-27,original
pen-zhang,xtext_elm_editor,2020-12-27,original
ravornyo,xspice,2022-03-13,original
OpenSextant,XText,2018-05-15,original
laubfall,jugh-xtext-arkanoid,2018-04-05,original
khabdrick,LambdaXtextract,2022-03-11,original
bsati,mgpl-xtext,2021-02-01,original
urbanoanderson,xtext-gait-model,2019-02-20,original
TopXDevTeam,TopXTextUI,2023-11-14,original
ngreve,xtext_web,2020-03-04,original
nmaoez,composer-language-server,ERROR,ERROR
FAMILIAR-project,xtext-dsl-compiler-example,2020-11-03,original
HermanPeeren,eJSL-ANTLR4,2021-12-02,original
program-in-chinese,xtext_tutorial_15_min_zh,2018-01-19,original
cau-se,sprat-ecosystem-dsl-xtext,2019-07-19,original
raptor494,Xtext-Minecraft-JSON-Languages,2020-04-11,original
SuelanyBrito,JFlex_CUP_XText_SQL,2020-11-18,original
idiomaticsoft,xtext-tips,2022-03-17,original
tshoang,Simple-Barebone-XText-based-IDE,2020-10-23,original
MISO4202,xtext-egl-sql2java,2019-02-15,original
oliverablagojevic,QuestionnaireDSL,2020-07-16,original
hvbargen,meth,2022-04-18,original
zxhr,gradle-xtext-generator,2020-05-31,original
tmtron,ex.xtext.lsp,2018-01-19,original
echebbi,standalone-xtext-example,2018-02-06,original
darvasd,xtext-docs-gen,2018-03-31,original
cesarlaso,tfm-udima-arquitectura-del-software-dsl-ecore-xtext-emf,2018-06-19,original
ElBilbao,DSL-Wizard-Creator,2020-08-31,original
Zannith,XtextTest,2018-06-15,original
AnnaLenaMeiners,XtextExamples,2021-01-02,original
Kerolos77,XTextEditor,2021-01-04,original
ScytherTool,dsl,2023-05-22,original
holgerschill,xtextCodebuff,2018-10-18,original
devzwy,XTextView,2022-01-13,original
mraminella,XtextExamples,2018-05-31,original
msntts,XtextStudy,2021-04-21,original
chiachong,XTextClassification,2022-02-23,original
vinisbranco,XtextGerador,2018-08-31,original
pakhopav,XtextPlugin,2021-08-11,original
IamRaziel,XtextTutorial,2021-05-05,original
dstoft,XtextWorkspace,2021-03-25,original
MisbahAwan,XtextCollaborativeEnvironment,2023-12-28,original
pakhopav,XtextLanguage,2019-08-09,original
fonuhuolian,XTextView,2018-10-19,original
RomainLefeuvre,xtextHW,2021-11-24,original
BestCoderXQX,XTextFlagDemo,2018-06-26,original
vinisbranco,XtextTrabalho2,2018-09-05,original
loicperreal,Xtext,2019-01-22,original
goflyboy,xtextsample,2021-02-19,original
SharkJ,XtextInheritanceTest,2018-12-19,original
hewenyuAndroid,XTextView-Android,2018-10-25,original
OLibutzki,XtextExtras446,2019-06-17,original
vinisbranco,XtextJavaScript,2018-08-22,original
AndreasGroentved,XtextDSL2018,2018-04-22,original
robertchristen,XTextCategorizer.Demo,2020-05-03,original
alvarofpp,tutorial-xtext,2021-11-06,original
pakhopav,XtextLanguageGradle,2019-08-27,original
pakhopav,xtext,2019-08-02,original
adamhorvath88,Xtext,2021-02-13,original
0xMYsteRy,Xtext,2022-04-20,original
taylorlohan,XtextHealth2.0,2021-04-13,original
Caroline66666,xtext,2022-01-20,original
xuxiaowen87,XText,2020-04-24,original
MisbahAwan,xtext,2021-11-30,original
ichxorya,failed-xtext2vscode-example,2022-11-22,original
uqbar-project,xtext-tortuga-lang,2015-06-06,original
RobMoloney,xtext,2021-10-20,original
l1ppe,xtext,2019-07-02,original
madhouni,wps-ecore-ocl-xtext,2018-02-05,original
MISO4202,uniandes.mdd.xtext2xmi,2019-05-13,original
tchebs,xtext,2018-10-04,original
mlopez8621,xtext,2019-09-18,original
gvd,xtext-sm,2012-03-04,original
ShivaniBali,Theia-Xtext-Yangster-Project-,2018-06-06,original
ehah,XtendExample,2018-04-19,original
meysholdt,e4dsl,2010-07-02,original
vks2106,prenum,2021-02-18,original
drkstr101,hello-xtext,2020-05-30,original
arthurmosley,Essex-Test,2018-06-08,original
eclipse,xtext-website-publish,2022-10-24,original
jflopezfernandez,xtextutils,2019-02-21,original
AlanQuadros,xtextlpmangan,2018-03-21,original
akademia,ontouml-xtext,2011-03-01,original
OezzyB,e-portfolio-Xtext,2018-05-19,original
pablitar,firewall-xtext,2013-06-26,original
zinon,xtextminer,2020-06-10,original
mustafa231,xtexteditor,2021-01-04,original
MOSafely,xtextrepo,2022-04-05,original
sahrmann,xtext-json,2017-08-08,original
LorenzoBettini,xtext-domain-model-guice-5,2021-05-20,original
BlackBeltTechnology,karaf-features-eclipse-xtext,2019-04-28,original
vashchenkov,xtext-samle,2018-10-17,original
germono,FormXtext,2020-06-02,original
santoshdeshpande,wwf-xtext,2011-07-19,original
ShrawanBK,xtext_salestransaction,2022-02-06,original
t-buss,mgpl_xtext,2017-01-18,original
szschaler,henshin_xtext_adapter,2018-06-20,original
kuniss,Aqua,2014-12-25,original
Scholvac,EclipseTaskJuggler,2015-08-03,original
efuentesp,Xtext-UCS,2018-05-29,original
rainerschuster,sygus-ide,2016-08-20,original
wibeck,testXtext,2019-05-27,original
msun68,xtext-examples,2020-01-21,original
xTexturedxx,xTexturedxx,ERROR,ERROR
HexXText,HexXText,2022-05-03,original
Gricel-lee,Xtext-Maven,2023-08-15,original
kolchanov,org.xtext.example.mydsl.parent,2020-02-19,original
Communote,communote-restws,2016-06-27,original
EvdokimovMaks,xtext-expressions,2019-12-11,original
Sorokatov,xtext-demo,2020-04-30,original
JoostvanPinxten,SDF3-editor,2015-02-24,original
atanaka,experimental-rmodp-dsl,2012-05-13,original
r4mtor,xtext-talks,2018-05-08,original
nbhusare,xtext-playground,2020-09-02,original
kokostino,xtext_kokomodel,2021-08-29,original
leolimasa,reqlang,2014-07-14,original
helunwencser,PAOC,2014-12-24,original
lahirugayanga,xtext-projection,2018-12-28,original
daniel614,xtext-webapp,2018-06-17,original
Spiderixius,DSLIndividualXtext,2018-05-18,original
rainerschuster,tlsf-ide,2016-08-21,original
rainerschuster,asdl-ide,2017-05-03,original
torosky,Libreria-Xtext,2018-02-22,original
MaxiEckert,Xtext-example,2018-05-27,original
as500,xtext-rpgle,2019-06-24,original
JavierOramas,AudiXText,2020-11-28,original
xtext,xtext-monorepo,2023-03-06,original
vjordan,Xtext_browser,2019-03-20,original
Yop-La,xtext_project,2019-03-18,original
JesterOrNot,Gitpod-XText,2020-05-18,original
eclipse,xtext-archive,2023-03-06,original
Lethalaric,xtext-learning,2023-08-01,original
DSIE2,tr.xtext,2018-06-25,original
ShivaniBali,Theia-Xtext,2018-03-13,original
kthoms,xtext-webinar,2018-06-18,original
jonathankoehn,entitygenerator,2016-12-22,original
zhanglin2018,learnXtext,2019-06-03,original
seebgar,Xtext-Projects,2020-02-27,original
marcusphi,polopoly-dsl,2012-04-28,original
AbQadirr,dialogXtextflow,2023-12-29,original
stolorz,RankPL-EclipsePlugin,2017-03-31,original
arockiaraj1994,xtext-mvn,2019-09-05,original
moein9,passXtext,2022-05-11,original
saivarunr,xtext-editor,2018-01-24,original
JesterOrNot,xtext-cli,2020-01-29,original
Somiacao,xtext-web,2019-12-19,original
abieren,MDSD-Xtext-Project-for-JavaFX,2020-01-18,original
LIONant-depot,xtexture_compiler,2021-09-30,original
tchebs,xtext-example,2018-10-04,original
ballcoach12,xtext_samples,2018-02-16,original
AssaX0,MDSE-xtext,2021-06-01,original
samples-projects,sample-xtext,2019-02-03,original
karthik137,xtext-demo,2020-05-13,original
MDE-Course-23-24,SIRIUS-XTEXT,2023-12-13,original
George-6629,Lobster-language-conversion-sql-language-based-on-Xtext,2021-04-13,original
laurocesar,xtext-domainmodel,2021-05-14,original
Yahaya12,Xtext-project,2021-09-15,original
malhxr,SpeechXtext,2022-06-06,original
stanimirovv,xtext-extractor,2022-03-16,original
3m3k3,xtext-congen,2023-04-09,original
uqbar-paco,firewall-dsls-externos-xtext,2013-11-22,original
Mehdi23,FlexoModelingLanguage,2013-07-20,original
tmtron,ex.xtext.twog,2018-01-27,original
sbrocard,statemachine-generator,2015-03-02,original
Webastronaut,mgpl,2019-02-05,original
adrianrutle,PCS953-EMF-Exercise,2019-03-08,original
magick93,xtext,2019-02-12,original
yamen-njm,IotXtext,2019-01-09,original
blue995,xtext-orm,2018-06-20,original
epsilonlabs,emc-xtext,2022-01-13,original
katmatt,graphql-xtext,2020-11-02,original
lvanzeun,ulm-xtext-test,2018-07-24,original
purerstamp,N7.compilateur,2018-09-07,original
jaedabee,xtext-gradle-test,2020-04-13,original
MassiBelaid,M-langeuse-Xtext,2020-11-29,original
HouseBuilder-MDE,HouseBuilder-Xtext,2021-07-15,original
random-eclipse,nix-eclipse-xtext,2018-04-16,original
meta-doodle,Xtext_Gradle_Test,2020-02-19,original
coffeeframework,HLVL,2020-10-07,original
MaximilianKoestler,vscode-xtext-links,2020-11-03,original
AhmedEssam2212,xText-Editor-,2021-01-04,original
adrinerDP,DSL-with-Xtext,ERROR,ERROR
cdietrich,xtext-domainmodel-ls,2023-02-10,original
tmtron,ex.xtext.ml,2018-02-26,original
andrewsandu,xtext-web-example,2018-07-27,original
pngowda,xtext-build-tools,2018-12-03,original
SharkJ,xtext-dsl-sample,2018-11-30,original
hammedb197,team-hacktive-xtext,2019-07-08,original
SimonCockx,xtext-monaco-example,2022-10-31,original
mister-walter,xtext-folding-issue,2023-10-23,original
alexvolh,xtext-xml-grammar,2018-10-04,original
SharkJ,my-theia-xtext,2018-11-21,original
bogdanvuk,xvhdl,2015-08-04,original
vjordan,Xtext_directory-file,2019-03-20,original
JosBouwhuis,xText-DSL,2019-05-24,original
CS130-W20,assignment-2-xtext,2020-02-26,original
lunifera,xtext-jvmtypeprovider-standalone,2023-01-28,original
bobbyfisher1,eclipse-workspace,2018-05-02,original
dsl-course,xtext-entities-tutorial,2020-03-09,original
Highbrainer,xtext-pde-target,2024-01-30,original
jonev,HTTP-REST-test-DSL,2020-12-06,original
XIECHO,qingo_xtext_documentation,2019-12-13,original
FariSoftware,xtext-problem-matcher,2021-04-08,original
ShrawanBK,xtext.sales.transactions,2022-02-06,original
Lzgpom,xtext-gen-extension,2022-06-23,original
drkstr101,Domainmodel,2020-04-30,original
vinicius0197,expressions-dsl,2020-04-30,original
LorenzoBettini,xtext-xdoc-releases,2021-04-02,original
KarstenWilken,xTextForum,2018-11-19,original
S-wald,xtext-plugin-gradle,2022-11-12,original
lahirugayanga,xtext-example-dsl,2018-12-03,original
cdietrich,xtext-fragment-experiments,2021-09-29,original
cdietrich,xtext_bug_1974,2021-10-05,original
bergmanngabor,xtext-railmap-demo,2018-10-25,original
mchlrch,xtext-intro-bfh,2018-12-10,original
EvdokimovMaks,xtext-example-entities,2019-10-10,original
cipek,MyFirstXText,2019-06-13,original
pngowda,xtext-ci-libs,2019-02-08,original
paulvberlin,BaSiriusXtext,2019-02-19,original
rainerschuster,yacc-ide,2016-08-24,original
frademacher,xtext-jpms-test,2022-03-02,original
xtext,xtext-monorepo-lfs,2023-03-06,original
LorenzoBettini,xtext-build-utils,2020-01-27,original
cdietrich,xtext-two-dsls,2023-12-29,original
balazsgrill,xtext_bug508518,2018-07-24,original
Tim-S,xtext-valueconverter-example,2018-08-16,original
ayakurtam,xText-Editor,2021-01-05,original
elite-se,elite-se.xtext.languages.plantuml,2020-07-09,original
xtext,xtext-orbit-replacement,2022-04-08,original
fedorov-vk,xtext-xcore-sample,2023-12-11,original
gustavotemple,mo631xtext,2019-11-26,original
Tim-S,xtext-mapbasedscope-example,2018-07-05,original
shakenetwork,xTextHandler,2020-03-08,original
GabrielBozza,ProjetoXtextPFC,2021-09-05,original
HexXText,HexXTextSMP,2022-05-03,original
snarkipus,xtext-dsl-book,2022-07-30,original
fedorov-vk,xtextxtend-book-examples,2023-04-24,original
ArneDeutsch,xtext-gradle-example,2018-08-07,original
oliver-reinhard,xtext-ppt-demo,2019-02-16,original
tpluscode,xtext-completion-nullpointer,2019-07-19,original
idiomaticsoft,sbt-xtext-plugin,2019-12-23,original
vinicius0197,metacrysl,2020-05-27,original
ubx,openair,2011-03-21,original
kulcsii,xtext-railmap-theia,2019-11-27,original
NiccoMlt,xtext-showdown-grammar,2020-04-28,original
NinjaArmy,xtext-language-server,2022-02-10,original
jnt0r,xtext-npe-reproducable,2023-06-11,original
szarnekow,mongoBeans,2012-06-06,original
cs130-w21,statemachine,2021-02-05,original
csbc92,MDSE-assignment3,ERROR,ERROR
ghillairet,org.example.mydsl.parent,2018-10-12,original
antoine-morvan,caph-java-parser,2019-04-18,original
abatti,XTEXT_FACPL3_PreserveVarious,2018-06-15,original
tfLabs,xtext-languageserver-example-duplicator,2020-12-23,original
LorenzoBettini,xtext-maven-plugin-example,2021-06-21,original
cdietrich,xtext-eclipse-issue-1009,2019-03-18,original
patrickneubauer,UoY-MODE-XTEXT,2018-10-08,original
mdsd-team-1,photos-xtext,2019-06-18,original
cdietrich,theia-xtext-vscode-example,2020-09-14,original
cdietrich,j9-tycho-xtext,2018-01-09,original
loradd,xtext-lsp-ecore-support,2019-09-30,original
nnn911,LaTeXTextOverlay,2024-02-09,original
IbanezGio,VuC,2018-01-30,original
KasperGam,IGESImport,2016-06-22,original
ShahimEssaid,com.essaid.model.xtext,2023-11-13,original
gon10,EclipseRepoTese,2018-08-15,original
max-leuthaeuser,jmhmathexample,2018-10-10,original
tshoang,WhitespaceIDE,2023-10-26,original
seebgar,MISO4202-proyecto-xtext,2020-04-19,original
NiccoMlt,xtext-15-minutes-tutorial,2020-04-21,original
SharkJ,theia-xtext-extension-test,2018-11-19,original
jku-win-se,JsonBasedXtextGrammar,2021-04-23,original
altran-mde,xtext-sirius-integration.io,2018-10-16,original
cdietrich,xtext-core-issue-1835,2022-02-19,original
Zaki-Fadlan,xtext_getting_started_skilledup,2023-07-18,original
thlaegler,edilang,2022-04-19,original
rudi,xtext-emacs-lsp-demo,2021-05-01,original
fedorov-vk,apds_prototype,ERROR,ERROR
test-editor,test-editor-xtext-gradle,2018-10-04,original
Ixgauth,perspectiveDSL-Sirus-Xtext,2021-03-16,original
keve98,SzakD_xtext_xtend,2021-05-03,original
silvergl,xtext-headless-rcp-example,2022-05-06,original
reinaqu,bpmnFromXtextDSL,2022-07-16,original
xtext,xtext-p2-orbit,2018-08-29,original
dsl-course,xtext-tutorial-turku-interim,2020-03-30,original
tfLabs,xtext-lsp-validation-anyway,2020-10-20,original
BalzGuenat,xtext-bug-minimal-example,2018-03-07,original
dmfullstack,org.xtext.example.mydsl,2019-07-12,original
zhou-jg,tefler,2015-06-23,original
cdietrich,xtext-languageserver-example-simple,2021-10-18,original
msntts,Xtext-Standalone-fat-jar,2022-01-16,original
oldulov,cfeditor,2018-01-25,original
LorenzoBettini,xtext-type-errors-examples,2018-06-29,original
claudenirmf,OntoUML-2.0-Xtext,2018-04-04,original
Mehmetcanss,example_xtext_language_server_vscode,2019-01-11,original
lidochca,xtext.skip.build.before.rename,2020-01-22,original
cdietrich,xtext-maven-plugin-coverage-example,2021-06-25,original
Kevin-Philip,TP_etudiant_Compilax,2019-05-29,original
bproenca,mpti-dsl,2021-11-14,original
tshoang,BareBonesIDE,2023-10-26,original
tareklel,PDFtoText,2020-04-04,original
TVTower,TVTBlitzmaxEditor,2020-12-16,original
cdietrich,xtext-multi-dsl-manual-metamodel,2021-06-14,original
hallvard,xost,ERROR,ERROR
davidmpaz,log-book,2023-03-05,original
oliver-reinhard,xtext-scoping-default-imports-demo,2019-05-23,original
szarnyasg,sql-pgq-xtext,ERROR,ERROR
MISO4202,uniandes.mdd.example.create-xtext,2019-02-15,original
NaoMod,XText-Language-Server-in-VSCode,2022-02-17,original
protossoftware,ReqText,2016-06-24,original
cdietrich,simple-xtext-parallel-load-example,2021-06-07,original
bobbyfisher1,expressions,2018-05-16,original
vztpv,ClauTextWithEclipse,2017-11-24,original
tfLabs,xtext-n4js-lsp,2020-09-27,original
yishakabreham,mde.sales.transactions.xtext.4,2022-02-06,original
Rajesh2015,DSL-using-Xtext-and-Xtend,2018-03-30,original
cdietrich,xtext-lsp-tests-with-tycho,2021-11-25,original
CarlosAsrc,Reconhecedor-scheme,2019-03-29,original
oliver-reinhard,xtext-scoping-default-namespaces-demo,2019-02-16,original
TVTower,TVTDatabaseEditor,2021-04-07,original
Tim-S,ReqLNG,2017-05-02,original
mzaks,petrinet_dsl,2011-07-17,original
sumeetchhetri,faugjs-eclipse-plugin,2019-05-14,original
JensBAndersen,PolicyLanguage,2019-04-11,original
GlancingMind,xtext-lsp-missing-deleteFile-impl,2023-05-06,original
zmy3036190149,theia-xtext-pf-v1-backup,ERROR,ERROR
MDSDLab,mdsd-2023-lab2-xtext-xtend,2023-09-22,original
tshoang,XMarking,2018-05-28,original
SimonCockx,xtext-assertAllWhitespaceIsFormatted,2023-01-18,original
tombk556,SF_Factories_Beleg2324_Xtext_DSL,2024-01-10,original
DonatasC,CodeGeneration,2018-01-21,original
NSaitoNmiri,toppers_cfg_xtext,2019-05-24,original
zs6jce,x400-xrpgle,2018-07-18,original
cyrilnavessamuel,TripManagment,2018-06-07,original
paullewallencom,xtext-xtend-978-1-7864-6496-5,2020-12-06,original
osarenogae,fault_trees_textual_editor,2021-04-13,original
vorburger,xtend-StackOverflowError-issue461,2018-06-01,original
JoaoMAlmeida,projetoCompiladores18-2,2018-10-18,original
Bisssen,math_assignment_3_math_compiler_xtext_and_xtend,2021-04-13,original
vks2106,domain.model,2022-01-17,original
metafacture,metafacture-flux,2020-11-13,original
mrtnstn,example-script-language,2018-04-19,original
Michel-Nassalang,eclipse_workspace,ERROR,ERROR
varadbal,FunPL,2018-08-27,original
kecksk0enig,vuc-xtext,2018-01-16,original
EightPillars,NmtranEditor,2018-06-19,original
DSIE2,Implementing-observer-design-pattern-with-Xtext-and-Xtend,ERROR,ERROR
ooaa30,Wail,2020-08-17,original
rainerschuster,jdl-ide,2016-08-07,original
mischnic,bachelors-thesis,2022-03-16,original
cs130-w22,statemachine,2022-01-03,original
evandor,skysail-prototypr-dsl,2016-09-15,original
houssemradhouane,Meta-Modelisation-of-Games-Using-UML-Eclipse-Xtext-Acceleo-JAVA,2021-11-30,original
mdsd-team-1,domain-specific-language,2019-06-10,original
PalladioSimulator,Palladio-Editors-VSCode,2020-02-25,original
nils-christian,xtend-active-annotation-issue,2018-12-10,original
modicio,feature-dsl-tools,2023-05-12,original
HBuender,Aim42Visualizer,2019-05-16,original
scanyboss,ide-yourdsl,2018-10-20,original
spirvdev,dumpsymb,2022-07-15,original
adautofbn,pascal-xtext,2018-10-18,original
agonzalezgaliana,mydsl-language-server,2022-02-25,original
codezork,DSL-Blog,2019-10-26,original
LorenzoBettini,issue-2000-example,2022-11-15,original
bogdanvuk,xrst,2015-07-19,original
scanyboss,hello-world-language,2019-04-09,original
joerg-holtmann,Pretty-Printer_Language-Analysis,2021-11-25,original
nakul02,sysml.dml,2015-12-18,original
HermanPeeren,eJSL-MPS,2021-12-10,original
matheuslenke,Xtext-UML,2021-09-21,original
mdsd-team-1,dsl-layered-style,2019-06-10,original
larissafiorini,t2-lingProg,2018-04-06,original
ragben,NetzDsl,2018-01-06,original
EricssonPlant,plantuml-xtext-light,2015-06-11,original
gyaltso,Eclipse-Training-Schedules,2020-01-17,original
wzurborg,xtend-example,2020-04-07,original
alexwatts,xtext-j2ee-dsl,2015-03-23,original
oyse,jetson,2010-11-05,original
dsanmartins,Entidades,2020-11-04,original
evansnicholas,yaxpath,2014-03-09,original
jonaslagoni,JSON-Schema-to-internal-DSL,2020-04-02,original
robinguill,DSL_UML_INSA,2021-02-08,original
DedalArmy,SpringDSLJava,2018-10-24,original
Vallenstein,xtext_web,2020-10-09,original
nkonev,CalcXtext,2013-09-29,original
casino-mdd,DSL,2019-06-18,original
fayssalElAnsari,Kotlin-Meta-Model,2023-03-09,original
Wilson008,GrammarGenerator,2024-02-04,original
lowcomote,DBML-to-ER,2022-11-17,original
agentlab,PowerLoomDSL,2017-01-23,original
ryangarvey,mde-spec,2021-02-12,original
bfMarcelino,SchemeLP,2019-03-29,original
henriklange,ifcBrickConvert,2018-04-25,original
Virtlink,paplj-xtext,2017-02-20,original
claudenirmf,TPTP-Editor,2019-03-08,original
UnBCIC-TP2,Oberon-XText,2021-04-22,original
henriklange,ifcBrickConvertDsl,2018-04-25,original
PikaQin,XModel-Code-Converter,2020-06-16,original
helloyaqin,XModel-Code-Converter,2020-06-16,original
Garlo13,CEPStaticAnalysis,2018-07-05,original
Frederic-Boulanger-UPS,MiniARM-feature,2022-07-30,original
sderrien,Uclid-editor,2021-01-16,original
MDEGroup,metatemplating,2021-02-24,original
abdullah-4Mohammed,AWS-EC2-Service_DSL-EMF,2022-12-13,original
grammeaway,math-interpreter-dsl,2021-03-25,original
ahmedsaleh1998,concept_project,2021-01-04,original
Chaimaa-Louahabi,Model-Driven-Engineering,2021-03-04,original
augustin-rialan,IDM,2019-12-18,original
MisbahAwan,SeamlessRuntimeTransformations,2022-05-17,original
ProjetoDSL,CanopusDesign,2019-04-05,original
Ryuzaki101,Workbench,2023-04-22,original
eclipse,xtext,2011-04-01,original
eclipse,xtext-core,2016-05-31,original
eclipse,xtext-xtend,2016-05-31,original
eclipse,xtext-eclipse,2016-05-31,original
eclipse,xtext-extras,2016-05-31,original
eclipse,xtext-web,2016-05-31,original
xtext,seven-languages-xtext,2012-06-12,original
eclipse,xtext-maven,2016-05-31,original
eclipse,xtext-lib,2016-05-31,original
xtext,maven-xtext-example,2013-11-22,original
seebk,LaTeXText,2017-10-23,original
cdietrich,xtext-languageserver-example,2016-06-29,original
eclipse,xtext-idea,2016-05-31,original
adamschmideg,coffeescript-eclipse,2011-11-02,original
fanghuixing,XtextApricot,2013-10-06,original
xtext,xtext-gradle-plugin,2014-03-05,original
LorenzoBettini,packtpub-xtext-book-2nd-examples,2016-06-17,original
PrinceMei,xTextHandler,2016-06-19,original
LorenzoBettini,packtpub-xtext-book-examples,2013-08-01,original
theia-ide,theia-xtext,2017-05-08,original
svenefftinge,xtext-lsp-workshop,2017-06-12,original
ObeoNetwork,Xtext-Sirius-integration,2011-07-07,original
dslmeinte,Xtext2-DSLs,2011-07-20,original
mlanoe,x-vhdl,2014-12-29,original
sergiowebo,RaspduinoDSL,2014-05-11,original
eclipse,xtext-umbrella,2016-11-18,original
danieldietrich,xtext-protected-regions,2011-09-23,original
xtext,xtend-gradle-plugin,2014-02-25,original
aphethean,xtext-maven-examples,2012-10-02,original
ckulla,xtext-tycho-example,2012-01-22,original
vorburger,xtext-sandbox,2012-06-11,original
basilfx,xtext-standalone-maven-build,2017-05-22,original
JakeGinnivan,XText,2012-08-04,original
OLibutzki,xtext.tools,2013-11-22,original
majordomo,majordomo,2013-02-08,original
LorenzoBettini,Xtext2-experiments,2011-11-21,original
eclipse,xsemantics,2013-10-22,original
xtext,xtext-reference-projects,2017-12-14,original
efuentesp,xtext-cobol,2020-12-04,original
dr-jam,ABL-XText,2022-11-12,original
fuinorg,emt-xtext-archetype,2013-10-04,original
eclipse-soc,amalgamation-examples-xtext,2011-08-14,original
kthoms,xtext-experimental,2011-12-08,original
dsldevkit,dsl-devkit,2016-09-14,original
itemis,generator-xtext,2017-04-05,original
att,yang-design-studio,2015-10-28,original
martinbaker,xtextadd,2014-11-16,original
OliverScherf,MGPL-Xtext,2017-12-20,original
hachreak,dmss.pouex.xtext,2014-05-01,original
vladdu,xtext.unittesting,2015-04-17,original
slizaa,slizaa-opencypher-xtext,2016-10-04,original
xpomul,cdo-xtext,2014-01-23,original
mark-christiaens,Xtext-Models-Stats-View,2011-05-27,original
TypeFox,xtext-jflex,2016-05-09,original
vorburger,eclipse-typescript-xtext,2013-11-15,original
patrickneubauer,XMLText,2015-06-25,original
xtext,org.xtext.antlr.generator,2010-08-26,original
boalang,xtext-ide,2015-10-29,original
pen-zhang,online_elm_xtext,2021-01-25,original
veraPDF,veraPDF-model-syntax,2015-05-05,original
TypeFox,languageserver-example,2016-06-13,original
josros,boby,2016-10-17,original
stephanrauh,JSFLibraryGenerator,2015-06-05,original
loonwerks,jkind-xtext,2013-09-04,original
TatyPerson,Xtext2Sonar,2016-04-04,original
TypeFox,xtext-vscode,2016-05-04,original
svenefftinge,Xtext-Workshop-Development-Workspace,2011-07-04,original
cdietrich,xtext-uml-example,2015-06-09,original
cdietrich,xtext-maven-example,2013-12-30,original
Remypoc,CmooSimpleJ,2016-12-05,original
borgar,xtexts,2017-09-23,original
christopherosthues,mgpl-xtext,2018-04-18,original
dslmeinte,Xtext1-DSLs,2011-03-31,original
applause,applause,2011-03-16,original
LorenzoBettini,ecefrance2015-xtext-example,2015-06-25,original
jcmm33,DirectXTextBlock,2015-02-11,original
dhuebner,xtext-apidiff,2015-07-21,original
appdev,XTextView,2015-09-15,original
oehme,xtext-maven-example,2014-08-07,original
SMadani,ThriftMDE,2016-08-23,original
xtext,xtext-external-editors,2015-12-16,original
itemis,xtext-generator-vscode,2016-07-21,original
soluvas,ecommerce-sample,2011-11-01,original
tianguanghui,xTextHandler-objc,2016-09-19,original
meysholdt,xtext_stateful_lexer,2012-06-04,original
holgerschill,XtextCon_Xcore_Maven,2015-05-12,original
scottopell,vim-xtext,2015-12-07,original
itemis,xtext-debug-example-no-xbase,2017-11-23,original
TypeFox,Xtext-XMI,2017-07-06,original
joergreichert,XtextPlayground,2012-04-30,original
wuwen1030,XTExtension,2016-06-23,original
eventB-Soton,XTheory,2018-05-26,original
JanKoehnlein,EclipseCon2013_XtextTutorial,2013-03-19,original
marnix,metamath-eclipse-xtext,2015-09-26,original
Modaptix,xtext-expressions,2015-09-03,original
arturboronat,xtext.domainmodel,2016-09-23,original
otrosien,xtext-perl,2016-05-26,original
cmendible,Hexa.xText,2011-07-18,original
SOM-Research,graphQL-xtext-grammar,2017-03-22,original
andrearn,org.fornax.soa.xtextservicerepository,2011-03-04,original
ujhelyiz,xtext-reflective,2012-02-15,original
szarnekow,xtextcon-xbase-example,2014-05-21,original
DonRenando,xtext,2015-11-12,original
cdietrich,xtext-languageserver-xbase-example,2016-08-11,original
test-editor,deprecated-test-editor-xtext,2015-05-06,original
awk-kazmin,eclipse_1C_xtext,2015-04-15,original
svenefftinge,fowlers-statemachine-with-expressions,2012-05-07,original
copton,XTextExamples,2010-07-09,original
GeekBugs,XTextView,2017-09-24,original
akosyakov,org.xtext.example.mydsl.idea,2014-07-14,original
Jaddison011,C4EventB,2023-03-06,original
HBehrens,Xtext2Workshop,2011-07-11,original
GrupoHunter,Kukuroo,2013-11-30,original
itemis,xtext-languageserver-example-lsp4e,2016-12-07,original
fatalerrortan,Xtext_Xtend_HTML_Generator,2017-04-20,original
spoenemann,xtext-gef,2015-03-27,original
LinguaPhylo,linguaPhyloDSL,2021-03-19,original
jhonatan89,gen-angular-grammar,2017-08-11,original
LorenzoBettini,jbase,2015-12-02,original
mn-mikke,Model-driven-Pretty-Printer-for-Xtext-Framework,2013-02-26,original
Buggaboo,xplatform,2014-03-31,original
cmark,androtext,2011-11-19,original
svenefftinge,homeautomation-example,2014-09-24,original
kainzpat14,xtext-plsql,2022-02-23,original
janesser,frege-xtext,2016-05-22,original
szarnekow,org.eclipse.e4.xcss,2010-10-22,original
LorenzoBettini,xtext-scoping,2012-05-29,original
JanKoehnlein,ESE-2010-Tutorial,2010-10-20,original
spoenemann,xtext-orion,2015-06-24,original
ryanignatius,CheckerDSL,2015-04-21,original
trichterwolke,init,2018-11-20,original
erlide,erlide_xtext,2012-02-27,original
cdietrich,xtext-forum-support-example,2016-11-16,original
ESIR2Compilation,Langage-WHILE,2015-11-09,original
mattsse,xtext-fipa-acl,2018-03-15,original
Sofiane-13,tutorialXtextSirius,2017-05-18,original
eclipse-soc,amalgamation-examples,2011-05-13,original
dvdkruk,xtext-xsd-resourceprovider,2015-11-17,original
kyberszittya,simple-ros-code-generator,2020-05-05,original
JanKoehnlein,Xtext-Syntax-View,2010-08-29,original
planger,xtext-uml-experiment,2016-09-27,original
raglu,ExternalDSL-xtext,2021-04-20,original
uppaal-emf,uppaal-xtext,2022-12-04,original
drnappalm,xtext,2014-04-17,original
svenefftinge,Xtext-Workshop-Runtime-Workspace,2011-07-04,original
martijndwars,XtextXT,2015-08-27,original
nahni,xtextTessla,2017-09-06,original
baidty,xtextLearning,2016-04-11,original
MoayadHn,XtextBDI,2015-11-08,original
fzalila,XtextExperiments,2015-12-07,original
Girish-Venkatesh,XTextSelenium,2014-11-16,original
Vinayakatk,xtextScopes,2016-06-10,original
01Lizard10,XTextUML,2016-06-12,original
Salome-Maro,XtextUtils,2014-07-07,original
robertovillarejo,kukulkan-grammar,2018-03-02,original
mraminella,xtextTests,2017-11-08,original
Alma2015RSABSAWA,XtextLangage,2015-11-25,original
myorb,XTextParser,2015-08-06,original
Jhinnn,XTextView,2017-03-14,original
kathisai,xtextSample,2017-07-24,original
huibo-shi,XtextExamples,2016-02-05,original
osamu-k,XTextStudy,2014-02-09,original
Treehopper,XTextTemplate,2014-07-11,original
seba111,Xtext1,2013-03-18,original
shinesamjacob,XtextExample,2016-06-02,original
ajperalt,xtext,2013-11-15,original
schakko,xtext-plugin-with-maven-tycho,2013-02-13,original
colameo,xtext4roo,2015-10-24,original
vinpereira,XtextToXMI,2016-06-21,original
JanKoehnlein,XtextCon2014,2014-08-26,original
bink81,xtext-test,2016-02-24,original
xtext42,xtext42-coding,2017-03-25,original
borisbrodski,XtextBug437519,2014-11-13,original
hypery2k,xText,2011-12-15,original
borisbrodski,XtextBug453268,2014-11-26,original
Samirez,DSLs,2023-07-10,original
superxlx,XTextViewDemo,2015-05-10,original
johnBened,XtextMyDSLExample,2016-09-08,original
philiber92,XtextTestRepository,2015-09-20,original
fabienfleureau,XtextAtStackoverflow,ERROR,ERROR
yunxiaocloud,XTextFieldLimtDemo,2016-05-19,original
eclipse,xtext-gradle,2016-05-31,original
Mensmec,THESIS_XTEXT,2016-11-14,original
MacJariel,sandbox-dsl,2011-03-25,original
chetanladdha,XtextFormatingHoverSample,2017-03-28,original
ainslec,XTextCustomLexerExample,2013-04-14,original
hem28,DSL_Xtext2.3,2012-09-04,original
HBuender,XtextAndSiriusIntegration,2017-10-07,original
meysholdt,EclipseCon2014_XtextTutorial,2014-10-09,original
jaimedelgado,Xtext,2015-03-25,original
chris125964,xtext,2014-10-16,original
bujosa,smart-dsl,2023-07-01,original
martijndwars,Xtext,2015-04-27,original
ozkandemir,XText,2014-01-12,original
johnahfong,xtext,2015-10-26,original
Mensmec,Xtext,2016-11-14,original
pellcorp,xtext,2016-02-02,original
Tutti91,Xtext,2015-06-11,original
ANCIT,xtext-examples,2017-07-14,original
DECENTSoftwareAssessment,dag.m1x,2015-06-03,original
rmemory,xtext,2017-03-30,original
deb-sandeep,com.sandy.xtext.jovenotes.tests,2015-06-03,original
yasuohosotani,Xtext,2014-04-05,original
Nika24,Xtext,2017-05-11,original
BenediktNiehues,de.nie.fin,2012-10-26,original
AlexElvers,XText,2014-05-12,original
lakzso,xtext,2016-02-23,original
seba111,Xtext,2013-04-20,original
MacJariel,xtext,2011-03-12,original
tmtron,xtext.15minTutorial,2016-12-13,original
blewis13,Boxes,2016-01-01,original
DECENTSoftwareAssessment,famix.m3x,2015-06-03,original
dslmeinte,SimScript,2012-10-21,original
webdaford,aqleditor,2015-03-09,original
goldschmiede,2012-02-03_dsls_mit_xtext,2013-01-21,original
kthoms,org.eclipse.xtext.example.domainmodel,2011-07-08,original
Reitzner,xtextmaven,2016-03-03,original
hectorsun,xtextonboost,2016-05-16,original
duck2,xtextbg,2016-11-16,original
Xpitfire,xtext-dnn,2016-12-03,original
ceefour,glproto,2011-09-23,original
DECENTSoftwareAssessment,dag.m1x.tests,2015-06-03,original
jcabot,WordPress-Plugin-DSL,2019-02-11,original
davidmpaz,php.ware.web.ui,2011-04-29,original
DanielWeber,xtextext,2010-10-04,original
fzalila,xtextfsm,2017-05-25,original
DECENTSoftwareAssessment,dag.m1x.sdk,2015-06-03,original
jgoppert,xmodelica,2016-05-11,original
Vinayakatk,xtextgeneratetest,2016-02-18,original
stefano-bragaglia,Kinect-ECE-XText,2013-09-27,original
DECENTSoftwareAssessment,dag.m1x.ui,2015-06-03,original
viatra,viatra-evm-xtext,2015-12-08,original
Cosimo5lli,assertx-swing,2018-05-03,original
atb,pt.isep.dsl.puml,2019-12-19,original
benzait27,Xtext.Promo,2016-11-08,original
malakeel,myDsl,2016-06-05,original
npalix,org.eclipse.xtext.example.arithmetics,2016-12-08,original
sormgabriel,textual_verduler,2015-10-31,original
ekowahyudi,examplextext,2012-11-07,original
DECENTSoftwareAssessment,famix.m3x.ui,2015-06-03,original
nakul02,sialx-xtext-ide,2014-06-19,original
kduske-n4,DomainModel,2016-09-12,original
Infoly,SmallJava,2017-01-22,original
inakuhn,de.htwg.mdse.setgame.entities.parent,2017-06-10,original
merks,Xcore,2011-08-02,original
DECENTSoftwareAssessment,famix.m3x.tests,2015-06-03,original
SciSpike,yaktor-dsl-xtext,2016-05-27,original
meysholdt,xtext_examples,2014-05-14,original
manuelleduc,xtext-lib,2017-12-20,original
xarvey,atom-xtext-package,2015-10-03,original
LolloCorte,bpel-xtext,2016-03-09,original
sciolizer,xtext-sandbox,2016-02-09,original
denschu,xtext-whitespace,2012-03-01,original
pablitar,claseXtext,2012-11-03,original
DECENTSoftwareAssessment,famix.m3x.sdk,2015-06-03,original
tdegueul,xtext-composition,2014-07-03,original
danieldietrich,xtext-javatools,2013-01-16,original
Hellmy,plantuml-eclipse-xtext,2015-07-20,original
efuentesp,codebuilder-xtext,2016-07-09,original
zrrk,xtext-utils,2015-06-08,original
juli1,xtext-debug,2015-05-22,original
nbhusare,Xtext-sandbox,2014-07-11,original
jachinte,xtext-grammars,2016-02-19,original
susieagerholm,XTEXT_EXAMPLE,2017-04-29,original
itemis,monaco-xtext,2017-01-26,original
xiaoyvr,xtext-demo,2013-03-23,original
hmc-cs111-fall2015,picobot-XText,2015-11-18,original
yanntm,Xtext-Light,2017-05-20,original
quendimax,libXtextcursorchanger,2012-03-02,original
Ikraminfo,GrammaireXtext,2017-04-21,original
nickeeyyoo,xtext_project,2016-03-16,original
marinamygithub,xtext_project,2016-05-02,original
lukashaertel,xtext-xgen,2014-05-20,original
fmca,xtext-typesystem,2015-05-30,original
almazhou,xtext-demo,2014-07-21,original
Huluvu424242,xtext.example,2016-04-29,original
kiddochan,xtext-typesystem,2016-02-13,original
mmalohlava,ppXtext,2012-07-18,original
ponta027,xtext_practice,2015-05-12,original
bhdrkn,Xtext-Examples,2011-10-20,original
fatalerrortan,Xtext-examples,2017-04-27,original
gcr-nist,runtime-Xtext,2016-08-16,original
fBrx,language-xtext,2014-12-05,original
ilya-klyuchnikov,sll-xtext,2014-01-26,original
vonbolt,Xtext_test,2015-06-03,original
rytina,xtext-typesystem,2015-08-27,original
philiber92,xtext-utils,2015-09-09,original
thomasfischl,xtext-workshop,2013-10-24,original
jbadeau,ng-xtext,2016-10-12,original
qxe35v,xtext_encoding_dsl,2018-03-14,original
szarnyasg,gradle-xtext,2016-10-30,original
malbac,Xtend_Xtext,2015-04-26,original
gitpan,Convert-XText,2014-10-24,original
rmemory,xtext_eclipse,2017-03-30,original
UnibgInfo3A,ebnfworkbench,2016-11-18,original
lukashaertel,xtext-xtestgen,2014-07-12,original
zhangyuanqiao,selenium-xtext,2016-05-20,original
cooked,modelica-xtext,2016-02-16,original
RobertWalter83,DialogScriptDSL,2013-09-15,original
hamza-abed,JSEditorXtext,ERROR,ERROR
nileshrege,El,2013-03-15,original
kwanggy,xtext-sublime,2015-12-09,original
thicket-lang,thicket-xtext,2015-10-06,original
agentlab,xtext-web,2016-07-08,original
test-editor,xtext-dropwizard,2017-06-30,original
kecskesk,xtext-menetrend,2017-09-30,original
ftrifin,xtext-utils,2015-07-17,original
scottopell,xtext_utils,2015-11-19,original
lukashaertel,xtext-fsml,2013-11-28,original
fedorov-vk,apds_dsl,2023-04-15,original
Modaptix,xtext-utils,2015-09-03,original
itemis,xtext-issues,2016-09-09,original
holzem,xtext-lexertrace,2017-11-20,original
victorlacorte,Tcc,2013-06-14,original
limelanguage,lime-xtext,2014-06-18,original
edgarmueller,xtext-recordmapper,2013-09-27,original
bsi-software,org.eclipse.scout.xtext,2012-09-24,original
MatzeGIT,XText-maven,2013-04-30,original
tkurita,XText.scptd,2012-05-28,original
coalae,telemed,2018-06-04,original
dvdkruk,xtext-workshop,2017-02-14,original
npalix,org.xtext.example.mde,2016-12-08,original
logicfish,XActiv,2013-10-11,original
kittaakos,webcalc,2016-10-13,original
iensen,certware-l-editor,2016-03-06,original
PAMunb,MetaCrySL,2020-07-06,original
vladimirkozhaev,casualintellect_new_wizard,2016-01-09,original
TinyScream,org.xtext.amodel,2017-07-27,original
M2TIIL2016-2017,SiteWeb_XText,2016-12-13,original
schakko,hackcamp-xtext-automotivebus,2014-06-15,original
sfinnie,xtext.scoping.adventures,ERROR,ERROR
smba,model-based-times,2015-12-03,original
fuinorg,org.fuin.dsl.cqrs,2014-04-18,original
schakko,xtext-bug-436688,2014-09-12,original
dhuebner,xtext-builddsl-tycho,2014-06-18,original
matejsp,lwc13-xtext,2015-07-02,original
ftrifin,xtext-utils.uml,2015-07-17,original
mbarbero,xtext-forms-integration,2015-05-29,original
FForw4rd,xtext-restriction-framework,2015-09-28,original
zrrk,xtext-utils.devenv,2015-06-08,original
ftrifin,xtext-utils.xtend,2015-07-17,original
svenefftinge,xtext-jaxcon-example,2014-05-13,original
LorenzoBettini,xtext-demo-laquila,2016-05-17,original
jakecobb,xtext-iris-datalog,2014-07-08,original
graph-quilt,xtext-service-dsl,2021-11-16,original
philiber92,xtext-utils.unittesting,2015-09-09,original
philiber92,xtext-utils.distribution,2015-09-09,original
phaldan,htwg-cform-xtext,2017-07-31,original
itemis,xtext-example-conplan,2017-08-31,original
LorenzoBettini,Xtext-Buckminster-Example,2012-11-11,original
LorenzoBettini,xtextcon-typesystem-example,2014-05-27,original
dhuebner,org.xtext.example.tycho,2011-08-31,original
agentlab,eclipse-orbit_xtext-web,2016-07-26,original
Tutti91,xtext_language_bla,2015-06-25,original
LeonoraG,xtext-req-editor,2016-01-18,original
xarvey,atom-xtext-autocomplete,2015-11-19,original
franzbecker,xtext-formatter-problem,2016-11-01,original
ftrifin,xtext-utils.distribution,2015-07-17,original
Fritzi,XText_TeSSLa,2017-08-25,original
madasar,booster2-xtext,2017-03-06,original
TypeFox,xtext-splitted-repo,2016-06-12,original
zrrk,xtext-utils.uml,2015-06-08,original
zrrk,xtext-utils.xtend,2015-06-08,original
ftrifin,xtext-forms-integration,2015-07-17,original
JanKoehnlein,fxdiagram-xtext-examples,2017-09-06,original
joergreichert,Cool,2014-04-27,original
rju,xtext-typing-example,ERROR,ERROR
philiber92,xtext-utils.xtend,2015-09-09,original
Advanced-Model-Engineering-SS16,xtext-ocl-extensions,2016-06-03,original
zrrk,xtext-utils.distribution,2015-06-08,original
Johanvdberg,mcrl2.xtext,2017-01-26,original
kryptonite22,rsbac.xtext.dsl,2017-08-01,original
tkleszczynski,jug-zgora-xtext,2015-11-27,original
philiber92,xtext-utils.devenv,2015-09-09,original
jeffmaury,devoxx2012-xtext,2012-04-17,original
YonedaMasashi,xText_Practice,2015-03-31,original
jackqq,xTextEdit,2016-05-17,original
ftrifin,xtext-utils.unittesting,2015-07-17,original
lgcardeas,xtext-forms-integration,2015-04-25,original
vrichard12,xtext-forms-integration,2016-02-24,original
itemis,xtext-monaco-example,2017-09-21,original
pabu90,xtext-ci-test,2017-03-01,original
kukulkan-project,kukulkan-language-server,2018-07-10,original
zrrk,xtext-utils.unittesting,2015-06-08,original
LorenzoBettini,xtext-index-experiments,2013-04-07,original
ftrifin,xtext-utils.devenv,2015-07-17,original
inteldict,xtext-gradle-demo,2016-09-20,original
cdietrich,xtext-multi-dsl,2017-07-17,original
Huluvu424242,rezept-dsl.xtext,2016-04-30,original
lunifera,lunifera-xtext-runtimebuilder,2014-06-13,original
sikessle,xtext-forms-integration,2015-06-03,original
priya0311,xtext-forms-integration,2015-08-24,original
philiber92,xtext-utils.uml,2015-09-09,original
talalong,dbFactoryXtext,2017-12-18,original
stackoverflowmailer,lwc13-xtext,2015-05-04,original
willy2706,if4150-xtext,2015-11-27,original
wwu-pi,acse-xtext-validation,2016-05-28,original
ProgrammableDrones,xTextLanguage,2017-03-03,original
raynair,webml,2015-02-05,original
wwu-pi,acse-xtext-gui,2016-05-01,original
peterssas,xtext-gradle-problem,2017-06-27,original
zhoumin03,xtext-forms-integration,2015-10-13,original
gcubar,CodeXcessXtext,2012-06-29,original
cdietrich,xtext-ecore-xcore,2017-07-20,original
ayoubziat,xtext_DSL_example,2017-08-31,original
xiaoyvr,xtext-demo-oxygen,2017-12-11,original
test-editor,deprecated-xtext-index-backend,2017-10-25,original
lukashaertel,xtext-technocat,2014-06-05,original
npalix,org.eclipse.xtext.example.fowlerdsl,2016-12-08,original
dslmeinte,xtext-workshop-code1,2015-03-14,original
chauhansaurabhb,Eclipse-Xtext-Mydsl-Plugin,2016-12-02,original
intuit,common-xtext-expression-language,2021-04-01,original
zwgirl,summer,2014-04-21,original
rymarenkosuccess,Coffeescript-Eclipse,2015-06-27,original
svenefftinge,Guice-Modules-DSL,2011-03-29,original
logicfish,XPlane,2013-10-11,original
LorenzoBettini,Xtext-Xtend-Buckminster-Example,2013-09-21,original
vorburger,eclipse-typescript-xtext-repository,2013-12-29,original
pankeshpatel,EclipsePluginForXtext,2015-11-17,original
Hellmy,plantuml-eclipse-xtext_update,2015-12-21,original
xpomul,xtext-multi-edit-example,2017-02-14,original
tmtron,xtext.eclipse.15minExtended,2016-12-16,original
deb-sandeep,com.sandy.xtext.jovenotes.ui,2015-05-14,original
ftrifin,xtext-utils.xtend1,2015-07-17,original
szarnekow,xtext-arithmetics-web-example,2015-11-19,original
wwu-pi,acse-xtext-knuth-binaries,2016-05-01,original
jwachter,xtext-serializer-issue-example,2017-08-14,original
hwong23,dsl.evtool,2021-06-10,original
camilagarcia113,xtext-dsl-obj3,2016-07-27,original
cdietrich,gradle-xtext-xtend-problem,2016-08-31,original
mzaks,FlatBuffersSchemaEditor,2015-12-03,original
svenefftinge,Xtext-LWC-contribution--Instances-,2011-04-21,original
btc-ag,service-idl,2018-03-29,original
willy2706,if4150-xtext-html,2015-11-28,original
phaldan,htwg-cform-xtext-demo,2017-08-08,original
hypery2k,Xtext-GrammarMixin-Example,2011-12-14,original
philiber92,xtext-utils.subproject-template,2015-09-09,original
zrrk,xtext-utils.subproject-template,2015-06-08,original
thowin,ituXtextLandinConfigurator,2016-12-04,original
philiber92,xtext-utils.xtend1,2015-09-09,original
claudenirmf,old-tests-on-xtext,2016-10-25,original
zouhairireda,xtext-ocl-xtend-poc,2016-09-11,original
franzbecker,xtext-serializer-parallel-problem,2016-12-14,original
lunifera,lunifera-xtext-runtimebuilder-example,2014-07-07,original
ftrifin,xtext-utils.subproject-template,2015-07-17,original
fluxtah,xtext-android-gradle-example,2015-03-31,original
hypery2k,Xtext-Maven-BuildExample,2012-10-08,original
kittaakos,xtext-eclipse-gh-238,2017-04-21,original
MatzeGIT,XText-Maven-CleanStart,2013-05-06,original
Rodolfocostapr,org.xtext.example.pascalito,2017-07-06,original
deb-sandeep,JoveNotesProcessor,2015-05-16,original
zrrk,xtext-utils.xtend1,2015-06-08,original
tanthingdeveloper3unshine,AutoCompleteXTextView,2015-06-04,original
loradd,uml-xtext-grammar-generator,2017-04-03,original
v-bashev,post_core,2021-07-07,original
vicegd,org.xtext.dsl.restaurante,2017-10-20,original
paulluap,xtext-extras-issue216,2017-12-21,original
dhakehurst,net.akehurst.example.xtext.vertx,2016-09-15,original
alvilgau,de.htwg.xtext.setGame,2016-06-24,original
arnulfo-rodriguez,XtextClosureExample,2012-02-21,original
rdurelli,com.br.refactoring.xtext.dsl,2014-04-29,original
tmtron,xtext.15minTutorial.project,2016-12-13,original
agentlab,eclipse-orbit_xtext-web-dsls,2016-10-07,original
threadedblue,org.eclipse.xtext.example.domainmodel,2016-08-16,original
cdietrich,xtext-existing-metamodel-gradle-example,2016-10-01,original
wrungel,tycho.xtext.mwe2.test,2014-01-27,original
DemidovAlexander,Xtext_MiniJava_IDE,2016-02-04,original
ftmdida,xtext_code_gen_version_2,2015-11-27,original
vaulttec,isis-script,2015-07-05,original
cdietrich,xtext-gradle-plugin-issue-60,2016-08-03,original
thowin,ituXtextLandin2Configurator,2016-12-06,original
jkouwer,basicfamily,2014-03-24,original
goldschmiede,2011-02-18_xtext_apache_wicket,2013-01-21,original
Dexels,navascript-editor,2021-02-05,original
deparlak,de.htwg.mdsd.xtext.portals,2015-05-19,original
shashwatanand,org.shashwat.xtext.smallJava,2015-08-01,original
mmalohlava,gpp-for-xtext-master-thesis,2015-03-14,original
dexz92,Integrating-Xtext-and-JavaRAG,2016-07-13,original
Rodolfocostapr,org.xtext.example.pascalitoOld,2017-07-05,original
LiamWalsh98,nusmv-xtext-lsp,2020-08-10,original
fuinorg,xsample,2013-09-29,original
florianpirchner,beantypes,2016-07-30,original
cdietrich,xtext-gradle-plugin-issue-61,2016-08-03,original
rdurelli,com.br.refactoring.xtext.dsl.ui,2014-04-29,original
threadedblue,org.eclipse.xtext.example.domainmodel.tests,2016-08-16,original
rdurelli,com.br.refactoring.xtext.dsl.tests,2014-04-29,original
shashwatanand,org.shashwat.xtext.smallJava.ui,2015-08-01,original
tmtron,xtext.eclipse.15minExtended.project,2016-12-16,original
chqu1012,MetroUiDescriper,2015-06-13,original
eventB-Soton,XUML_B,2019-01-10,original
jacruzca,xtext-multilanguage-multiple-target-impl-reuse,2013-10-18,original
qscdfg,mybash,2016-05-20,original
eirikg,XbaseSiriusIntegration,2016-07-10,original
nohum,android-code-generation,2015-01-01,original
gvd,zest-sm,2012-03-04,original
uqbar-paco,declaratividad-orm-java,2013-10-24,original
shashwatanand,org.shashwat.xtext.smallJava.tests,2015-08-01,original
dhakehurst,net.akehurst.example.xtext.vertx.lsp,2016-09-21,original
hakimuga,BIP-language,2021-03-25,original
goldschmiede,2011-04-29_xtext_service_repository,2013-01-21,original
markusvoelter,DSLEngBook-Xtext-P3Demo,2011-05-29,original
ESIR2Compilation,PrettyPrinter,2015-11-09,original
bmael,MVCLang,2013-11-13,original
renaudhelias,MameVHDL,2015-08-11,original
felipedf,compiler,2016-01-27,original
marcotinacci,XTuring,2012-11-06,original
threadedblue,org.eclipse.xtext.example.domainmodel.ui,2016-08-16,original
joergreichert,OperationsResearch,2013-06-02,original
tommyettinger,julepp,2016-07-26,original
masters-info-nantes,SmokingText,2015-11-04,original
daniel-laszlo,temalabor,2016-12-07,original
Quingo,compiler_xtext,2020-08-16,original
vorburger,FormGeneratorPOC,2015-01-09,original
nittka,pocesl,2013-01-22,original
logicfish,POMText,2013-02-25,original
cdietrich,https---github.com-meysholdt-xtext_stateful_lexer,2013-01-18,original
jpaw,bonaparte-apidsl,2015-04-01,original
meysholdt,performance_probes,2013-04-26,original
avaranovich,megal-xtext,2014-06-07,original
trifonnt,net.adempiere.dsl.properties.spring.parent,2018-08-05,original
cokeSchlumpf,bashdsl,2018-10-15,original
ceefour,emf-sandbox,2012-06-18,original
nittka,Jtag,2017-03-05,original
mythicfreak,aomxsgrammar,2014-08-03,original
nittka,Xarchive,2016-11-06,original
rquinio,ck2xtext,2016-01-20,original
DavidFosterLuhmann,high-dim,2013-02-17,original
test-editor,deprecated-test-editor-index-backend,2017-11-14,original
sidz8690,EasyUnit,2011-12-27,original
lsotnk,lsotnk.xbase.launching,2017-12-22,original
Minres,CoreDSL,2020-09-23,original
graph-quilt,graphql-xtext,2019-11-25,original
softlang,megal-xtext,2018-04-18,original
raghvendra-v,tosca-yaml-lsp,2019-06-03,original
RvonMassow,xDoc,2010-08-25,original
N0P0x90,EclipseExamples,2016-01-21,original
martinmuellenberg,cityplanning,2012-11-27,original
newdigate,soa-dsl-scaffolding,2015-03-11,original
code-kontor,openCypher-Xtext,2019-01-04,original
nittka,ASP,2013-04-28,original
LiamWalsh98,tumlrt-language-server,2020-01-30,original
danhaywood,kemble,2013-09-09,original
schakko,bsc-thesis-documentation,2013-03-04,original
vorburger,eLang,2011-08-07,original
timeraider4u,external_jar_download,2016-11-20,original
fuinorg,org.fuin.dsl.ddd,2014-03-28,original
HolyCityAudio,SpinCAD-Builder,2015-01-20,original
sebastianbenz,xgherkin,2011-07-07,original
alexisfacques,dsl-feature-modelling,2017-12-15,original
Minres,RDL-Editor,2017-09-12,original
JPL-IMCE,gov.nasa.jpl.imce.oml.core,2017-02-20,original
PuneetPatwari,system-map-maker,2014-09-17,original
atanaka,DomainmodelWithCrossReference,2017-05-06,original
rainerschuster,eclipse-webidl,2014-12-14,original
rowlo,testdsl,2016-08-01,original
marklemay,tptpParser,2013-11-24,original
WesleyMarques,CompiladorJava,2015-06-07,original
tommyettinger,kobold,2016-06-23,original
cedricvidal,protobuf4e,2016-10-16,original
NaoMod,MiniTL,2023-02-15,original
ksza,Bicycle-Shop,2013-08-03,original
nittka,terminology,2013-02-22,original
ssi-schaefer,lcdsl,2017-02-01,original
LorenzoBettini,edelta,2017-07-14,original
deb-sandeep,com.sandy.xtext.jovenotes,2015-05-14,original
arbennett,ParserGeneratorExample,2016-02-03,original
OElabed,Model-Driven-Engineering--Eclipse-RCP-plugin--Software-product-line,2014-12-16,original
hishidama,xtext-dmdl-editor,2013-08-19,original
cwiscount,mydsl-emf-gen,2017-11-07,original
rmuecke,clinicaltrialcreator,2010-02-15,original
opcoach,datasample,2020-10-11,original
diverse-project,melange-studio,2016-04-12,original
marcotinacci,Event-Oriented-Language,2011-07-25,original
eclipse,epsilon,2022-09-26,original
marcotinacci,SwarmRobotics,2012-04-14,original
Padmar1995,gh,2017-10-24,original
,,ERROR,ERROR
