owner,repo,real_created_date,date_source
waynepiekarski,XTextureExtractor,2018-01-15,commit_based
TypeFox,theia-xtext-sprotty-example,2018-12-12,api_based
altran-mde,xtext-sirius-integration,2017-08-14,commit_based
NielsLiisberg,RPG-lexer,2019-12-03,api_based
TypeFox,vscode-xtext-sprotty-example,2020-10-07,api_based
eclipse,xtext-website,2011-07-13,commit_based
UnBCIC-TP2,Oberon-IDE,2021-05-19,api_based
PacktPublishing,Implementing-Domain-Specific-Languages-with-Xtext-and-Xtend,2019-05-10,api_based
resloved,xtext,2019-03-28,api_based
lurenzhangdeshuai,EmojiText-XText,2022-01-02,api_based
kuniss,xtext-ide-extensions,2019-02-23,api_based
Mabar16,xtextMath,2020-03-22,api_based
MISO4202,co.edu.uniandes.gramaticajmeter,2019-03-29,api_based
preesm,ripacola-xtext,2019-04-29,api_based
GiordanoT,ocl-xtext,2022-11-30,api_based
TypeFox,xtext2langium,2022-10-27,api_based
pen-zhang,xtext_elm_editor,2020-12-27,api_based
ravornyo,xspice,2022-03-13,api_based
OpenSextant,XText,2018-05-15,api_based
laubfall,jugh-xtext-arkanoid,2018-03-21,commit_based
khabdrick,LambdaXtextract,2022-03-11,api_based
bsati,mgpl-xtext,2021-02-01,api_based
urbanoanderson,xtext-gait-model,2019-02-20,api_based
TopXDevTeam,TopXTextUI,2023-11-14,api_based
ngreve,xtext_web,2020-03-04,api_based
nmaoez,composer-language-server,NOT_FOUND,NOT_FOUND
FAMILIAR-project,xtext-dsl-compiler-example,2020-11-03,api_based
HermanPeeren,eJSL-ANTLR4,2021-12-02,api_based
program-in-chinese,xtext_tutorial_15_min_zh,2018-01-19,api_based
cau-se,sprat-ecosystem-dsl-xtext,2019-07-19,api_based
raptor494,Xtext-Minecraft-JSON-Languages,2020-04-11,api_based
SuelanyBrito,JFlex_CUP_XText_SQL,2020-11-18,api_based
idiomaticsoft,xtext-tips,2022-03-17,api_based
tshoang,Simple-Barebone-XText-based-IDE,2020-10-23,api_based
MISO4202,xtext-egl-sql2java,2019-02-15,api_based
oliverablagojevic,QuestionnaireDSL,2020-07-16,api_based
hvbargen,meth,2022-04-18,api_based
zxhr,gradle-xtext-generator,2020-05-31,api_based
tmtron,ex.xtext.lsp,2018-01-19,api_based
echebbi,standalone-xtext-example,2018-02-06,api_based
darvasd,xtext-docs-gen,2018-03-31,api_based
cesarlaso,tfm-udima-arquitectura-del-software-dsl-ecore-xtext-emf,2018-06-19,api_based
ElBilbao,DSL-Wizard-Creator,2020-08-31,api_based
Zannith,XtextTest,2018-06-15,api_fallback
AnnaLenaMeiners,XtextExamples,2021-01-02,api_based
Kerolos77,XTextEditor,2021-01-04,api_based
ScytherTool,dsl,2023-05-22,api_based
holgerschill,xtextCodebuff,2018-10-18,api_based
devzwy,XTextView,2022-01-13,api_based
mraminella,XtextExamples,2018-05-31,api_based
msntts,XtextStudy,2021-04-21,api_based
chiachong,XTextClassification,2022-02-23,api_based
vinisbranco,XtextGerador,2018-08-31,api_based
pakhopav,XtextPlugin,2021-08-11,api_based
IamRaziel,XtextTutorial,2021-05-05,api_based
dstoft,XtextWorkspace,2021-03-10,commit_based
MisbahAwan,XtextCollaborativeEnvironment,2023-12-28,api_based
pakhopav,XtextLanguage,2019-08-09,api_based
fonuhuolian,XTextView,2018-10-19,api_based
RomainLefeuvre,xtextHW,2021-11-24,api_based
BestCoderXQX,XTextFlagDemo,2018-06-26,api_based
vinisbranco,XtextTrabalho2,2018-09-05,api_based
loicperreal,Xtext,2019-01-22,api_based
goflyboy,xtextsample,2021-02-19,api_based
SharkJ,XtextInheritanceTest,2018-12-19,api_based
hewenyuAndroid,XTextView-Android,2018-10-25,api_based
OLibutzki,XtextExtras446,2019-06-17,api_based
vinisbranco,XtextJavaScript,2018-08-22,api_based
AndreasGroentved,XtextDSL2018,2018-04-22,api_based
robertchristen,XTextCategorizer.Demo,2020-05-03,api_based
alvarofpp,tutorial-xtext,2021-11-06,api_based
pakhopav,XtextLanguageGradle,2019-08-27,api_based
pakhopav,xtext,2019-08-02,api_based
adamhorvath88,Xtext,2021-02-13,api_based
0xMYsteRy,Xtext,2022-04-20,api_based
taylorlohan,XtextHealth2.0,2021-04-13,api_based
Caroline66666,xtext,2022-01-20,api_based
xuxiaowen87,XText,2020-04-24,api_based
MisbahAwan,xtext,2021-11-30,api_based
ichxorya,failed-xtext2vscode-example,2022-11-22,api_based
uqbar-project,xtext-tortuga-lang,2015-06-06,api_based
RobMoloney,xtext,2021-10-20,api_based
l1ppe,xtext,2019-07-02,api_based
madhouni,wps-ecore-ocl-xtext,2018-02-05,api_based
MISO4202,uniandes.mdd.xtext2xmi,2019-05-13,api_based
tchebs,xtext,2018-10-04,api_based
mlopez8621,xtext,2019-09-18,api_based
gvd,xtext-sm,2012-03-04,api_based
ShivaniBali,Theia-Xtext-Yangster-Project-,2017-05-08,commit_based
ehah,XtendExample,2018-04-19,api_based
meysholdt,e4dsl,2010-07-02,api_based
vks2106,prenum,2021-02-18,api_fallback
drkstr101,hello-xtext,2020-05-30,api_based
arthurmosley,Essex-Test,2018-06-08,api_based
eclipse,xtext-website-publish,2022-10-24,api_based
jflopezfernandez,xtextutils,2019-02-21,api_based
AlanQuadros,xtextlpmangan,2018-03-21,api_based
akademia,ontouml-xtext,2011-03-01,api_based
OezzyB,e-portfolio-Xtext,2018-05-19,api_based
pablitar,firewall-xtext,2013-06-26,api_based
zinon,xtextminer,2020-06-10,api_based
mustafa231,xtexteditor,2021-01-04,api_based
MOSafely,xtextrepo,2022-04-05,api_based
sahrmann,xtext-json,2017-08-08,api_based
LorenzoBettini,xtext-domain-model-guice-5,2021-05-20,api_based
BlackBeltTechnology,karaf-features-eclipse-xtext,2019-04-28,api_based
vashchenkov,xtext-samle,2018-10-17,api_based
germono,FormXtext,2020-06-02,api_based
santoshdeshpande,wwf-xtext,2011-07-19,api_based
ShrawanBK,xtext_salestransaction,2022-02-06,api_based
t-buss,mgpl_xtext,2017-01-18,api_based
szschaler,henshin_xtext_adapter,2018-06-20,api_based
kuniss,Aqua,2014-12-25,api_based
Scholvac,EclipseTaskJuggler,2015-08-03,api_based
efuentesp,Xtext-UCS,2018-05-29,api_based
rainerschuster,sygus-ide,2016-08-20,api_based
wibeck,testXtext,2019-05-27,api_based
msun68,xtext-examples,2020-01-21,api_based
xTexturedxx,xTexturedxx,NOT_FOUND,NOT_FOUND
HexXText,HexXText,2022-05-03,api_based
Gricel-lee,Xtext-Maven,2023-08-15,api_based
kolchanov,org.xtext.example.mydsl.parent,2020-02-19,api_based
Communote,communote-restws,2016-06-27,api_based
EvdokimovMaks,xtext-expressions,2019-12-11,api_based
Sorokatov,xtext-demo,2020-04-30,api_based
JoostvanPinxten,SDF3-editor,2015-02-24,api_based
atanaka,experimental-rmodp-dsl,2012-05-13,api_based
r4mtor,xtext-talks,2017-06-23,commit_based
nbhusare,xtext-playground,2020-09-02,api_based
kokostino,xtext_kokomodel,2021-08-29,api_based
leolimasa,reqlang,2014-07-14,api_based
helunwencser,PAOC,2014-12-24,api_based
lahirugayanga,xtext-projection,2018-12-28,api_based
daniel614,xtext-webapp,2018-06-17,api_based
Spiderixius,DSLIndividualXtext,2018-05-18,api_based
rainerschuster,tlsf-ide,2016-08-21,api_based
rainerschuster,asdl-ide,2017-05-03,api_based
torosky,Libreria-Xtext,2018-02-22,api_based
MaxiEckert,Xtext-example,2018-05-27,api_based
as500,xtext-rpgle,2019-06-24,api_based
JavierOramas,AudiXText,2020-11-28,api_based
xtext,xtext-monorepo,2008-05-09,commit_based
vjordan,Xtext_browser,2019-03-20,api_based
Yop-La,xtext_project,2019-03-03,commit_based
JesterOrNot,Gitpod-XText,2020-05-18,api_based
eclipse,xtext-archive,2008-05-09,commit_based
Lethalaric,xtext-learning,2023-08-01,api_based
DSIE2,tr.xtext,2018-06-25,api_based
ShivaniBali,Theia-Xtext,2018-03-13,api_based
kthoms,xtext-webinar,2018-06-18,api_based
jonathankoehn,entitygenerator,2016-12-22,api_based
zhanglin2018,learnXtext,2019-06-03,api_based
seebgar,Xtext-Projects,2020-02-27,api_based
marcusphi,polopoly-dsl,2012-04-28,api_based
AbQadirr,dialogXtextflow,2023-12-29,api_based
stolorz,RankPL-EclipsePlugin,2017-03-31,api_based
arockiaraj1994,xtext-mvn,2019-09-05,api_based
moein9,passXtext,2022-05-11,api_based
saivarunr,xtext-editor,2018-01-23,commit_based
JesterOrNot,xtext-cli,2020-01-29,api_based
Somiacao,xtext-web,2019-12-19,api_based
abieren,MDSD-Xtext-Project-for-JavaFX,2020-01-18,api_based
LIONant-depot,xtexture_compiler,2021-09-30,api_based
tchebs,xtext-example,2018-10-04,api_fallback
ballcoach12,xtext_samples,2018-02-16,api_based
AssaX0,MDSE-xtext,2021-06-01,api_based
samples-projects,sample-xtext,2019-02-03,api_based
karthik137,xtext-demo,2020-05-13,api_based
MDE-Course-23-24,SIRIUS-XTEXT,2023-12-13,api_based
George-6629,Lobster-language-conversion-sql-language-based-on-Xtext,2021-04-13,api_based
laurocesar,xtext-domainmodel,2021-05-14,api_based
Yahaya12,Xtext-project,2021-09-15,api_based
malhxr,SpeechXtext,2022-06-06,api_based
stanimirovv,xtext-extractor,2022-03-16,api_based
3m3k3,xtext-congen,2023-04-09,api_based
uqbar-paco,firewall-dsls-externos-xtext,2013-11-21,commit_based
Mehdi23,FlexoModelingLanguage,2013-07-20,api_based
tmtron,ex.xtext.twog,2018-01-27,api_based
sbrocard,statemachine-generator,2015-03-02,api_based
Webastronaut,mgpl,2019-02-05,api_based
adrianrutle,PCS953-EMF-Exercise,2019-03-08,api_based
magick93,xtext,2019-02-12,api_based
yamen-njm,IotXtext,2019-01-09,api_based
blue995,xtext-orm,2018-06-20,api_based
epsilonlabs,emc-xtext,2022-01-13,api_based
katmatt,graphql-xtext,2020-11-02,api_based
lvanzeun,ulm-xtext-test,2018-07-24,api_based
purerstamp,N7.compilateur,2018-09-07,api_based
jaedabee,xtext-gradle-test,2020-04-13,api_based
MassiBelaid,M-langeuse-Xtext,2020-11-29,api_based
HouseBuilder-MDE,HouseBuilder-Xtext,2021-07-15,api_based
random-eclipse,nix-eclipse-xtext,2018-04-16,api_based
meta-doodle,Xtext_Gradle_Test,2020-02-19,api_based
coffeeframework,HLVL,2020-10-07,api_based
MaximilianKoestler,vscode-xtext-links,2020-11-03,api_based
AhmedEssam2212,xText-Editor-,2021-01-04,api_based
adrinerDP,DSL-with-Xtext,NOT_FOUND,NOT_FOUND
cdietrich,xtext-domainmodel-ls,2023-02-10,api_based
tmtron,ex.xtext.ml,2018-02-26,api_based
andrewsandu,xtext-web-example,2018-07-27,api_based
pngowda,xtext-build-tools,2018-12-03,api_based
SharkJ,xtext-dsl-sample,2018-11-30,api_based
hammedb197,team-hacktive-xtext,2019-07-08,api_based
SimonCockx,xtext-monaco-example,2022-10-31,api_based
mister-walter,xtext-folding-issue,2023-10-23,api_based
alexvolh,xtext-xml-grammar,2018-10-04,api_based
SharkJ,my-theia-xtext,2018-11-21,api_based
bogdanvuk,xvhdl,2015-08-04,api_based
vjordan,Xtext_directory-file,2019-03-20,api_based
JosBouwhuis,xText-DSL,2019-05-24,api_based
CS130-W20,assignment-2-xtext,2020-02-26,api_based
lunifera,xtext-jvmtypeprovider-standalone,2023-01-28,api_based
bobbyfisher1,eclipse-workspace,2018-05-02,api_based
dsl-course,xtext-entities-tutorial,2020-03-09,api_based
Highbrainer,xtext-pde-target,2024-01-30,api_fallback
jonev,HTTP-REST-test-DSL,2020-12-06,api_based
XIECHO,qingo_xtext_documentation,2019-12-13,api_based
FariSoftware,xtext-problem-matcher,2021-04-08,api_based
ShrawanBK,xtext.sales.transactions,2022-02-06,api_based
Lzgpom,xtext-gen-extension,2022-06-23,api_based
drkstr101,Domainmodel,2020-04-30,api_based
vinicius0197,expressions-dsl,2020-04-30,api_based
LorenzoBettini,xtext-xdoc-releases,2021-04-02,api_based
KarstenWilken,xTextForum,2018-11-19,api_based
S-wald,xtext-plugin-gradle,2022-11-12,api_based
lahirugayanga,xtext-example-dsl,2018-12-03,api_based
cdietrich,xtext-fragment-experiments,2021-09-29,api_based
cdietrich,xtext_bug_1974,2021-10-05,api_based
bergmanngabor,xtext-railmap-demo,2018-10-25,api_based
mchlrch,xtext-intro-bfh,2018-12-10,api_based
EvdokimovMaks,xtext-example-entities,2019-10-10,api_based
cipek,MyFirstXText,2019-06-13,api_based
pngowda,xtext-ci-libs,2019-02-08,api_based
paulvberlin,BaSiriusXtext,2019-02-19,api_based
rainerschuster,yacc-ide,2016-08-22,commit_based
frademacher,xtext-jpms-test,2022-03-02,api_based
xtext,xtext-monorepo-lfs,2023-03-06,api_fallback
LorenzoBettini,xtext-build-utils,2020-01-27,api_based
cdietrich,xtext-two-dsls,2023-12-29,api_based
balazsgrill,xtext_bug508518,2018-07-24,api_based
Tim-S,xtext-valueconverter-example,2018-08-16,api_based
ayakurtam,xText-Editor,2021-01-05,api_based
elite-se,elite-se.xtext.languages.plantuml,2020-07-09,api_based
xtext,xtext-orbit-replacement,2022-04-08,api_based
fedorov-vk,xtext-xcore-sample,2023-12-11,api_based
gustavotemple,mo631xtext,2019-11-26,api_based
Tim-S,xtext-mapbasedscope-example,2018-07-05,api_based
shakenetwork,xTextHandler,2016-06-19,commit_based
GabrielBozza,ProjetoXtextPFC,2021-09-05,api_based
HexXText,HexXTextSMP,2022-05-03,api_based
snarkipus,xtext-dsl-book,2022-07-30,api_based
fedorov-vk,xtextxtend-book-examples,2023-04-24,api_based
ArneDeutsch,xtext-gradle-example,2018-08-07,api_based
oliver-reinhard,xtext-ppt-demo,2019-02-16,api_based
tpluscode,xtext-completion-nullpointer,2019-07-19,api_based
idiomaticsoft,sbt-xtext-plugin,2019-12-23,api_based
vinicius0197,metacrysl,2020-05-27,api_based
ubx,openair,2011-03-21,api_based
kulcsii,xtext-railmap-theia,2019-11-27,api_based
NiccoMlt,xtext-showdown-grammar,2020-04-28,api_based
NinjaArmy,xtext-language-server,2022-02-10,api_based
jnt0r,xtext-npe-reproducable,2023-06-11,api_based
szarnekow,mongoBeans,2012-06-01,commit_based
cs130-w21,statemachine,2021-02-05,api_based
csbc92,MDSE-assignment3,NOT_FOUND,NOT_FOUND
ghillairet,org.example.mydsl.parent,2018-10-12,api_based
antoine-morvan,caph-java-parser,2019-04-18,api_based
abatti,XTEXT_FACPL3_PreserveVarious,2018-06-15,api_based
tfLabs,xtext-languageserver-example-duplicator,2020-12-23,api_based
LorenzoBettini,xtext-maven-plugin-example,2021-06-21,api_based
cdietrich,xtext-eclipse-issue-1009,2019-03-18,api_based
patrickneubauer,UoY-MODE-XTEXT,2018-10-08,api_based
mdsd-team-1,photos-xtext,2019-06-18,api_based
cdietrich,theia-xtext-vscode-example,2020-09-14,api_based
cdietrich,j9-tycho-xtext,2018-01-09,api_based
loradd,xtext-lsp-ecore-support,2019-09-30,api_based
nnn911,LaTeXTextOverlay,2024-02-09,api_based
IbanezGio,VuC,2018-01-30,api_fallback
KasperGam,IGESImport,2016-06-22,api_based
ShahimEssaid,com.essaid.model.xtext,2023-11-13,api_based
gon10,EclipseRepoTese,2018-08-15,api_based
max-leuthaeuser,jmhmathexample,2018-10-10,api_based
tshoang,WhitespaceIDE,2023-10-26,api_based
seebgar,MISO4202-proyecto-xtext,2020-04-19,api_based
NiccoMlt,xtext-15-minutes-tutorial,2020-04-21,api_based
SharkJ,theia-xtext-extension-test,2018-11-19,api_based
jku-win-se,JsonBasedXtextGrammar,2021-04-23,api_based
altran-mde,xtext-sirius-integration.io,2018-10-16,api_based
cdietrich,xtext-core-issue-1835,2022-02-19,api_based
Zaki-Fadlan,xtext_getting_started_skilledup,2023-07-18,api_based
thlaegler,edilang,2022-04-19,api_based
rudi,xtext-emacs-lsp-demo,2021-05-01,api_based
fedorov-vk,apds_prototype,NOT_FOUND,NOT_FOUND
test-editor,test-editor-xtext-gradle,2018-10-04,api_based
Ixgauth,perspectiveDSL-Sirus-Xtext,2021-03-16,api_based
keve98,SzakD_xtext_xtend,2021-05-03,api_based
silvergl,xtext-headless-rcp-example,2022-05-06,api_based
reinaqu,bpmnFromXtextDSL,2022-07-16,api_based
xtext,xtext-p2-orbit,2018-08-29,api_based
dsl-course,xtext-tutorial-turku-interim,2020-03-30,api_based
tfLabs,xtext-lsp-validation-anyway,2020-10-20,api_based
BalzGuenat,xtext-bug-minimal-example,2018-03-07,api_based
dmfullstack,org.xtext.example.mydsl,2017-08-30,commit_based
zhou-jg,tefler,2015-06-23,api_based
cdietrich,xtext-languageserver-example-simple,2021-10-18,api_based
msntts,Xtext-Standalone-fat-jar,2022-01-16,api_based
oldulov,cfeditor,2018-01-25,api_based
LorenzoBettini,xtext-type-errors-examples,2018-05-21,commit_based
claudenirmf,OntoUML-2.0-Xtext,2018-04-04,api_based
Mehmetcanss,example_xtext_language_server_vscode,2019-01-11,api_based
lidochca,xtext.skip.build.before.rename,2020-01-22,api_based
cdietrich,xtext-maven-plugin-coverage-example,2021-06-25,api_based
Kevin-Philip,TP_etudiant_Compilax,2018-11-06,commit_based
bproenca,mpti-dsl,2021-11-14,api_based
tshoang,BareBonesIDE,2023-10-26,api_based
tareklel,PDFtoText,2020-04-04,api_based
TVTower,TVTBlitzmaxEditor,2020-12-14,commit_based
cdietrich,xtext-multi-dsl-manual-metamodel,2021-06-14,api_based
hallvard,xost,NOT_FOUND,NOT_FOUND
davidmpaz,log-book,2023-02-19,commit_based
oliver-reinhard,xtext-scoping-default-imports-demo,2019-05-23,api_based
szarnyasg,sql-pgq-xtext,NOT_FOUND,NOT_FOUND
MISO4202,uniandes.mdd.example.create-xtext,2019-02-15,api_based
NaoMod,XText-Language-Server-in-VSCode,2022-02-17,api_based
protossoftware,ReqText,2016-06-24,api_based
cdietrich,simple-xtext-parallel-load-example,2021-06-07,api_based
bobbyfisher1,expressions,2018-05-09,commit_based
vztpv,ClauTextWithEclipse,2017-11-24,api_based
tfLabs,xtext-n4js-lsp,2020-09-27,api_based
yishakabreham,mde.sales.transactions.xtext.4,2022-02-06,api_based
Rajesh2015,DSL-using-Xtext-and-Xtend,2018-03-30,api_based
cdietrich,xtext-lsp-tests-with-tycho,2021-11-25,api_based
CarlosAsrc,Reconhecedor-scheme,2019-03-29,api_based
oliver-reinhard,xtext-scoping-default-namespaces-demo,2019-02-16,api_based
TVTower,TVTDatabaseEditor,2021-04-07,api_based
Tim-S,ReqLNG,2017-04-21,commit_based
mzaks,petrinet_dsl,2011-07-17,api_based
sumeetchhetri,faugjs-eclipse-plugin,2019-05-14,api_based
JensBAndersen,PolicyLanguage,2019-04-11,api_based
GlancingMind,xtext-lsp-missing-deleteFile-impl,2023-05-06,api_based
zmy3036190149,theia-xtext-pf-v1-backup,NOT_FOUND,NOT_FOUND
MDSDLab,mdsd-2023-lab2-xtext-xtend,2023-09-22,api_based
tshoang,XMarking,2018-05-28,api_based
SimonCockx,xtext-assertAllWhitespaceIsFormatted,2023-01-18,api_based
tombk556,SF_Factories_Beleg2324_Xtext_DSL,2024-01-10,api_based
DonatasC,CodeGeneration,2018-01-21,api_based
NSaitoNmiri,toppers_cfg_xtext,2019-05-24,api_based
zs6jce,x400-xrpgle,2018-07-18,api_based
cyrilnavessamuel,TripManagment,2018-06-07,api_based
paullewallencom,xtext-xtend-978-1-7864-6496-5,2020-12-06,api_based
osarenogae,fault_trees_textual_editor,2021-04-13,api_based
vorburger,xtend-StackOverflowError-issue461,2018-06-01,api_based
JoaoMAlmeida,projetoCompiladores18-2,2018-10-18,api_based
Bisssen,math_assignment_3_math_compiler_xtext_and_xtend,2021-04-13,api_based
vks2106,domain.model,2022-01-17,api_based
metafacture,metafacture-flux,2020-11-13,api_based
mrtnstn,example-script-language,2018-04-19,api_based
Michel-Nassalang,eclipse_workspace,NOT_FOUND,NOT_FOUND
varadbal,FunPL,2018-08-27,api_based
kecksk0enig,vuc-xtext,2018-01-16,api_based
EightPillars,NmtranEditor,2018-02-19,commit_based
DSIE2,Implementing-observer-design-pattern-with-Xtext-and-Xtend,NOT_FOUND,NOT_FOUND
ooaa30,Wail,2020-08-17,api_based
rainerschuster,jdl-ide,2016-08-07,api_based
mischnic,bachelors-thesis,2022-03-16,api_based
cs130-w22,statemachine,2022-01-03,api_based
evandor,skysail-prototypr-dsl,2016-09-15,api_based
houssemradhouane,Meta-Modelisation-of-Games-Using-UML-Eclipse-Xtext-Acceleo-JAVA,2021-11-30,api_based
mdsd-team-1,domain-specific-language,2019-06-10,api_based
PalladioSimulator,Palladio-Editors-VSCode,2020-02-06,commit_based
nils-christian,xtend-active-annotation-issue,2018-12-10,api_based
modicio,feature-dsl-tools,2023-05-12,api_based
HBuender,Aim42Visualizer,2019-05-16,api_based
scanyboss,ide-yourdsl,2018-10-20,api_based
spirvdev,dumpsymb,2022-07-15,api_based
adautofbn,pascal-xtext,2018-10-18,api_based
agonzalezgaliana,mydsl-language-server,2022-02-25,api_fallback
codezork,DSL-Blog,2019-10-26,api_based
LorenzoBettini,issue-2000-example,2022-11-15,api_based
bogdanvuk,xrst,2015-07-19,api_based
scanyboss,hello-world-language,2019-04-09,api_based
joerg-holtmann,Pretty-Printer_Language-Analysis,2021-11-25,api_based
nakul02,sysml.dml,2015-12-18,api_based
HermanPeeren,eJSL-MPS,2021-12-10,api_based
matheuslenke,Xtext-UML,2021-09-21,api_based
mdsd-team-1,dsl-layered-style,2019-06-10,api_based
larissafiorini,t2-lingProg,2018-04-06,api_based
ragben,NetzDsl,2018-01-06,api_based
EricssonPlant,plantuml-xtext-light,2015-06-11,api_based
gyaltso,Eclipse-Training-Schedules,2020-01-17,api_based
wzurborg,xtend-example,2020-04-07,api_based
alexwatts,xtext-j2ee-dsl,2013-05-16,commit_based
oyse,jetson,2010-11-05,api_based
dsanmartins,Entidades,2020-11-04,api_based
evansnicholas,yaxpath,2014-03-09,api_based
jonaslagoni,JSON-Schema-to-internal-DSL,2020-04-02,api_based
robinguill,DSL_UML_INSA,2020-12-18,commit_based
DedalArmy,SpringDSLJava,2018-10-24,api_based
Vallenstein,xtext_web,2020-10-09,api_based
nkonev,CalcXtext,2013-09-29,api_based
casino-mdd,DSL,2019-06-18,api_based
fayssalElAnsari,Kotlin-Meta-Model,2023-03-09,api_based
Wilson008,GrammarGenerator,2024-02-04,api_based
lowcomote,DBML-to-ER,2022-11-17,api_based
agentlab,PowerLoomDSL,2017-01-23,api_based
ryangarvey,mde-spec,2021-02-12,api_based
bfMarcelino,SchemeLP,2019-03-29,api_based
henriklange,ifcBrickConvert,2018-04-25,api_fallback
Virtlink,paplj-xtext,2017-02-20,api_based
claudenirmf,TPTP-Editor,2019-03-08,api_based
UnBCIC-TP2,Oberon-XText,2021-04-22,api_based
henriklange,ifcBrickConvertDsl,2018-04-25,api_based
PikaQin,XModel-Code-Converter,2020-06-16,api_based
helloyaqin,XModel-Code-Converter,2020-06-16,api_based
Garlo13,CEPStaticAnalysis,2018-07-05,api_based
Frederic-Boulanger-UPS,MiniARM-feature,2022-07-30,api_based
sderrien,Uclid-editor,2021-01-16,api_based
MDEGroup,metatemplating,2021-02-24,api_based
abdullah-4Mohammed,AWS-EC2-Service_DSL-EMF,2022-12-13,api_based
grammeaway,math-interpreter-dsl,2021-03-25,api_based
ahmedsaleh1998,concept_project,2021-01-04,api_based
Chaimaa-Louahabi,Model-Driven-Engineering,2021-03-04,api_based
augustin-rialan,IDM,2019-01-01,commit_based
MisbahAwan,SeamlessRuntimeTransformations,2022-05-17,api_based
ProjetoDSL,CanopusDesign,2019-04-05,api_based
Ryuzaki101,Workbench,2023-04-22,api_based
eclipse,xtext,2008-05-09,commit_based
eclipse,xtext-core,2008-05-09,commit_based
eclipse,xtext-xtend,2008-05-09,commit_based
eclipse,xtext-eclipse,2008-05-09,commit_based
eclipse,xtext-extras,2008-05-09,commit_based
eclipse,xtext-web,2008-05-09,commit_based
xtext,seven-languages-xtext,2012-06-12,api_based
eclipse,xtext-maven,2008-05-09,commit_based
eclipse,xtext-lib,2008-05-09,commit_based
xtext,maven-xtext-example,2013-11-22,api_based
seebk,LaTeXText,2016-06-20,commit_based
cdietrich,xtext-languageserver-example,2016-06-29,api_based
eclipse,xtext-idea,2008-05-09,commit_based
adamschmideg,coffeescript-eclipse,2011-11-02,api_based
fanghuixing,XtextApricot,2013-10-06,api_based
xtext,xtext-gradle-plugin,2014-03-05,api_based
LorenzoBettini,packtpub-xtext-book-2nd-examples,2016-06-17,api_based
PrinceMei,xTextHandler,2016-06-19,api_based
LorenzoBettini,packtpub-xtext-book-examples,2013-08-01,api_based
theia-ide,theia-xtext,2017-05-08,api_based
svenefftinge,xtext-lsp-workshop,2017-06-12,api_based
ObeoNetwork,Xtext-Sirius-integration,2011-07-07,api_based
dslmeinte,Xtext2-DSLs,2011-07-20,api_based
mlanoe,x-vhdl,2014-12-29,api_based
sergiowebo,RaspduinoDSL,2014-05-11,api_based
eclipse,xtext-umbrella,2016-11-18,api_based
danieldietrich,xtext-protected-regions,2011-09-23,api_based
xtext,xtend-gradle-plugin,2014-02-25,api_based
aphethean,xtext-maven-examples,2012-10-02,api_based
ckulla,xtext-tycho-example,2012-01-22,api_based
vorburger,xtext-sandbox,2012-06-11,api_based
basilfx,xtext-standalone-maven-build,2017-05-22,api_based
JakeGinnivan,XText,2012-08-04,api_based
OLibutzki,xtext.tools,2013-11-22,api_based
majordomo,majordomo,2013-01-02,commit_based
LorenzoBettini,Xtext2-experiments,2011-11-21,api_based
eclipse,xsemantics,2013-10-22,api_based
xtext,xtext-reference-projects,2017-12-14,api_based
efuentesp,xtext-cobol,2020-12-04,api_based
dr-jam,ABL-XText,2022-11-12,api_based
fuinorg,emt-xtext-archetype,2013-10-04,api_based
eclipse-soc,amalgamation-examples-xtext,2011-07-20,commit_based
kthoms,xtext-experimental,2011-12-08,api_based
dsldevkit,dsl-devkit,2016-09-14,api_based
itemis,generator-xtext,2017-04-05,api_based
att,yang-design-studio,2015-10-28,api_based
martinbaker,xtextadd,2014-11-16,api_based
OliverScherf,MGPL-Xtext,2017-12-20,api_based
hachreak,dmss.pouex.xtext,2014-05-01,api_based
vladdu,xtext.unittesting,2011-03-17,commit_based
slizaa,slizaa-opencypher-xtext,2016-10-04,api_based
xpomul,cdo-xtext,2014-01-23,api_based
mark-christiaens,Xtext-Models-Stats-View,2011-05-27,api_based
TypeFox,xtext-jflex,2016-05-09,api_based
vorburger,eclipse-typescript-xtext,2013-11-15,api_based
patrickneubauer,XMLText,2015-06-25,api_based
xtext,org.xtext.antlr.generator,2008-09-17,commit_based
boalang,xtext-ide,2014-05-23,commit_based
pen-zhang,online_elm_xtext,2021-01-25,api_based
veraPDF,veraPDF-model-syntax,2015-05-05,api_based
TypeFox,languageserver-example,2016-06-13,api_based
josros,boby,2016-10-17,api_based
stephanrauh,JSFLibraryGenerator,2015-06-05,api_based
loonwerks,jkind-xtext,2013-09-04,api_based
TatyPerson,Xtext2Sonar,2016-04-04,api_based
TypeFox,xtext-vscode,2016-05-04,api_based
svenefftinge,Xtext-Workshop-Development-Workspace,2011-07-03,commit_based
cdietrich,xtext-uml-example,2015-06-09,api_based
cdietrich,xtext-maven-example,2013-12-30,api_based
Remypoc,CmooSimpleJ,2016-12-05,api_based
borgar,xtexts,2017-09-23,api_based
christopherosthues,mgpl-xtext,2018-04-18,api_based
dslmeinte,Xtext1-DSLs,2011-03-31,api_based
applause,applause,2011-03-16,api_based
LorenzoBettini,ecefrance2015-xtext-example,2015-06-17,commit_based
jcmm33,DirectXTextBlock,2015-02-11,api_based
dhuebner,xtext-apidiff,2015-07-21,api_based
appdev,XTextView,2015-09-15,api_based
oehme,xtext-maven-example,2014-08-07,api_based
SMadani,ThriftMDE,2016-08-23,api_based
xtext,xtext-external-editors,2015-12-16,api_based
itemis,xtext-generator-vscode,2016-07-21,api_based
soluvas,ecommerce-sample,2011-10-27,commit_based
tianguanghui,xTextHandler-objc,2016-07-04,commit_based
meysholdt,xtext_stateful_lexer,2012-06-04,api_based
holgerschill,XtextCon_Xcore_Maven,2015-05-12,api_based
scottopell,vim-xtext,2015-12-07,api_based
itemis,xtext-debug-example-no-xbase,2017-11-23,api_based
TypeFox,Xtext-XMI,2017-07-06,api_based
joergreichert,XtextPlayground,2012-04-30,api_based
wuwen1030,XTExtension,2016-06-23,api_based
eventB-Soton,XTheory,2018-05-26,api_based
JanKoehnlein,EclipseCon2013_XtextTutorial,2013-03-19,api_based
marnix,metamath-eclipse-xtext,2015-09-26,api_based
Modaptix,xtext-expressions,2015-07-08,commit_based
arturboronat,xtext.domainmodel,2016-09-23,api_based
otrosien,xtext-perl,2016-05-10,commit_based
cmendible,Hexa.xText,2011-07-18,api_based
SOM-Research,graphQL-xtext-grammar,2017-03-22,api_based
andrearn,org.fornax.soa.xtextservicerepository,2011-03-04,api_based
ujhelyiz,xtext-reflective,2012-02-15,api_based
szarnekow,xtextcon-xbase-example,2014-05-21,api_based
DonRenando,xtext,2015-11-12,api_based
cdietrich,xtext-languageserver-xbase-example,2016-08-11,api_based
test-editor,deprecated-test-editor-xtext,2015-05-06,api_based
awk-kazmin,eclipse_1C_xtext,2015-04-15,api_based
svenefftinge,fowlers-statemachine-with-expressions,2012-05-07,api_based
copton,XTextExamples,2010-07-09,api_based
GeekBugs,XTextView,2017-09-24,api_based
akosyakov,org.xtext.example.mydsl.idea,2014-07-14,api_based
Jaddison011,C4EventB,2023-03-06,api_based
HBehrens,Xtext2Workshop,2011-06-30,commit_based
GrupoHunter,Kukuroo,2013-11-30,api_based
itemis,xtext-languageserver-example-lsp4e,2016-12-07,api_based
fatalerrortan,Xtext_Xtend_HTML_Generator,2017-04-20,api_based
spoenemann,xtext-gef,2015-03-27,api_based
LinguaPhylo,linguaPhyloDSL,2021-03-19,api_based
jhonatan89,gen-angular-grammar,2017-08-11,api_based
LorenzoBettini,jbase,2015-09-08,commit_based
mn-mikke,Model-driven-Pretty-Printer-for-Xtext-Framework,2013-02-26,api_based
Buggaboo,xplatform,2014-03-31,api_based
cmark,androtext,2011-11-19,api_based
svenefftinge,homeautomation-example,2014-09-24,api_based
kainzpat14,xtext-plsql,2022-02-23,api_based
janesser,frege-xtext,2016-05-22,api_based
szarnekow,org.eclipse.e4.xcss,2010-10-22,api_based
LorenzoBettini,xtext-scoping,2012-05-29,api_based
JanKoehnlein,ESE-2010-Tutorial,2010-10-20,api_based
spoenemann,xtext-orion,2015-06-24,api_based
ryanignatius,CheckerDSL,2015-04-21,api_based
trichterwolke,init,2018-11-20,api_based
erlide,erlide_xtext,2011-05-23,commit_based
cdietrich,xtext-forum-support-example,2016-11-16,api_based
ESIR2Compilation,Langage-WHILE,2015-11-09,api_based
mattsse,xtext-fipa-acl,2018-03-05,commit_based
Sofiane-13,tutorialXtextSirius,2017-05-18,api_based
eclipse-soc,amalgamation-examples,2011-05-13,api_based
dvdkruk,xtext-xsd-resourceprovider,2015-11-17,api_based
kyberszittya,simple-ros-code-generator,2020-05-05,api_based
JanKoehnlein,Xtext-Syntax-View,2010-08-29,api_based
planger,xtext-uml-experiment,2016-09-22,commit_based
raglu,ExternalDSL-xtext,2021-04-20,api_based
uppaal-emf,uppaal-xtext,2022-12-04,api_based
drnappalm,xtext,2014-04-17,api_based
svenefftinge,Xtext-Workshop-Runtime-Workspace,2011-07-03,commit_based
martijndwars,XtextXT,2015-08-21,commit_based
nahni,xtextTessla,2017-09-06,api_based
baidty,xtextLearning,2016-04-11,api_based
MoayadHn,XtextBDI,2015-11-08,api_based
fzalila,XtextExperiments,2015-12-07,api_based
Girish-Venkatesh,XTextSelenium,2014-11-16,api_based
Vinayakatk,xtextScopes,2016-06-10,api_based
01Lizard10,XTextUML,2015-06-09,commit_based
Salome-Maro,XtextUtils,2014-07-07,api_fallback
robertovillarejo,kukulkan-grammar,2018-03-02,api_based
mraminella,xtextTests,2017-11-08,api_fallback
Alma2015RSABSAWA,XtextLangage,2015-11-25,api_based
myorb,XTextParser,2015-04-27,commit_based
Jhinnn,XTextView,2017-03-14,api_based
kathisai,xtextSample,2017-07-24,api_based
huibo-shi,XtextExamples,2016-02-05,api_based
osamu-k,XTextStudy,2014-02-09,api_based
Treehopper,XTextTemplate,2014-07-11,api_based
seba111,Xtext1,2013-03-18,api_based
shinesamjacob,XtextExample,2016-06-02,api_based
ajperalt,xtext,2013-10-21,commit_based
schakko,xtext-plugin-with-maven-tycho,2013-02-13,api_based
colameo,xtext4roo,2011-01-22,commit_based
vinpereira,XtextToXMI,2016-06-21,api_based
JanKoehnlein,XtextCon2014,2014-08-26,api_based
bink81,xtext-test,2016-02-24,api_based
xtext42,xtext42-coding,2017-03-25,api_fallback
borisbrodski,XtextBug437519,2014-11-13,api_based
hypery2k,xText,2011-12-15,api_fallback
borisbrodski,XtextBug453268,2014-11-26,api_based
Samirez,DSLs,2023-07-10,api_based
superxlx,XTextViewDemo,2015-05-10,api_based
johnBened,XtextMyDSLExample,2016-09-08,api_fallback
philiber92,XtextTestRepository,2015-09-20,api_based
fabienfleureau,XtextAtStackoverflow,NOT_FOUND,NOT_FOUND
yunxiaocloud,XTextFieldLimtDemo,2016-05-19,api_based
eclipse,xtext-gradle,2016-05-31,api_based
Mensmec,THESIS_XTEXT,2016-11-14,api_based
MacJariel,sandbox-dsl,2011-03-25,api_based
chetanladdha,XtextFormatingHoverSample,2017-03-28,api_fallback
ainslec,XTextCustomLexerExample,2013-04-14,api_based
hem28,DSL_Xtext2.3,2012-09-04,api_based
HBuender,XtextAndSiriusIntegration,2017-10-07,api_based
meysholdt,EclipseCon2014_XtextTutorial,2014-10-09,api_based
jaimedelgado,Xtext,2015-03-25,api_based
chris125964,xtext,2014-10-16,api_based
bujosa,smart-dsl,2023-07-01,api_based
martijndwars,Xtext,2015-04-26,commit_based
ozkandemir,XText,2014-01-12,api_based
johnahfong,xtext,2015-10-26,api_based
Mensmec,Xtext,2016-11-14,api_based
pellcorp,xtext,2016-02-02,api_based
Tutti91,Xtext,2015-06-11,api_based
ANCIT,xtext-examples,2017-07-14,api_based
DECENTSoftwareAssessment,dag.m1x,2013-10-11,commit_based
rmemory,xtext,2017-03-30,api_based
deb-sandeep,com.sandy.xtext.jovenotes.tests,2015-06-03,api_based
yasuohosotani,Xtext,2014-04-05,api_based
Nika24,Xtext,2017-05-11,api_based
BenediktNiehues,de.nie.fin,2012-10-26,api_based
AlexElvers,XText,2014-05-12,api_based
lakzso,xtext,2016-02-23,api_based
seba111,Xtext,2013-03-18,commit_based
MacJariel,xtext,2011-03-12,api_based
tmtron,xtext.15minTutorial,2016-12-13,api_based
blewis13,Boxes,2016-01-01,api_based
DECENTSoftwareAssessment,famix.m3x,2013-06-07,commit_based
dslmeinte,SimScript,2012-10-21,api_based
webdaford,aqleditor,2015-03-09,api_based
goldschmiede,2012-02-03_dsls_mit_xtext,2013-01-21,api_based
kthoms,org.eclipse.xtext.example.domainmodel,2011-07-08,api_based
Reitzner,xtextmaven,2016-03-03,api_based
hectorsun,xtextonboost,2016-05-16,api_based
duck2,xtextbg,2016-11-16,api_based
Xpitfire,xtext-dnn,2016-12-03,api_based
ceefour,glproto,2011-09-23,api_based
DECENTSoftwareAssessment,dag.m1x.tests,2013-10-11,commit_based
jcabot,WordPress-Plugin-DSL,2019-02-11,api_based
davidmpaz,php.ware.web.ui,2011-04-29,api_based
DanielWeber,xtextext,2010-10-04,api_based
fzalila,xtextfsm,2017-05-25,api_based
DECENTSoftwareAssessment,dag.m1x.sdk,2013-10-11,commit_based
jgoppert,xmodelica,2016-05-11,api_based
Vinayakatk,xtextgeneratetest,2016-02-18,api_based
stefano-bragaglia,Kinect-ECE-XText,2013-09-27,api_based
DECENTSoftwareAssessment,dag.m1x.ui,2013-10-11,commit_based
viatra,viatra-evm-xtext,2015-12-08,api_based
Cosimo5lli,assertx-swing,2018-04-16,commit_based
atb,pt.isep.dsl.puml,2019-12-19,api_based
benzait27,Xtext.Promo,2016-11-08,api_based
malakeel,myDsl,2016-06-05,api_based
npalix,org.eclipse.xtext.example.arithmetics,2016-12-08,api_based
sormgabriel,textual_verduler,2015-10-31,api_fallback
ekowahyudi,examplextext,2012-11-07,api_fallback
DECENTSoftwareAssessment,famix.m3x.ui,2013-11-05,commit_based
nakul02,sialx-xtext-ide,2014-06-19,api_based
kduske-n4,DomainModel,2016-09-12,api_based
Infoly,SmallJava,2017-01-22,api_based
inakuhn,de.htwg.mdse.setgame.entities.parent,2017-06-10,api_based
merks,Xcore,2011-08-02,api_based
DECENTSoftwareAssessment,famix.m3x.tests,2013-11-05,commit_based
SciSpike,yaktor-dsl-xtext,2016-05-25,commit_based
meysholdt,xtext_examples,2014-05-14,api_based
manuelleduc,xtext-lib,2008-05-09,commit_based
xarvey,atom-xtext-package,2015-10-03,api_based
LolloCorte,bpel-xtext,2011-09-08,commit_based
sciolizer,xtext-sandbox,2016-02-09,api_based
denschu,xtext-whitespace,2012-03-01,api_based
pablitar,claseXtext,2012-11-03,api_based
DECENTSoftwareAssessment,famix.m3x.sdk,2013-11-05,commit_based
tdegueul,xtext-composition,2014-07-03,api_based
danieldietrich,xtext-javatools,2013-01-16,api_based
Hellmy,plantuml-eclipse-xtext,2015-07-20,api_based
efuentesp,codebuilder-xtext,2016-07-09,api_based
zrrk,xtext-utils,2011-07-28,commit_based
juli1,xtext-debug,2015-05-22,api_based
nbhusare,Xtext-sandbox,2014-07-11,api_based
jachinte,xtext-grammars,2016-02-19,api_based
susieagerholm,XTEXT_EXAMPLE,2017-04-29,api_based
itemis,monaco-xtext,2017-01-26,api_based
xiaoyvr,xtext-demo,2013-03-20,commit_based
hmc-cs111-fall2015,picobot-XText,2015-11-18,api_based
yanntm,Xtext-Light,2017-05-20,api_based
quendimax,libXtextcursorchanger,2012-03-02,api_based
Ikraminfo,GrammaireXtext,2017-04-21,api_fallback
nickeeyyoo,xtext_project,2016-03-16,api_based
marinamygithub,xtext_project,2016-05-02,api_based
lukashaertel,xtext-xgen,2014-05-20,api_based
fmca,xtext-typesystem,2010-10-27,commit_based
almazhou,xtext-demo,2014-07-21,api_based
Huluvu424242,xtext.example,2016-04-29,api_based
kiddochan,xtext-typesystem,2010-10-27,commit_based
mmalohlava,ppXtext,2012-07-18,api_based
ponta027,xtext_practice,2015-05-12,api_based
bhdrkn,Xtext-Examples,2011-10-20,api_based
fatalerrortan,Xtext-examples,2017-04-22,commit_based
gcr-nist,runtime-Xtext,2016-08-16,api_based
fBrx,language-xtext,2014-12-05,api_based
ilya-klyuchnikov,sll-xtext,2014-01-26,api_based
vonbolt,Xtext_test,2015-06-03,api_based
rytina,xtext-typesystem,2010-10-27,commit_based
philiber92,xtext-utils,2011-07-28,commit_based
thomasfischl,xtext-workshop,2013-10-24,api_based
jbadeau,ng-xtext,2016-10-12,api_based
qxe35v,xtext_encoding_dsl,2018-03-14,api_based
szarnyasg,gradle-xtext,2016-10-30,api_based
malbac,Xtend_Xtext,2015-04-26,api_based
gitpan,Convert-XText,2007-09-02,commit_based
rmemory,xtext_eclipse,2017-03-30,api_based
UnibgInfo3A,ebnfworkbench,2016-11-18,api_based
lukashaertel,xtext-xtestgen,2014-07-12,api_based
zhangyuanqiao,selenium-xtext,2016-02-08,commit_based
cooked,modelica-xtext,2016-02-16,api_based
RobertWalter83,DialogScriptDSL,2013-09-15,api_based
hamza-abed,JSEditorXtext,NOT_FOUND,NOT_FOUND
nileshrege,El,2013-03-15,api_based
kwanggy,xtext-sublime,2015-12-09,api_based
thicket-lang,thicket-xtext,2015-10-06,api_based
agentlab,xtext-web,2016-07-08,api_based
test-editor,xtext-dropwizard,2017-06-30,api_based
kecskesk,xtext-menetrend,2016-11-14,commit_based
ftrifin,xtext-utils,2011-07-28,commit_based
scottopell,xtext_utils,2015-11-19,api_based
lukashaertel,xtext-fsml,2013-11-28,api_based
fedorov-vk,apds_dsl,2023-04-15,api_based
Modaptix,xtext-utils,2015-07-23,commit_based
itemis,xtext-issues,2016-09-09,api_based
holzem,xtext-lexertrace,2017-11-20,api_based
victorlacorte,Tcc,2013-06-14,api_based
limelanguage,lime-xtext,2014-06-18,api_based
edgarmueller,xtext-recordmapper,2013-09-27,api_based
bsi-software,org.eclipse.scout.xtext,2012-09-24,api_based
MatzeGIT,XText-maven,2013-04-30,api_based
tkurita,XText.scptd,2012-05-24,commit_based
coalae,telemed,2018-06-04,api_based
dvdkruk,xtext-workshop,2017-02-14,api_based
npalix,org.xtext.example.mde,2016-12-08,api_based
logicfish,XActiv,2013-10-11,api_based
kittaakos,webcalc,2016-03-02,commit_based
iensen,certware-l-editor,2015-06-04,commit_based
PAMunb,MetaCrySL,2020-07-05,commit_based
vladimirkozhaev,casualintellect_new_wizard,2016-01-09,api_based
TinyScream,org.xtext.amodel,2017-07-27,api_based
M2TIIL2016-2017,SiteWeb_XText,2016-12-13,api_based
schakko,hackcamp-xtext-automotivebus,2014-06-15,api_based
sfinnie,xtext.scoping.adventures,NOT_FOUND,NOT_FOUND
smba,model-based-times,2015-12-03,api_based
fuinorg,org.fuin.dsl.cqrs,2014-04-18,api_based
schakko,xtext-bug-436688,2014-09-12,api_based
dhuebner,xtext-builddsl-tycho,2014-06-18,api_based
matejsp,lwc13-xtext,2013-01-24,commit_based
ftrifin,xtext-utils.uml,2015-07-17,api_based
mbarbero,xtext-forms-integration,2010-08-24,commit_based
FForw4rd,xtext-restriction-framework,2015-09-28,api_based
zrrk,xtext-utils.devenv,2011-08-12,commit_based
ftrifin,xtext-utils.xtend,2015-07-17,api_based
svenefftinge,xtext-jaxcon-example,2014-05-12,commit_based
LorenzoBettini,xtext-demo-laquila,2016-05-14,commit_based
jakecobb,xtext-iris-datalog,2014-07-07,commit_based
graph-quilt,xtext-service-dsl,2021-11-16,api_based
philiber92,xtext-utils.unittesting,2015-09-09,api_based
philiber92,xtext-utils.distribution,2015-09-09,api_based
phaldan,htwg-cform-xtext,2017-07-31,api_based
itemis,xtext-example-conplan,2017-08-31,api_based
LorenzoBettini,Xtext-Buckminster-Example,2012-05-21,commit_based
LorenzoBettini,xtextcon-typesystem-example,2014-05-27,api_based
dhuebner,org.xtext.example.tycho,2011-08-31,api_based
agentlab,eclipse-orbit_xtext-web,2016-07-26,api_based
Tutti91,xtext_language_bla,2015-06-25,api_based
LeonoraG,xtext-req-editor,2016-01-18,api_based
xarvey,atom-xtext-autocomplete,2015-11-19,api_based
franzbecker,xtext-formatter-problem,2016-11-01,api_based
ftrifin,xtext-utils.distribution,2015-07-17,api_based
Fritzi,XText_TeSSLa,2017-08-25,api_based
madasar,booster2-xtext,2017-03-06,api_based
TypeFox,xtext-splitted-repo,2008-05-09,commit_based
zrrk,xtext-utils.uml,2011-07-28,commit_based
zrrk,xtext-utils.xtend,2011-07-28,commit_based
ftrifin,xtext-forms-integration,2010-08-24,commit_based
JanKoehnlein,fxdiagram-xtext-examples,2017-09-06,api_based
joergreichert,Cool,2014-04-27,api_based
rju,xtext-typing-example,NOT_FOUND,NOT_FOUND
philiber92,xtext-utils.xtend,2015-09-09,api_fallback
Advanced-Model-Engineering-SS16,xtext-ocl-extensions,2016-06-03,api_based
zrrk,xtext-utils.distribution,2011-07-28,commit_based
Johanvdberg,mcrl2.xtext,2017-01-26,api_based
kryptonite22,rsbac.xtext.dsl,2017-08-01,api_based
tkleszczynski,jug-zgora-xtext,2015-11-16,commit_based
philiber92,xtext-utils.devenv,2015-09-09,api_based
jeffmaury,devoxx2012-xtext,2012-04-17,api_based
YonedaMasashi,xText_Practice,2015-03-31,api_based
jackqq,xTextEdit,2016-05-17,api_based
ftrifin,xtext-utils.unittesting,2015-07-17,api_based
lgcardeas,xtext-forms-integration,2010-08-24,commit_based
vrichard12,xtext-forms-integration,2010-08-24,commit_based
itemis,xtext-monaco-example,2017-09-21,api_based
pabu90,xtext-ci-test,2013-11-22,commit_based
kukulkan-project,kukulkan-language-server,2018-03-02,commit_based
zrrk,xtext-utils.unittesting,2011-03-17,commit_based
LorenzoBettini,xtext-index-experiments,2013-04-02,commit_based
ftrifin,xtext-utils.devenv,2015-07-17,api_based
inteldict,xtext-gradle-demo,2016-09-20,api_based
cdietrich,xtext-multi-dsl,2017-07-17,api_based
Huluvu424242,rezept-dsl.xtext,2016-04-30,api_based
lunifera,lunifera-xtext-runtimebuilder,2014-06-13,api_based
sikessle,xtext-forms-integration,2010-08-24,commit_based
priya0311,xtext-forms-integration,2010-08-24,commit_based
philiber92,xtext-utils.uml,2015-09-09,api_based
talalong,dbFactoryXtext,2017-12-18,api_based
stackoverflowmailer,lwc13-xtext,2013-01-24,commit_based
willy2706,if4150-xtext,2015-11-27,api_based
wwu-pi,acse-xtext-validation,2016-05-28,api_based
ProgrammableDrones,xTextLanguage,2017-03-03,api_based
raynair,webml,2015-02-05,api_based
wwu-pi,acse-xtext-gui,2016-05-01,api_based
peterssas,xtext-gradle-problem,2017-06-27,api_based
zhoumin03,xtext-forms-integration,2010-08-24,commit_based
gcubar,CodeXcessXtext,2012-06-29,api_based
cdietrich,xtext-ecore-xcore,2017-07-20,api_based
ayoubziat,xtext_DSL_example,2017-08-31,api_based
xiaoyvr,xtext-demo-oxygen,2017-12-11,api_based
test-editor,deprecated-xtext-index-backend,2017-10-25,api_based
lukashaertel,xtext-technocat,2014-06-05,api_based
npalix,org.eclipse.xtext.example.fowlerdsl,2016-12-08,api_based
dslmeinte,xtext-workshop-code1,2010-09-06,commit_based
chauhansaurabhb,Eclipse-Xtext-Mydsl-Plugin,2016-12-02,api_based
intuit,common-xtext-expression-language,2021-04-01,api_based
zwgirl,summer,2014-04-21,api_based
rymarenkosuccess,Coffeescript-Eclipse,2015-06-27,api_based
svenefftinge,Guice-Modules-DSL,2011-03-29,api_based
logicfish,XPlane,2013-10-11,api_based
LorenzoBettini,Xtext-Xtend-Buckminster-Example,2012-05-21,commit_based
vorburger,eclipse-typescript-xtext-repository,2013-12-29,api_based
pankeshpatel,EclipsePluginForXtext,2015-11-17,api_based
Hellmy,plantuml-eclipse-xtext_update,2015-12-21,api_based
xpomul,xtext-multi-edit-example,2017-02-14,api_based
tmtron,xtext.eclipse.15minExtended,2016-12-16,api_based
deb-sandeep,com.sandy.xtext.jovenotes.ui,2015-05-14,api_based
ftrifin,xtext-utils.xtend1,2015-07-17,api_based
szarnekow,xtext-arithmetics-web-example,2015-11-19,api_based
wwu-pi,acse-xtext-knuth-binaries,2016-05-01,api_based
jwachter,xtext-serializer-issue-example,2017-08-14,api_based
hwong23,dsl.evtool,2021-06-10,api_based
camilagarcia113,xtext-dsl-obj3,2016-07-27,api_based
cdietrich,gradle-xtext-xtend-problem,2016-08-31,api_based
mzaks,FlatBuffersSchemaEditor,2015-12-03,api_based
svenefftinge,Xtext-LWC-contribution--Instances-,2011-04-21,api_based
btc-ag,service-idl,2018-03-29,api_based
willy2706,if4150-xtext-html,2015-11-28,api_based
phaldan,htwg-cform-xtext-demo,2017-08-08,api_based
hypery2k,Xtext-GrammarMixin-Example,2011-12-14,api_based
philiber92,xtext-utils.subproject-template,2015-09-09,api_based
zrrk,xtext-utils.subproject-template,2011-07-28,commit_based
thowin,ituXtextLandinConfigurator,2016-12-04,api_based
philiber92,xtext-utils.xtend1,2015-09-09,api_based
claudenirmf,old-tests-on-xtext,2016-10-25,api_based
zouhairireda,xtext-ocl-xtend-poc,2016-09-11,api_based
franzbecker,xtext-serializer-parallel-problem,2016-11-01,commit_based
lunifera,lunifera-xtext-runtimebuilder-example,2014-07-07,api_based
ftrifin,xtext-utils.subproject-template,2015-07-17,api_based
fluxtah,xtext-android-gradle-example,2015-03-31,api_based
hypery2k,Xtext-Maven-BuildExample,2012-10-08,api_based
kittaakos,xtext-eclipse-gh-238,2017-04-21,api_based
MatzeGIT,XText-Maven-CleanStart,2013-05-06,api_based
Rodolfocostapr,org.xtext.example.pascalito,2017-07-06,api_based
deb-sandeep,JoveNotesProcessor,2015-05-16,api_based
zrrk,xtext-utils.xtend1,2011-07-28,commit_based
tanthingdeveloper3unshine,AutoCompleteXTextView,2015-06-04,api_based
loradd,uml-xtext-grammar-generator,2017-04-03,api_based
v-bashev,post_core,2021-07-07,api_based
vicegd,org.xtext.dsl.restaurante,2017-10-20,api_based
paulluap,xtext-extras-issue216,2017-12-20,commit_based
dhakehurst,net.akehurst.example.xtext.vertx,2016-09-15,api_based
alvilgau,de.htwg.xtext.setGame,2016-06-24,api_based
arnulfo-rodriguez,XtextClosureExample,2012-01-27,commit_based
rdurelli,com.br.refactoring.xtext.dsl,2014-04-29,api_based
tmtron,xtext.15minTutorial.project,2016-12-13,api_based
agentlab,eclipse-orbit_xtext-web-dsls,2016-10-07,api_based
threadedblue,org.eclipse.xtext.example.domainmodel,2016-08-16,api_based
cdietrich,xtext-existing-metamodel-gradle-example,2016-10-01,api_based
wrungel,tycho.xtext.mwe2.test,2014-01-27,api_based
DemidovAlexander,Xtext_MiniJava_IDE,2016-02-04,api_based
ftmdida,xtext_code_gen_version_2,2015-11-27,api_based
vaulttec,isis-script,2015-07-05,api_based
cdietrich,xtext-gradle-plugin-issue-60,2016-08-03,api_based
thowin,ituXtextLandin2Configurator,2016-12-06,api_based
jkouwer,basicfamily,2014-03-24,api_based
goldschmiede,2011-02-18_xtext_apache_wicket,2013-01-21,api_based
Dexels,navascript-editor,2021-02-05,api_based
deparlak,de.htwg.mdsd.xtext.portals,2015-05-19,api_based
shashwatanand,org.shashwat.xtext.smallJava,2015-08-01,api_based
mmalohlava,gpp-for-xtext-master-thesis,2015-03-14,api_fallback
dexz92,Integrating-Xtext-and-JavaRAG,2016-07-13,api_based
Rodolfocostapr,org.xtext.example.pascalitoOld,2017-07-05,api_based
LiamWalsh98,nusmv-xtext-lsp,2020-08-10,api_based
fuinorg,xsample,2013-09-29,api_based
florianpirchner,beantypes,2016-07-30,api_based
cdietrich,xtext-gradle-plugin-issue-61,2016-08-03,api_based
rdurelli,com.br.refactoring.xtext.dsl.ui,2014-04-29,api_based
threadedblue,org.eclipse.xtext.example.domainmodel.tests,2016-08-16,api_based
rdurelli,com.br.refactoring.xtext.dsl.tests,2014-04-29,api_based
shashwatanand,org.shashwat.xtext.smallJava.ui,2015-08-01,api_based
tmtron,xtext.eclipse.15minExtended.project,2016-12-16,api_based
chqu1012,MetroUiDescriper,2015-06-13,api_based
eventB-Soton,XUML_B,2019-01-10,api_based
jacruzca,xtext-multilanguage-multiple-target-impl-reuse,2013-10-18,api_based
qscdfg,mybash,2016-05-20,api_based
eirikg,XbaseSiriusIntegration,2016-07-10,api_based
nohum,android-code-generation,2015-01-01,api_based
gvd,zest-sm,2012-03-04,api_based
uqbar-paco,declaratividad-orm-java,2012-08-29,commit_based
shashwatanand,org.shashwat.xtext.smallJava.tests,2015-08-01,api_based
dhakehurst,net.akehurst.example.xtext.vertx.lsp,2016-09-21,api_based
hakimuga,BIP-language,2021-03-25,api_based
goldschmiede,2011-04-29_xtext_service_repository,2013-01-21,api_based
markusvoelter,DSLEngBook-Xtext-P3Demo,2011-05-29,api_based
ESIR2Compilation,PrettyPrinter,2015-11-09,api_based
bmael,MVCLang,2013-11-13,api_based
renaudhelias,MameVHDL,2015-08-11,api_based
felipedf,compiler,2016-01-27,api_based
marcotinacci,XTuring,2012-11-06,api_based
threadedblue,org.eclipse.xtext.example.domainmodel.ui,2016-08-16,api_based
joergreichert,OperationsResearch,2013-06-02,api_based
tommyettinger,julepp,2016-07-26,api_based
masters-info-nantes,SmokingText,2015-11-04,api_based
daniel-laszlo,temalabor,2016-12-07,api_based
Quingo,compiler_xtext,2020-08-16,api_based
vorburger,FormGeneratorPOC,2015-01-08,commit_based
nittka,pocesl,2013-01-22,api_based
logicfish,POMText,2013-02-25,api_fallback
cdietrich,https---github.com-meysholdt-xtext_stateful_lexer,2013-01-18,api_fallback
jpaw,bonaparte-apidsl,2015-04-01,api_based
meysholdt,performance_probes,2013-04-26,api_based
avaranovich,megal-xtext,2012-01-01,commit_based
trifonnt,net.adempiere.dsl.properties.spring.parent,2018-08-05,api_based
cokeSchlumpf,bashdsl,2015-11-15,commit_based
ceefour,emf-sandbox,2012-06-15,commit_based
nittka,Jtag,2017-03-05,api_based
mythicfreak,aomxsgrammar,2014-08-03,api_based
nittka,Xarchive,2016-11-06,api_based
rquinio,ck2xtext,2016-01-20,api_based
DavidFosterLuhmann,high-dim,2013-02-17,api_based
test-editor,deprecated-test-editor-index-backend,2017-11-14,api_based
sidz8690,EasyUnit,2011-12-27,api_fallback
lsotnk,lsotnk.xbase.launching,2017-12-22,api_based
Minres,CoreDSL,2020-09-23,api_based
graph-quilt,graphql-xtext,2019-11-25,api_based
softlang,megal-xtext,2012-01-01,commit_based
raghvendra-v,tosca-yaml-lsp,2019-06-03,api_based
RvonMassow,xDoc,2010-08-05,commit_based
N0P0x90,EclipseExamples,2016-01-21,api_based
martinmuellenberg,cityplanning,2012-11-27,api_based
newdigate,soa-dsl-scaffolding,2015-03-11,api_based
code-kontor,openCypher-Xtext,2016-10-04,commit_based
nittka,ASP,2013-04-28,api_based
LiamWalsh98,tumlrt-language-server,2016-06-29,commit_based
danhaywood,kemble,2013-09-09,api_based
schakko,bsc-thesis-documentation,2013-03-04,api_based
vorburger,eLang,2011-08-07,api_based
timeraider4u,external_jar_download,2016-11-20,api_based
fuinorg,org.fuin.dsl.ddd,2014-03-28,api_based
HolyCityAudio,SpinCAD-Builder,2013-12-08,commit_based
sebastianbenz,xgherkin,2011-07-07,api_based
alexisfacques,dsl-feature-modelling,2017-12-15,api_based
Minres,RDL-Editor,2017-09-12,api_based
JPL-IMCE,gov.nasa.jpl.imce.oml.core,2017-02-20,api_based
PuneetPatwari,system-map-maker,2014-09-17,api_based
atanaka,DomainmodelWithCrossReference,2017-05-06,api_based
rainerschuster,eclipse-webidl,2014-12-14,api_based
rowlo,testdsl,2016-06-30,commit_based
marklemay,tptpParser,2013-11-24,api_based
WesleyMarques,CompiladorJava,2015-06-07,api_based
tommyettinger,kobold,2016-06-23,api_based
cedricvidal,protobuf4e,2010-04-03,commit_based
NaoMod,MiniTL,2016-09-23,commit_based
ksza,Bicycle-Shop,2010-09-27,commit_based
nittka,terminology,2013-02-22,api_based
ssi-schaefer,lcdsl,2017-02-01,api_based
LorenzoBettini,edelta,2016-10-05,commit_based
deb-sandeep,com.sandy.xtext.jovenotes,2015-05-14,api_based
arbennett,ParserGeneratorExample,2016-02-03,api_based
OElabed,Model-Driven-Engineering--Eclipse-RCP-plugin--Software-product-line,2014-12-16,api_based
hishidama,xtext-dmdl-editor,2013-08-17,commit_based
cwiscount,mydsl-emf-gen,2017-11-07,api_based
rmuecke,clinicaltrialcreator,2010-02-15,api_fallback
opcoach,datasample,2010-08-21,commit_based
diverse-project,melange-studio,2016-04-12,api_based
marcotinacci,Event-Oriented-Language,2011-06-03,commit_based
eclipse,epsilon,2008-09-11,commit_based
marcotinacci,SwarmRobotics,2012-04-14,api_based
Padmar1995,gh,2017-10-24,api_based
,,NOT_FOUND,NOT_FOUND
