Owner,Repository,Mwe2 Existence,Found Extensions
waynepiekarski,XTextureExtractor,NO,
TypeFox,theia-xtext-sprotty-example,YES,sm
altran-mde,xtext-sirius-integration,YES,"classes,ekeylang,html,inlineClasses,reflang,reflang_edit,statemachine,statemachineInlineedit"
graph-quilt,graphql-xtext,YES,graphql
TypeFox,vscode-xtext-sprotty-example,YES,sm
eclipse,xtext-website,NO,
intuit,common-xtext-expression-language,YES,expr
PacktPublishing,Implementing-Domain-Specific-Languages-with-Xtext-and-Xtend,YES,"entities,expressions,greetings,helloidea,hellomaven,helloweb,library,school,smalljava,xentities,xexpressions"
resloved,xtext,YES,ddd
lurenzhangdeshuai,EmojiText-XText,NO,
kuniss,xtext-ide-extensions,YES,xtext
graph-quilt,xtext-service-dsl,YES,service
btc-ag,service-idl,YES,idl
eventB-Soton,XUML_B,YES,umlbx
Minres,CoreDSL,YES,core_desc
TypeFox,xtext2langium,NO,
v-bashev,post_core,YES,post
NielsLiisberg,RPG-lexer,YES,rpgle
OpenSextant,XText,YES,ddd
laubfall,jugh-xtext-arkanoid,YES,ark
khabdrick,LambdaXtextract,NO,
bsati,mgpl-xtext,YES,mgpl
UnBCIC-TP2,Oberon-XText,YES,oberon
TopXDevTeam,TopXTextUI,NO,
ngreve,xtext_web,YES,lpdsl
nmaoez,composer-language-server,YES,expression
FAMILIAR-project,xtext-dsl-compiler-example,YES,mydsl1
eventB-Soton,XTheory,YES,thy
program-in-chinese,xtext_tutorial_15_min_zh,YES,"mydsl,quan6"
code-kontor,openCypher-Xtext,YES,cypher
eclipse,epsilon,YES,"dmodel,evldsl"
UnBCIC-TP2,Oberon-IDE,YES,oberon
idiomaticsoft,xtext-tips,YES,"block,hello,hellogen,hex"
atb,pt.isep.dsl.puml,YES,puml
Webastronaut,mgpl,YES,mgpl
PAMunb,MetaCrySL,YES,crysl
raghvendra-v,tosca-yaml-lsp,YES,"yaml,yml"
zxhr,gradle-xtext-generator,NO,
tmtron,ex.xtext.lsp,YES,exdsl
echebbi,standalone-xtext-example,YES,mydsl
darvasd,xtext-docs-gen,YES,domain
jcabot,WordPress-Plugin-DSL,YES,wpdsl
JensBAndersen,PolicyLanguage,NO,
Zannith,XtextTest,NO,
AnnaLenaMeiners,XtextExamples,YES,"expressions,smalljava"
Kerolos77,XTextEditor,NO,
Mabar16,xtextMath,NO,
holgerschill,xtextCodebuff,NO,
devzwy,XTextView,NO,
mraminella,XtextExamples,YES,"expressions,smalljava"
msntts,XtextStudy,YES,mydsl
chiachong,XTextClassification,NO,
vinisbranco,XtextGerador,NO,
pakhopav,XtextPlugin,NO,
IamRaziel,XtextTutorial,YES,dmodel
dstoft,XtextWorkspace,YES,"mathint,tut1"
MisbahAwan,XtextCollaborativeEnvironment,YES,pkgdsl
pakhopav,XtextLanguage,NO,
fonuhuolian,XTextView,NO,
RomainLefeuvre,xtextHW,YES,"mydsl,mydsl1"
BestCoderXQX,XTextFlagDemo,NO,
vinisbranco,XtextTrabalho2,YES,dmodel
loicperreal,Xtext,YES,ddd
goflyboy,xtextsample,NO,
SharkJ,XtextInheritanceTest,YES,"dsl,dsl2"
hewenyuAndroid,XTextView-Android,NO,
OLibutzki,XtextExtras446,YES,xe446
vinisbranco,XtextJavaScript,NO,
AndreasGroentved,XtextDSL2018,YES,wpage
robertchristen,XTextCategorizer.Demo,NO,
alvarofpp,tutorial-xtext,YES,dmodel
pakhopav,XtextLanguageGradle,NO,
pakhopav,xtext,YES,ddd
adamhorvath88,Xtext,YES,ddd
0xMYsteRy,Xtext,YES,ddd
taylorlohan,XtextHealth2.0,NO,
Caroline66666,xtext,YES,ddd
xuxiaowen87,XText,YES,ddd
MisbahAwan,xtext,YES,ddd
ichxorya,failed-xtext2vscode-example,YES,block
hwong23,dsl.evtool,YES,evtool
RobMoloney,xtext,YES,ddd
l1ppe,xtext,YES,ddd
madhouni,wps-ecore-ocl-xtext,NO,
MISO4202,uniandes.mdd.xtext2xmi,NO,
tchebs,xtext,YES,ddd
mlopez8621,xtext,YES,ddd
magick93,xtext,YES,ddd
ShivaniBali,Theia-Xtext-Yangster-Project-,YES,dsl
ehah,XtendExample,NO,
MISO4202,co.edu.uniandes.gramaticajmeter,YES,csv
vks2106,prenum,NO,
drkstr101,hello-xtext,YES,"natural,words"
arthurmosley,Essex-Test,NO,
eclipse,xtext-website-publish,NO,
jflopezfernandez,xtextutils,NO,
AlanQuadros,xtextlpmangan,YES,tsc
jonaslagoni,JSON-Schema-to-internal-DSL,YES,json
OezzyB,e-portfolio-Xtext,YES,methods
fedorov-vk,apds_dsl,YES,"prot,subj"
zinon,xtextminer,NO,
mustafa231,xtexteditor,NO,
MOSafely,xtextrepo,NO,
bproenca,mpti-dsl,YES,myhtml
LorenzoBettini,xtext-domain-model-guice-5,YES,dmodel
BlackBeltTechnology,karaf-features-eclipse-xtext,NO,
vashchenkov,xtext-samle,YES,iqsocialdsl
germono,FormXtext,YES,dsl
Quingo,compiler_xtext,YES,"qfg,qu"
ShrawanBK,xtext_salestransaction,YES,salestransaction
tshoang,XMarking,YES,"fbk,mrk"
szschaler,henshin_xtext_adapter,NO,
hakimuga,BIP-language,NO,
adautofbn,pascal-xtext,YES,pascal
efuentesp,Xtext-UCS,NO,
preesm,ripacola-xtext,YES,rip
wibeck,testXtext,YES,mydsl
msun68,xtext-examples,YES,rules
xTexturedxx,xTexturedxx,NO,
HexXText,HexXText,NO,
Gricel-lee,Xtext-Maven,YES,mydsl1
kolchanov,org.xtext.example.mydsl.parent,YES,mydsl
kecksk0enig,vuc-xtext,YES,mgpl
EvdokimovMaks,xtext-expressions,YES,expressions
Sorokatov,xtext-demo,YES,dmodel
uppaal-emf,uppaal-xtext,YES,xml
matheuslenke,Xtext-UML,YES,umltext
r4mtor,xtext-talks,YES,dataflow
nbhusare,xtext-playground,YES,"model,ui"
kokostino,xtext_kokomodel,YES,koko
GiordanoT,ocl-xtext,YES,ocl
dr-jam,ABL-XText,YES,abl
lahirugayanga,xtext-projection,YES,projection
daniel614,xtext-webapp,YES,wappm
Spiderixius,DSLIndividualXtext,YES,mgl
mdsd-team-1,photos-xtext,YES,mydsl
efuentesp,xtext-cobol,NO,
torosky,Libreria-Xtext,NO,
MaxiEckert,Xtext-example,YES,mydsl2
as500,xtext-rpgle,NO,
JavierOramas,AudiXText,NO,
xtext,xtext-monorepo,YES,"buildertestlanguage,calc,codetemplates,dmodel,ecore2xtexttest,entities,mydsl,nestedRefs,nojdt,rules,simplexml,statemachine,testlang,testlangext,typesAssistTest,xbase,xtend,xtext,xtext2,xtextgrammar"
vjordan,Xtext_browser,YES,mydsl
Yop-La,xtext_project,YES,mml
JesterOrNot,Gitpod-XText,YES,hello
eclipse,xtext-archive,NO,
Lethalaric,xtext-learning,YES,dmodel
DSIE2,tr.xtext,YES,teleor
ShivaniBali,Theia-Xtext,YES,mydsl
kthoms,xtext-webinar,NO,
christopherosthues,mgpl-xtext,YES,mgpl
zhanglin2018,learnXtext,YES,"entities,mydsl"
seebgar,Xtext-Projects,YES,ceffective
Vallenstein,xtext_web,YES,lpdsl
AbQadirr,dialogXtextflow,NO,
blue995,xtext-orm,YES,pmodel
arockiaraj1994,xtext-mvn,YES,mydsl
moein9,passXtext,NO,
saivarunr,xtext-editor,NO,
JesterOrNot,xtext-cli,NO,
Somiacao,xtext-web,YES,mydsl
katmatt,graphql-xtext,YES,graphql
LIONant-depot,xtexture_compiler,NO,
tchebs,xtext-example,YES,mydsl2
ballcoach12,xtext_samples,NO,
AssaX0,MDSE-xtext,YES,dmodel
samples-projects,sample-xtext,YES,dmodel
karthik137,xtext-demo,YES,dmodel
MDE-Course-23-24,SIRIUS-XTEXT,YES,statemachinet
softlang,megal-xtext,YES,megal
laurocesar,xtext-domainmodel,YES,dmodel
Yahaya12,Xtext-project,NO,
malhxr,SpeechXtext,NO,
stanimirovv,xtext-extractor,NO,
3m3k3,xtext-congen,YES,mp
pen-zhang,xtext_elm_editor,NO,
NSaitoNmiri,toppers_cfg_xtext,YES,cfg
tmtron,ex.xtext.twog,YES,"dsla,dslb"
vinicius0197,metacrysl,YES,crysl
Dexels,navascript-editor,YES,ns
adrianrutle,PCS953-EMF-Exercise,NO,
ravornyo,xspice,YES,cir
yamen-njm,IotXtext,YES,iotmodel
kainzpat14,xtext-plsql,YES,kainzplsql
epsilonlabs,emc-xtext,NO,
robertovillarejo,kukulkan-grammar,YES,3k
lvanzeun,ulm-xtext-test,YES,metaulm
purerstamp,N7.compilateur,YES,rat
jaedabee,xtext-gradle-test,NO,
MassiBelaid,M-langeuse-Xtext,YES,dmodel
qxe35v,xtext_encoding_dsl,YES,enco
random-eclipse,nix-eclipse-xtext,YES,nix
meta-doodle,Xtext_Gradle_Test,YES,mdl
LiamWalsh98,nusmv-xtext-lsp,YES,smv
MaximilianKoestler,vscode-xtext-links,NO,
AhmedEssam2212,xText-Editor-,NO,
adrinerDP,DSL-with-Xtext,YES,entities
cdietrich,xtext-domainmodel-ls,YES,dmodel
tmtron,ex.xtext.ml,YES,"dsla,dslb,dslc"
andrewsandu,xtext-web-example,YES,mydsl
pngowda,xtext-build-tools,NO,
SharkJ,xtext-dsl-sample,YES,mydsl
hammedb197,team-hacktive-xtext,NO,
SimonCockx,xtext-monaco-example,YES,mydsl
mister-walter,xtext-folding-issue,YES,lisp
alexvolh,xtext-xml-grammar,YES,xml
SharkJ,my-theia-xtext,YES,dsl
urbanoanderson,xtext-gait-model,YES,presc
vjordan,Xtext_directory-file,YES,dirfile
JosBouwhuis,xText-DSL,NO,
CS130-W20,assignment-2-xtext,NO,
lunifera,xtext-jvmtypeprovider-standalone,NO,
bobbyfisher1,eclipse-workspace,YES,entities
dsl-course,xtext-entities-tutorial,NO,
Highbrainer,xtext-pde-target,NO,
mattsse,xtext-fipa-acl,YES,acl
XIECHO,qingo_xtext_documentation,NO,
FariSoftware,xtext-problem-matcher,NO,
ShrawanBK,xtext.sales.transactions,NO,
Lzgpom,xtext-gen-extension,YES,"bamol,bm,calc,dmodel,rules,sm"
drkstr101,Domainmodel,YES,dmodel
vinicius0197,expressions-dsl,YES,expressions
LorenzoBettini,xtext-xdoc-releases,NO,
KarstenWilken,xTextForum,YES,mydsl
S-wald,xtext-plugin-gradle,YES,"dmodel,mydsl"
lahirugayanga,xtext-example-dsl,YES,mydsl
cdietrich,xtext-fragment-experiments,YES,mydsl
cdietrich,xtext_bug_1974,YES,mydsl
bergmanngabor,xtext-railmap-demo,YES,rail
mchlrch,xtext-intro-bfh,YES,har
EvdokimovMaks,xtext-example-entities,YES,entities
cipek,MyFirstXText,YES,helloweb
pngowda,xtext-ci-libs,NO,
paulvberlin,BaSiriusXtext,YES,activity
szarnyasg,sql-pgq-xtext,YES,pgq
frademacher,xtext-jpms-test,NO,
xtext,xtext-monorepo-lfs,NO,
LorenzoBettini,xtext-build-utils,YES,"maventestlanguage,tychopomlesstestlanguage,tychotestlanguage,tychoxbasetestlanguage"
cdietrich,xtext-two-dsls,YES,"mydsla,mydslb"
balazsgrill,xtext_bug508518,YES,mydsl
Tim-S,xtext-valueconverter-example,YES,mydsl
ayakurtam,xText-Editor,NO,
HouseBuilder-MDE,HouseBuilder-Xtext,YES,hb2
xtext,xtext-orbit-replacement,NO,
fedorov-vk,xtext-xcore-sample,YES,library
gustavotemple,mo631xtext,YES,rabbit
Tim-S,xtext-mapbasedscope-example,YES,mydsl
shakenetwork,xTextHandler,NO,
GabrielBozza,ProjetoXtextPFC,YES,rules
HexXText,HexXTextSMP,NO,
snarkipus,xtext-dsl-book,YES,entities
fedorov-vk,xtextxtend-book-examples,YES,"entities,expressions,greetings,library,school,smalljava,xentities,xexpressions"
ArneDeutsch,xtext-gradle-example,YES,"mydsl,mydsl1,mydsl2"
oliver-reinhard,xtext-ppt-demo,YES,abppt
tpluscode,xtext-completion-nullpointer,YES,mydsl
idiomaticsoft,sbt-xtext-plugin,NO,
pen-zhang,online_elm_xtext,YES,oe
raglu,ExternalDSL-xtext,YES,mydsl
kulcsii,xtext-railmap-theia,YES,rail
NiccoMlt,xtext-showdown-grammar,YES,sdt
NinjaArmy,xtext-language-server,NO,
jnt0r,xtext-npe-reproducable,YES,mydsl
HermanPeeren,eJSL-ANTLR4,NO,
cs130-w21,statemachine,YES,sm
csbc92,MDSE-assignment3,YES,mathexp
ghillairet,org.example.mydsl.parent,YES,mydsl
antoine-morvan,caph-java-parser,YES,cph
abatti,XTEXT_FACPL3_PreserveVarious,NO,
tfLabs,xtext-languageserver-example-duplicator,YES,mydsl
LorenzoBettini,xtext-maven-plugin-example,YES,mydsl
cdietrich,xtext-eclipse-issue-1009,NO,
patrickneubauer,UoY-MODE-XTEXT,YES,"entity,state"
cau-se,sprat-ecosystem-dsl-xtext,YES,ecosystem
cdietrich,theia-xtext-vscode-example,NO,
cdietrich,j9-tycho-xtext,YES,mydsl5
loradd,xtext-lsp-ecore-support,YES,dsl
nnn911,LaTeXTextOverlay,NO,
IbanezGio,VuC,NO,
Samirez,DSLs,YES,"if,math,ui"
ShahimEssaid,com.essaid.model.xtext,NO,
gon10,EclipseRepoTese,YES,"entities,mydsl,rsl"
max-leuthaeuser,jmhmathexample,YES,math
tshoang,WhitespaceIDE,YES,ws
seebgar,MISO4202-proyecto-xtext,YES,mydsl
NiccoMlt,xtext-15-minutes-tutorial,YES,dmodel
SharkJ,theia-xtext-extension-test,YES,dsl
jku-win-se,JsonBasedXtextGrammar,NO,
altran-mde,xtext-sirius-integration.io,NO,
cdietrich,xtext-core-issue-1835,NO,
Zaki-Fadlan,xtext_getting_started_skilledup,YES,dmodel
raptor494,Xtext-Minecraft-JSON-Languages,YES,"mcblockstate,mcentity,mcloot,mcmodel"
rudi,xtext-emacs-lsp-demo,YES,entities
fedorov-vk,apds_prototype,YES,"prot,subj"
test-editor,test-editor-xtext-gradle,YES,"aml,config,tcl,tfr,tml,tsl"
Ixgauth,perspectiveDSL-Sirus-Xtext,NO,
keve98,SzakD_xtext_xtend,YES,entx
silvergl,xtext-headless-rcp-example,YES,mydsl
reinaqu,bpmnFromXtextDSL,YES,bpsec
xtext,xtext-p2-orbit,NO,
dsl-course,xtext-tutorial-turku-interim,YES,entities
tfLabs,xtext-lsp-validation-anyway,YES,mydsl
BalzGuenat,xtext-bug-minimal-example,YES,mydsl
dmfullstack,org.xtext.example.mydsl,YES,mydsl
SuelanyBrito,JFlex_CUP_XText_SQL,YES,mydsl
cdietrich,xtext-languageserver-example-simple,YES,mydsl
msntts,Xtext-Standalone-fat-jar,YES,mydsl
oldulov,cfeditor,YES,cf
LorenzoBettini,xtext-type-errors-examples,YES,"expressions,fj"
claudenirmf,OntoUML-2.0-Xtext,YES,ontouml
Mehmetcanss,example_xtext_language_server_vscode,YES,person
lidochca,xtext.skip.build.before.rename,NO,
cdietrich,xtext-maven-plugin-coverage-example,YES,mydslcov
Kevin-Philip,TP_etudiant_Compilax,YES,wh
elite-se,elite-se.xtext.languages.plantuml,YES,puml
tshoang,BareBonesIDE,YES,bb2
tareklel,PDFtoText,NO,
TVTower,TVTBlitzmaxEditor,YES,bmx
cdietrich,xtext-multi-dsl-manual-metamodel,YES,mydsl3test
hallvard,xost,NO,
davidmpaz,log-book,YES,logtime
oliver-reinhard,xtext-scoping-default-imports-demo,YES,scope2
tshoang,Simple-Barebone-XText-based-IDE,YES,bb
MISO4202,uniandes.mdd.example.create-xtext,NO,
NaoMod,XText-Language-Server-in-VSCode,YES,fml
MISO4202,xtext-egl-sql2java,YES,sql
cdietrich,simple-xtext-parallel-load-example,YES,mydsl
bobbyfisher1,expressions,YES,"expressions,smalljava"
lowcomote,DBML-to-ER,YES,dbml
tfLabs,xtext-n4js-lsp,YES,mydsl
yishakabreham,mde.sales.transactions.xtext.4,YES,salestransaction
Rajesh2015,DSL-using-Xtext-and-Xtend,YES,mydsl
cdietrich,xtext-lsp-tests-with-tycho,YES,mydsl
CarlosAsrc,Reconhecedor-scheme,YES,scm
oliver-reinhard,xtext-scoping-default-namespaces-demo,YES,scope
TVTower,TVTDatabaseEditor,YES,xml
casino-mdd,DSL,YES,spdl
cokeSchlumpf,bashdsl,YES,bdsl
sumeetchhetri,faugjs-eclipse-plugin,YES,json
sderrien,Uclid-editor,YES,"ucl,uclid"
GlancingMind,xtext-lsp-missing-deleteFile-impl,YES,mydsl
zmy3036190149,theia-xtext-pf-v1-backup,YES,pf
MDSDLab,mdsd-2023-lab2-xtext-xtend,YES,wt
abieren,MDSD-Xtext-Project-for-JavaFX,YES,guimodel
SimonCockx,xtext-assertAllWhitespaceIsFormatted,YES,mydsl
tombk556,SF_Factories_Beleg2324_Xtext_DSL,YES,S87622S87673
DonatasC,CodeGeneration,NO,
trichterwolke,init,YES,init
zs6jce,x400-xrpgle,NO,
cyrilnavessamuel,TripManagment,YES,tripxt
paullewallencom,xtext-xtend-978-1-7864-6496-5,YES,"entities,expressions,greetings,helloidea,hellomaven,helloweb,library,school,smalljava,xentities,xexpressions"
coalae,telemed,YES,telemed
vorburger,xtend-StackOverflowError-issue461,NO,
JoaoMAlmeida,projetoCompiladores18-2,YES,pas
Bisssen,math_assignment_3_math_compiler_xtext_and_xtend,NO,
vks2106,domain.model,YES,dmodel
metafacture,metafacture-flux,YES,flux
mrtnstn,example-script-language,YES,xs
Michel-Nassalang,eclipse_workspace,YES,"ap,calcul,fb,fg,tp"
varadbal,FunPL,YES,funprogram
oliverablagojevic,QuestionnaireDSL,YES,mydsl
EightPillars,NmtranEditor,YES,ctl
DSIE2,Implementing-observer-design-pattern-with-Xtext-and-Xtend,YES,obsr
George-6629,Lobster-language-conversion-sql-language-based-on-Xtext,YES,lobster
hvbargen,meth,YES,meth
mischnic,bachelors-thesis,NO,
cs130-w22,statemachine,YES,sm
cesarlaso,tfm-udima-arquitectura-del-software-dsl-ecore-xtext-emf,YES,"iotproyect,iotproyect2"
houssemradhouane,Meta-Modelisation-of-Games-Using-UML-Eclipse-Xtext-Acceleo-JAVA,NO,
mdsd-team-1,domain-specific-language,YES,dmodel
PalladioSimulator,Palladio-Editors-VSCode,NO,
nils-christian,xtend-active-annotation-issue,NO,
modicio,feature-dsl-tools,YES,featurelang
HBuender,Aim42Visualizer,YES,iacdsl
scanyboss,ide-yourdsl,NO,
spirvdev,dumpsymb,NO,
thlaegler,edilang,YES,edi
agonzalezgaliana,mydsl-language-server,NO,
codezork,DSL-Blog,YES,geo
LorenzoBettini,issue-2000-example,YES,tychotestlanguage
trifonnt,net.adempiere.dsl.properties.spring.parent,YES,propsModel
scanyboss,hello-world-language,NO,
joerg-holtmann,Pretty-Printer_Language-Analysis,YES,"ATLno,eatxt,myatl,mybibtex,mydot,myqvto,myxenia,sml,spectra,sql,xcore"
coffeeframework,HLVL,YES,hlvl
HermanPeeren,eJSL-MPS,NO,
kukulkan-project,kukulkan-language-server,YES,"3k,kukulkan"
mdsd-team-1,dsl-layered-style,NO,
larissafiorini,t2-lingProg,YES,mydsl
ragben,NetzDsl,NO,
Cosimo5lli,assertx-swing,YES,assertxs
gyaltso,Eclipse-Training-Schedules,NO,
wzurborg,xtend-example,YES,mydsl
kyberszittya,simple-ros-code-generator,YES,hybridbehavior
LinguaPhylo,linguaPhyloDSL,YES,lphy
dsanmartins,Entidades,YES,entidades
opcoach,datasample,YES,datasample
bujosa,smart-dsl,YES,contract
robinguill,DSL_UML_INSA,YES,uml
DedalArmy,SpringDSLJava,NO,
LiamWalsh98,tumlrt-language-server,YES,mydsl
jonev,HTTP-REST-test-DSL,YES,testsuite
ElBilbao,DSL-Wizard-Creator,YES,wiz
ooaa30,Wail,YES,wail
Wilson008,GrammarGenerator,NO,
ScytherTool,dsl,YES,spdl
NaoMod,MiniTL,YES,minitl
ryangarvey,mde-spec,YES,spec
bfMarcelino,SchemeLP,YES,mydsl
henriklange,ifcBrickConvert,NO,
osarenogae,fault_trees_textual_editor,YES,faulttree
claudenirmf,TPTP-Editor,YES,p
augustin-rialan,IDM,YES,qcm
henriklange,ifcBrickConvertDsl,YES,ifc
PikaQin,XModel-Code-Converter,YES,xmodel
helloyaqin,XModel-Code-Converter,YES,xmodel
Garlo13,CEPStaticAnalysis,YES,esper
Frederic-Boulanger-UPS,MiniARM-feature,YES,arm
Jaddison011,C4EventB,YES,c
MDEGroup,metatemplating,YES,mt
abdullah-4Mohammed,AWS-EC2-Service_DSL-EMF,NO,
grammeaway,math-interpreter-dsl,YES,mydsl
ahmedsaleh1998,concept_project,NO,
Chaimaa-Louahabi,Model-Driven-Engineering,NO,
fayssalElAnsari,Kotlin-Meta-Model,YES,kt
MisbahAwan,SeamlessRuntimeTransformations,YES,myzdsl
ProjetoDSL,CanopusDesign,NO,
Ryuzaki101,Workbench,YES,mic
eclipse,xtext,YES,ddd
eclipse,xtext-core,YES,"mydsl,nestedRefs,nojdt,testlang,testlangext,xtext,xtext2,xtextgrammar"
eclipse,xtext-xtend,YES,xtend
eclipse,xtext-eclipse,YES,"buildertestlanguage,calc,codetemplates,dmodel,ecore2xtexttest,rules,simplexml,statemachine,typesAssistTest"
eclipse,xtext-extras,YES,"typesAssistTest,xbase"
eclipse,xtext-web,YES,mydsl
xtext,seven-languages-xtext,YES,"build,guice,mongo,route,script,template,tortoiseshell"
eclipse,xtext-maven,YES,mydsl1
eclipse,xtext-lib,NO,
xtext,maven-xtext-example,YES,hero
seebk,LaTeXText,NO,
cdietrich,xtext-languageserver-example,YES,mydsl
eclipse,xtext-idea,NO,
adamschmideg,coffeescript-eclipse,YES,"Cakefile,coffee"
RvonMassow,xDoc,YES,xdoc
xtext,xtext-gradle-plugin,NO,
LorenzoBettini,packtpub-xtext-book-2nd-examples,YES,"entities,expressions,greetings,helloidea,hellomaven,helloweb,library,school,smalljava,xentities,xexpressions"
PrinceMei,xTextHandler,NO,
LorenzoBettini,packtpub-xtext-book-examples,YES,"entities,expressions,hello,smalljava,xentities,xexpressions"
theia-ide,theia-xtext,YES,mydsl
svenefftinge,xtext-lsp-workshop,YES,calc
ObeoNetwork,Xtext-Sirius-integration,YES,"classes,ekeylang,html,inlineClasses,reflang,reflang_edit,statemachine,statemachineInlineedit"
dslmeinte,Xtext2-DSLs,YES,"$,dmd,dsd,dtd,exdsl,mypl,sm,wsdlr,xsdr"
merks,Xcore,YES,xcore
ssi-schaefer,lcdsl,YES,lc
eclipse,xtext-umbrella,NO,
danieldietrich,xtext-protected-regions,NO,
xtext,xtend-gradle-plugin,NO,
aphethean,xtext-maven-examples,YES,mydsl
ckulla,xtext-tycho-example,YES,mydsl
vorburger,xtext-sandbox,YES,"clazz,entity,func,mydsl"
basilfx,xtext-standalone-maven-build,YES,mydsl
JakeGinnivan,XText,YES,ddd
OLibutzki,xtext.tools,NO,
Xpitfire,xtext-dnn,YES,dls
LorenzoBettini,Xtext2-experiments,YES,"hellocustomecore,helloinferrer,hellojvmtypes,helloxbase,helloxcore"
eclipse,xsemantics,YES,"expressions,fj,fjcached,lambda,xsemantics"
xtext,xtext-reference-projects,YES,"dmodel,mydsl"
mzaks,FlatBuffersSchemaEditor,YES,fbs
vorburger,eLang,YES,expr
fuinorg,emt-xtext-archetype,YES,${dslExtension}
eclipse-soc,amalgamation-examples-xtext,YES,droid
kthoms,xtext-experimental,NO,
dsldevkit,dsl-devkit,YES,"checktest,expression,format,helloworld,mydsl"
itemis,generator-xtext,YES,<%= fileExtension %>
att,yang-design-studio,YES,yang
martinbaker,xtextadd,YES,"macro,py,pyt,test1,xgener"
LorenzoBettini,edelta,YES,edelta
sebastianbenz,xgherkin,YES,feature
vladdu,xtext.unittesting,YES,dmodel
slizaa,slizaa-opencypher-xtext,YES,cypher
xpomul,cdo-xtext,YES,gfx
mark-christiaens,Xtext-Models-Stats-View,NO,
TypeFox,xtext-jflex,NO,
vorburger,eclipse-typescript-xtext,YES,ts
patrickneubauer,XMLText,NO,
xtext,org.xtext.antlr.generator,NO,
boalang,xtext-ide,YES,boa
nittka,terminology,YES,terms
veraPDF,veraPDF-model-syntax,YES,mdl
TypeFox,languageserver-example,YES,mydsl
Hellmy,plantuml-eclipse-xtext,YES,puml
stephanrauh,JSFLibraryGenerator,YES,jsfdsl
loonwerks,jkind-xtext,YES,lus
TatyPerson,Xtext2Sonar,NO,
TypeFox,xtext-vscode,YES,statemachine
svenefftinge,Xtext-Workshop-Development-Workspace,YES,dmodel
cdietrich,xtext-uml-example,YES,umldsl
cdietrich,xtext-maven-example,YES,build
marklemay,tptpParser,YES,"ax,p"
borgar,xtexts,NO,
uqbar-project,xtext-tortuga-lang,YES,tortu
dslmeinte,Xtext1-DSLs,YES,"#base,$conditional$,amb,dmd,dsd,dtd,sm,wsdlr,xsdr"
applause,applause,YES,applause
LorenzoBettini,ecefrance2015-xtext-example,YES,expdsl
jcmm33,DirectXTextBlock,NO,
dhuebner,xtext-apidiff,NO,
appdev,XTextView,NO,
oehme,xtext-maven-example,YES,build
SMadani,ThriftMDE,NO,
xtext,xtext-external-editors,NO,
itemis,xtext-generator-vscode,YES,entities
soluvas,ecommerce-sample,NO,
tianguanghui,xTextHandler-objc,NO,
meysholdt,xtext_stateful_lexer,YES,stpl
holgerschill,XtextCon_Xcore_Maven,YES,"first,second"
scottopell,vim-xtext,YES,mydsl2
itemis,xtext-debug-example-no-xbase,YES,mydsl
TypeFox,Xtext-XMI,YES,xtree
joergreichert,XtextPlayground,YES,mydsl
wuwen1030,XTExtension,NO,
fuinorg,org.fuin.dsl.cqrs,YES,cqrs
JanKoehnlein,EclipseCon2013_XtextTutorial,YES,survey
avaranovich,megal-xtext,YES,megal
fuinorg,org.fuin.dsl.ddd,YES,ddd
arturboronat,xtext.domainmodel,YES,dmodel
otrosien,xtext-perl,YES,pm
cmendible,Hexa.xText,NO,
SciSpike,yaktor-dsl-xtext,YES,"yc,ydm"
andrearn,org.fornax.soa.xtextservicerepository,YES,"basedsl,binddsl,bizdsl,envdsl,moddsl,profdsl,semdsl,sladsl,soldsl,svcdsl"
ujhelyiz,xtext-reflective,NO,
szarnekow,xtextcon-xbase-example,YES,rules
bsi-software,org.eclipse.scout.xtext,YES,saml
cdietrich,xtext-languageserver-xbase-example,YES,dmodel
test-editor,deprecated-test-editor-xtext,YES,"aml,config,tcl,tml,tsl"
awk-kazmin,eclipse_1C_xtext,YES,onec
svenefftinge,fowlers-statemachine-with-expressions,YES,mydsl
copton,XTextExamples,YES,"expressions,smalljava"
GeekBugs,XTextView,NO,
akosyakov,org.xtext.example.mydsl.idea,YES,"domainmodel,mydsl,typesRefactoring"
vaulttec,isis-script,YES,isis
HBehrens,Xtext2Workshop,NO,
GrupoHunter,Kukuroo,YES,mgbs
itemis,xtext-languageserver-example-lsp4e,NO,
fatalerrortan,Xtext_Xtend_HTML_Generator,YES,mensa
spoenemann,xtext-gef,YES,statemachine
Minres,RDL-Editor,YES,rdl
svenefftinge,Guice-Modules-DSL,YES,guice
LorenzoBettini,jbase,YES,"dmodel,jbase,jbasescript,jbasetestlanguage,purejbase"
mn-mikke,Model-driven-Pretty-Printer-for-Xtext-Framework,YES,"dsl,expl,expr,gpp,mydsl,ppd,ppf,ppo,proto,test,ttest,xtypes,zoo"
hishidama,xtext-dmdl-editor,YES,dmdl
cmark,androtext,YES,androtext
svenefftinge,homeautomation-example,YES,rules
SOM-Research,graphQL-xtext-grammar,YES,"graphql,graphqlidl"
janesser,frege-xtext,YES,frege
szarnekow,org.eclipse.e4.xcss,NO,
LorenzoBettini,xtext-scoping,YES,mydsl
JanKoehnlein,ESE-2010-Tutorial,YES,android
spoenemann,xtext-orion,YES,statemachine
Modaptix,xtext-expressions,YES,expressions
nittka,Jtag,YES,jtag
erlide,erlide_xtext,YES,erl
cdietrich,xtext-forum-support-example,NO,
ESIR2Compilation,Langage-WHILE,YES,while
jhonatan89,gen-angular-grammar,YES,angen
Sofiane-13,tutorialXtextSirius,NO,
eclipse-soc,amalgamation-examples,YES,droid
dvdkruk,xtext-xsd-resourceprovider,NO,
marnix,metamath-eclipse-xtext,YES,mm
JanKoehnlein,Xtext-Syntax-View,NO,
planger,xtext-uml-experiment,YES,umlrttext
rquinio,ck2xtext,YES,gfx
mzaks,petrinet_dsl,YES,petrinet
drnappalm,xtext,YES,ddd
svenefftinge,Xtext-Workshop-Runtime-Workspace,YES,
martijndwars,XtextXT,NO,
nahni,xtextTessla,YES,tessla
baidty,xtextLearning,NO,
MoayadHn,XtextBDI,YES,mydsl
fzalila,XtextExperiments,YES,mydsl
Girish-Venkatesh,XTextSelenium,YES,rot
Vinayakatk,xtextScopes,YES,mydsl
01Lizard10,XTextUML,YES,umldsl
Salome-Maro,XtextUtils,NO,
fanghuixing,XtextApricot,YES,apr
mraminella,xtextTests,NO,
Alma2015RSABSAWA,XtextLangage,NO,
myorb,XTextParser,NO,
Jhinnn,XTextView,NO,
kathisai,xtextSample,NO,
huibo-shi,XtextExamples,YES,"expressions,smalljava"
osamu-k,XTextStudy,YES,mydsl
Treehopper,XTextTemplate,YES,json
seba111,Xtext1,YES,fun
shinesamjacob,XtextExample,YES,mydsl1
ajperalt,xtext,YES,ddd
schakko,xtext-plugin-with-maven-tycho,YES,tycho
colameo,xtext4roo,YES,somedsl
vinpereira,XtextToXMI,YES,"mapping,trace"
JanKoehnlein,XtextCon2014,NO,
bink81,xtext-test,NO,
xtext42,xtext42-coding,NO,
borisbrodski,XtextBug437519,YES,dmodel
hypery2k,xText,YES,ddd
borisbrodski,XtextBug453268,YES,mydsl
arnulfo-rodriguez,XtextClosureExample,YES,mscrpt
superxlx,XTextViewDemo,NO,
johnBened,XtextMyDSLExample,NO,
philiber92,XtextTestRepository,YES,mydsl
fabienfleureau,XtextAtStackoverflow,NO,
yunxiaocloud,XTextFieldLimtDemo,NO,
eclipse,xtext-gradle,NO,
Mensmec,THESIS_XTEXT,NO,
MacJariel,sandbox-dsl,YES,karel
chetanladdha,XtextFormatingHoverSample,NO,
ainslec,XTextCustomLexerExample,YES,attributes
hem28,DSL_Xtext2.3,YES,mydsl
HBuender,XtextAndSiriusIntegration,YES,dmodel
meysholdt,EclipseCon2014_XtextTutorial,YES,survey
jaimedelgado,Xtext,YES,ddd
chris125964,xtext,YES,ddd
DonRenando,xtext,YES,ddd
martijndwars,Xtext,YES,ddd
ozkandemir,XText,YES,ddd
johnahfong,xtext,YES,ddd
Mensmec,Xtext,YES,ddd
pellcorp,xtext,YES,ddd
Tutti91,Xtext,YES,ddd
ANCIT,xtext-examples,YES,rules
DECENTSoftwareAssessment,dag.m1x,YES,dagx
rmemory,xtext,YES,ddd
deb-sandeep,com.sandy.xtext.jovenotes.tests,NO,
yasuohosotani,Xtext,YES,ddd
Nika24,Xtext,YES,ddd
BenediktNiehues,de.nie.fin,YES,fin
AlexElvers,XText,YES,ddd
lakzso,xtext,YES,ddd
seba111,Xtext,YES,ddd
MacJariel,xtext,YES,ddd
tmtron,xtext.15minTutorial,YES,dmodel
blewis13,Boxes,YES,box
DECENTSoftwareAssessment,famix.m3x,YES,"m3x,mse"
dslmeinte,SimScript,YES,"mappings,sim_app,sim_back,sim_struct,sim_ui,simple_db"
webdaford,aqleditor,NO,
goldschmiede,2012-02-03_dsls_mit_xtext,YES,"bodsl,mapdsl"
kthoms,org.eclipse.xtext.example.domainmodel,YES,dmodel
Reitzner,xtextmaven,YES,datavault
hectorsun,xtextonboost,NO,
duck2,xtextbg,NO,
HolyCityAudio,SpinCAD-Builder,YES,"spincad,spincadmenu"
ceefour,glproto,YES,glproto
DECENTSoftwareAssessment,dag.m1x.tests,NO,
gvd,xtext-sm,YES,sm
davidmpaz,php.ware.web.ui,NO,
DanielWeber,xtextext,NO,
fzalila,xtextfsm,YES,fsm
DECENTSoftwareAssessment,dag.m1x.sdk,NO,
jgoppert,xmodelica,YES,mo
Vinayakatk,xtextgeneratetest,NO,
deb-sandeep,com.sandy.xtext.jovenotes,YES,jn
DECENTSoftwareAssessment,dag.m1x.ui,NO,
viatra,viatra-evm-xtext,YES,example
protossoftware,ReqText,YES,reqtext
meysholdt,e4dsl,YES,e4text
benzait27,Xtext.Promo,YES,promo
malakeel,myDsl,YES,demo
npalix,org.eclipse.xtext.example.arithmetics,YES,calc
sormgabriel,textual_verduler,NO,
ekowahyudi,examplextext,NO,
DECENTSoftwareAssessment,famix.m3x.ui,NO,
nakul02,sialx-xtext-ide,YES,sialx
kduske-n4,DomainModel,YES,dmodel
Infoly,SmallJava,NO,
inakuhn,de.htwg.mdse.setgame.entities.parent,YES,entities
mlanoe,x-vhdl,YES,vhdl
DECENTSoftwareAssessment,famix.m3x.tests,NO,
nkonev,CalcXtext,YES,calc
meysholdt,xtext_examples,YES,"calc,dmodel,rules,statemachine"
manuelleduc,xtext-lib,NO,
xarvey,atom-xtext-package,YES,mydsl1
LolloCorte,bpel-xtext,YES,"calc,dmodel,mydsl"
sciolizer,xtext-sandbox,YES,"clazz,entity,func,mydsl"
denschu,xtext-whitespace,YES,whitespace
pablitar,claseXtext,YES,firewall
DECENTSoftwareAssessment,famix.m3x.sdk,NO,
tdegueul,xtext-composition,YES,"entity,group"
danieldietrich,xtext-javatools,YES,dmodel
akademia,ontouml-xtext,YES,ouml
efuentesp,codebuilder-xtext,YES,feature
zrrk,xtext-utils,NO,
juli1,xtext-debug,YES,"dmodel,mydsl"
nbhusare,Xtext-sandbox,YES,"clazz,entity,func,mydsl"
jachinte,xtext-grammars,NO,
susieagerholm,XTEXT_EXAMPLE,YES,"mydot,mydsl,mydsl1,mydsl3,mydsl4,rules"
itemis,monaco-xtext,NO,
xiaoyvr,xtext-demo,YES,dmodel
hmc-cs111-fall2015,picobot-XText,NO,
yanntm,Xtext-Light,NO,
quendimax,libXtextcursorchanger,NO,
Ikraminfo,GrammaireXtext,NO,
nickeeyyoo,xtext_project,YES,mml
marinamygithub,xtext_project,YES,mml
lukashaertel,xtext-xgen,YES,"xga,xgg"
fmca,xtext-typesystem,YES,expr
almazhou,xtext-demo,YES,dmodel
Huluvu424242,xtext.example,YES,dmodel
kiddochan,xtext-typesystem,YES,expr
mmalohlava,ppXtext,YES,statemachine
ponta027,xtext_practice,YES,qdsl
bhdrkn,Xtext-Examples,YES,rules
fatalerrortan,Xtext-examples,YES,rules
gcr-nist,runtime-Xtext,NO,
fBrx,language-xtext,NO,
ilya-klyuchnikov,sll-xtext,YES,sll
vonbolt,Xtext_test,YES,mydsl
rytina,xtext-typesystem,YES,expr
philiber92,xtext-utils,NO,
thomasfischl,xtext-workshop,YES,dmodel
jbadeau,ng-xtext,NO,
OliverScherf,MGPL-Xtext,YES,mgpl
szarnyasg,gradle-xtext,YES,mydsl
malbac,Xtend_Xtext,YES,cc
gitpan,Convert-XText,NO,
rmemory,xtext_eclipse,NO,
lukashaertel,xtext-technocat,YES,tec
lukashaertel,xtext-xtestgen,YES,xga
zhangyuanqiao,selenium-xtext,YES,mydsl
cooked,modelica-xtext,YES,mo
pablitar,firewall-xtext,YES,firewall
hamza-abed,JSEditorXtext,YES,jsdsl
Virtlink,paplj-xtext,YES,pj
kwanggy,xtext-sublime,YES,statemachine
thicket-lang,thicket-xtext,YES,tkt
agentlab,xtext-web,YES,mydsl
test-editor,xtext-dropwizard,YES,mydsl
kecskesk,xtext-menetrend,YES,menetrend
ftrifin,xtext-utils,NO,
scottopell,xtext_utils,NO,
lukashaertel,xtext-fsml,YES,"fsml,input,megal"
sahrmann,xtext-json,YES,json
Modaptix,xtext-utils,NO,
itemis,xtext-issues,NO,
holzem,xtext-lexertrace,YES,lexertrace
victorlacorte,Tcc,NO,
limelanguage,lime-xtext,NO,
edgarmueller,xtext-recordmapper,YES,cr
santoshdeshpande,wwf-xtext,YES,cfg
MatzeGIT,XText-maven,YES,mydsl1
tkurita,XText.scptd,NO,
t-buss,mgpl_xtext,YES,.mgpl
dvdkruk,xtext-workshop,YES,dmodel
npalix,org.xtext.example.mde,YES,mde
logicfish,XActiv,YES,admodel
kittaakos,webcalc,YES,webcalc
evandor,skysail-prototypr-dsl,YES,sapp
iensen,certware-l-editor,YES,"L,result"
vladimirkozhaev,casualintellect_new_wizard,YES,casual
TinyScream,org.xtext.amodel,YES,asome
M2TIIL2016-2017,SiteWeb_XText,YES,siteweb
schakko,hackcamp-xtext-automotivebus,YES,bus
sfinnie,xtext.scoping.adventures,YES,xscope1
jpaw,bonaparte-apidsl,YES,api
rainerschuster,yacc-ide,YES,y
schakko,xtext-bug-436688,YES,mydsl
dhuebner,xtext-builddsl-tycho,YES,build
matejsp,lwc13-xtext,YES,"ql,qls"
ftrifin,xtext-utils.uml,NO,
mbarbero,xtext-forms-integration,YES,"calc,dmodel"
FForw4rd,xtext-restriction-framework,YES,"meta,rest"
zrrk,xtext-utils.devenv,NO,
ftrifin,xtext-utils.xtend,NO,
svenefftinge,xtext-jaxcon-example,YES,regeln
LorenzoBettini,xtext-demo-laquila,YES,mydsl
jakecobb,xtext-iris-datalog,YES,dlog
Huluvu424242,rezept-dsl.xtext,YES,rezept
philiber92,xtext-utils.unittesting,YES,dmodel
philiber92,xtext-utils.distribution,NO,
phaldan,htwg-cform-xtext,YES,cform
itemis,xtext-example-conplan,YES,conPlan
LorenzoBettini,Xtext-Buckminster-Example,YES,greetings
LorenzoBettini,xtextcon-typesystem-example,YES,expressions
dhuebner,org.xtext.example.tycho,YES,mydsl
agentlab,eclipse-orbit_xtext-web,YES,"hello,statemachine"
Tutti91,xtext_language_bla,YES,bla
LeonoraG,xtext-req-editor,YES,rqs
xarvey,atom-xtext-autocomplete,NO,
franzbecker,xtext-formatter-problem,YES,mydsl
ftrifin,xtext-utils.distribution,NO,
Fritzi,XText_TeSSLa,YES,tessla
madasar,booster2-xtext,YES,boo2
TypeFox,xtext-splitted-repo,YES,"mydsl,nojdt,testlang"
zrrk,xtext-utils.uml,NO,
zrrk,xtext-utils.xtend,NO,
ftrifin,xtext-forms-integration,YES,"calc,dmodel"
JanKoehnlein,fxdiagram-xtext-examples,YES,"dmodel,statemachine"
ubx,openair,YES,openair
rju,xtext-typing-example,YES,lad
philiber92,xtext-utils.xtend,NO,
Advanced-Model-Engineering-SS16,xtext-ocl-extensions,YES,"entity,form"
zrrk,xtext-utils.distribution,NO,
Johanvdberg,mcrl2.xtext,YES,"mcrl2,multiname,ref"
kryptonite22,rsbac.xtext.dsl,NO,
tkleszczynski,jug-zgora-xtext,YES,demo
philiber92,xtext-utils.devenv,NO,
jeffmaury,devoxx2012-xtext,YES,"demo1,izpack"
YonedaMasashi,xText_Practice,YES,qdsl
jackqq,xTextEdit,NO,
ftrifin,xtext-utils.unittesting,YES,dmodel
lgcardeas,xtext-forms-integration,YES,"calc,dmodel"
vrichard12,xtext-forms-integration,YES,"calc,dmodel"
itemis,xtext-monaco-example,YES,mydsl
pabu90,xtext-ci-test,YES,hero
EricssonPlant,plantuml-xtext-light,NO,
zrrk,xtext-utils.unittesting,YES,dmodel
LorenzoBettini,xtext-index-experiments,YES,greetings
ftrifin,xtext-utils.devenv,NO,
inteldict,xtext-gradle-demo,YES,"flt,ls"
cdietrich,xtext-multi-dsl,YES,mydsla
hachreak,dmss.pouex.xtext,YES,pouex
lunifera,lunifera-xtext-runtimebuilder,YES,dmodel
sikessle,xtext-forms-integration,YES,"calc,dmodel"
priya0311,xtext-forms-integration,YES,"calc,dmodel"
philiber92,xtext-utils.uml,NO,
talalong,dbFactoryXtext,YES,dbFactory
stackoverflowmailer,lwc13-xtext,YES,"ql,qls"
willy2706,if4150-xtext,YES,cvdsl
wwu-pi,acse-xtext-validation,YES,valdsl
ProgrammableDrones,xTextLanguage,NO,
stefano-bragaglia,Kinect-ECE-XText,YES,ece
wwu-pi,acse-xtext-gui,YES,guidsl
peterssas,xtext-gradle-problem,YES,dmodel
zhoumin03,xtext-forms-integration,YES,"calc,dmodel"
gcubar,CodeXcessXtext,YES,xs
cdietrich,xtext-ecore-xcore,YES,"mydsla,mydslb"
ayoubziat,xtext_DSL_example,YES,conPlan
xiaoyvr,xtext-demo-oxygen,YES,fsh
test-editor,deprecated-xtext-index-backend,NO,
kuniss,Aqua,YES,aqua
npalix,org.eclipse.xtext.example.fowlerdsl,YES,statemachine
dslmeinte,xtext-workshop-code1,YES,webgui
chauhansaurabhb,Eclipse-Xtext-Mydsl-Plugin,YES,mydsl
oyse,jetson,YES,json
zwgirl,summer,YES,"___xbase1,anno,ss,type,xaml"
rymarenkosuccess,Coffeescript-Eclipse,YES,"Cakefile,coffee"
felipedf,compiler,YES,stdc
logicfish,XPlane,NO,
LorenzoBettini,Xtext-Xtend-Buckminster-Example,YES,greetings
vorburger,eclipse-typescript-xtext-repository,NO,
pankeshpatel,EclipsePluginForXtext,YES,mydsl
Hellmy,plantuml-eclipse-xtext_update,NO,
xpomul,xtext-multi-edit-example,YES,statemachine
tmtron,xtext.eclipse.15minExtended,YES,dmodel
deb-sandeep,com.sandy.xtext.jovenotes.ui,NO,
ftrifin,xtext-utils.xtend1,NO,
szarnekow,xtext-arithmetics-web-example,YES,calc
wwu-pi,acse-xtext-knuth-binaries,YES,bindsl
jwachter,xtext-serializer-issue-example,YES,mydsl
DemidovAlexander,Xtext_MiniJava_IDE,YES,mj
camilagarcia113,xtext-dsl-obj3,YES,ag
cdietrich,gradle-xtext-xtend-problem,NO,
uqbar-paco,firewall-dsls-externos-xtext,YES,firewall
svenefftinge,Xtext-LWC-contribution--Instances-,YES,instance
rainerschuster,eclipse-webidl,YES,idl
willy2706,if4150-xtext-html,NO,
phaldan,htwg-cform-xtext-demo,NO,
hypery2k,Xtext-GrammarMixin-Example,YES,"commonLang,domainLang,metaLang,uiLang"
philiber92,xtext-utils.subproject-template,NO,
zrrk,xtext-utils.subproject-template,NO,
thowin,ituXtextLandinConfigurator,YES,expressions
philiber92,xtext-utils.xtend1,NO,
claudenirmf,old-tests-on-xtext,YES,ontol
zouhairireda,xtext-ocl-xtend-poc,YES,wdl
franzbecker,xtext-serializer-parallel-problem,YES,mydsl
lunifera,lunifera-xtext-runtimebuilder-example,NO,
ftrifin,xtext-utils.subproject-template,NO,
fluxtah,xtext-android-gradle-example,NO,
hypery2k,Xtext-Maven-BuildExample,YES,"mydsl1,mydsl2"
kittaakos,xtext-eclipse-gh-238,YES,mydsl
MatzeGIT,XText-Maven-CleanStart,YES,mydsl
Rodolfocostapr,org.xtext.example.pascalito,YES,psc
deb-sandeep,JoveNotesProcessor,NO,
zrrk,xtext-utils.xtend1,NO,
tanthingdeveloper3unshine,AutoCompleteXTextView,NO,
loradd,uml-xtext-grammar-generator,NO,
RobertWalter83,DialogScriptDSL,YES,"chara,dialog"
vicegd,org.xtext.dsl.restaurante,YES,rest
paulluap,xtext-extras-issue216,YES,mydsl
dhakehurst,net.akehurst.example.xtext.vertx,YES,lang
alvilgau,de.htwg.xtext.setGame,YES,setgame
nittka,Xarchive,YES,xarch
rdurelli,com.br.refactoring.xtext.dsl,YES,refactoring
tmtron,xtext.15minTutorial.project,NO,
agentlab,eclipse-orbit_xtext-web-dsls,YES,"hello,statemachine"
threadedblue,org.eclipse.xtext.example.domainmodel,YES,dmodel
cdietrich,xtext-existing-metamodel-gradle-example,YES,mydsl
wrungel,tycho.xtext.mwe2.test,YES,"lang_a,lang_b"
Scholvac,EclipseTaskJuggler,YES,tjp
ftmdida,xtext_code_gen_version_2,YES,mydsl
alexwatts,xtext-j2ee-dsl,YES,"accessdsl,jpadsl,workflowdsl,xml"
cdietrich,xtext-gradle-plugin-issue-60,YES,issue60
thowin,ituXtextLandin2Configurator,YES,exco
jkouwer,basicfamily,NO,
goldschmiede,2011-02-18_xtext_apache_wicket,NO,
nileshrege,El,YES,el
deparlak,de.htwg.mdsd.xtext.portals,YES,portals
shashwatanand,org.shashwat.xtext.smallJava,YES," sj,smalljava"
mmalohlava,gpp-for-xtext-master-thesis,NO,
dexz92,Integrating-Xtext-and-JavaRAG,YES,jrag
Rodolfocostapr,org.xtext.example.pascalitoOld,YES,psc
KasperGam,IGESImport,YES,"iges,igs"
fuinorg,xsample,YES,xsdsl
florianpirchner,beantypes,NO,
cdietrich,xtext-gradle-plugin-issue-61,YES,mydsl1
rdurelli,com.br.refactoring.xtext.dsl.ui,NO,
threadedblue,org.eclipse.xtext.example.domainmodel.tests,NO,
rdurelli,com.br.refactoring.xtext.dsl.tests,NO,
shashwatanand,org.shashwat.xtext.smallJava.ui,NO,
tmtron,xtext.eclipse.15minExtended.project,NO,
chqu1012,MetroUiDescriper,NO,
rainerschuster,sygus-ide,YES,sl
jacruzca,xtext-multilanguage-multiple-target-impl-reuse,YES,"a,b,c,d,e,f,g"
qscdfg,mybash,YES,sh
eirikg,XbaseSiriusIntegration,YES,dmodel
nohum,android-code-generation,YES,androidapp
gvd,zest-sm,NO,
uqbar-paco,declaratividad-orm-java,YES,mapping
shashwatanand,org.shashwat.xtext.smallJava.tests,NO,
dhakehurst,net.akehurst.example.xtext.vertx.lsp,NO,
vztpv,ClauTextWithEclipse,NO,
goldschmiede,2011-04-29_xtext_service_repository,NO,
markusvoelter,DSLEngBook-Xtext-P3Demo,YES,p3d
ESIR2Compilation,PrettyPrinter,NO,
bmael,MVCLang,NO,
zhou-jg,tefler,YES,fm
bogdanvuk,xvhdl,YES,vhd
marcotinacci,XTuring,YES,xtm
threadedblue,org.eclipse.xtext.example.domainmodel.ui,NO,
joergreichert,OperationsResearch,YES,knapsack
tommyettinger,julepp,NO,
masters-info-nantes,SmokingText,YES,st
daniel-laszlo,temalabor,YES,mydsl
Communote,communote-restws,YES,restws
vorburger,FormGeneratorPOC,NO,
nittka,pocesl,YES,mydsl
logicfish,POMText,NO,
cdietrich,https---github.com-meysholdt-xtext_stateful_lexer,NO,
bogdanvuk,xrst,YES,"bib,rst"
meysholdt,performance_probes,NO,
agentlab,PowerLoomDSL,YES,plm
rainerschuster,jdl-ide,YES,"jdl,jh"
JoostvanPinxten,SDF3-editor,YES,sdf3
ceefour,emf-sandbox,NO,
Mehdi23,FlexoModelingLanguage,YES,FML
atanaka,experimental-rmodp-dsl,YES,rmodp
leolimasa,reqlang,YES,req
smba,model-based-times,YES,npl
DavidFosterLuhmann,high-dim,NO,
test-editor,deprecated-test-editor-index-backend,NO,
sidz8690,EasyUnit,NO,
lsotnk,lsotnk.xbase.launching,NO,
Tim-S,ReqLNG,YES,reqlng
helunwencser,PAOC,YES,mydsl
nakul02,sysml.dml,YES,dml
rainerschuster,tlsf-ide,YES,tlsf
rainerschuster,asdl-ide,YES,asdl
N0P0x90,EclipseExamples,YES,mydsl
martinmuellenberg,cityplanning,YES,cdsl
newdigate,soa-dsl-scaffolding,YES,entityspec
evansnicholas,yaxpath,YES,xpath
nittka,ASP,NO,
josros,boby,YES,boby
danhaywood,kemble,NO,
schakko,bsc-thesis-documentation,NO,
szarnekow,mongoBeans,YES,mongo
timeraider4u,external_jar_download,NO,
Buggaboo,xplatform,YES,"Restful,jsongen,mobgen,resource"
jonathankoehn,entitygenerator,NO,
marcusphi,polopoly-dsl,YES,content
alexisfacques,dsl-feature-modelling,YES,diagram
sbrocard,statemachine-generator,YES,stm
JPL-IMCE,gov.nasa.jpl.imce.oml.core,YES,oml
PuneetPatwari,system-map-maker,NO,
atanaka,DomainmodelWithCrossReference,YES,dmodel
cedricvidal,protobuf4e,NO,
rowlo,testdsl,YES,testdsl
joergreichert,Cool,YES,cl
WesleyMarques,CompiladorJava,YES,mydsl
tommyettinger,kobold,YES,kob
stolorz,RankPL-EclipsePlugin,YES,rpl
UnibgInfo3A,ebnfworkbench,YES,ebnf
sergiowebo,RaspduinoDSL,YES,raspduino
Remypoc,CmooSimpleJ,YES,simple
majordomo,majordomo,YES,domo
ryanignatius,CheckerDSL,YES,check
raynair,webml,YES,webdsl
arbennett,ParserGeneratorExample,YES,ini
OElabed,Model-Driven-Engineering--Eclipse-RCP-plugin--Software-product-line,YES,"sd,sdc"
renaudhelias,MameVHDL,YES,mame
cwiscount,mydsl-emf-gen,YES,mydsl
rmuecke,clinicaltrialcreator,NO,
mythicfreak,aomxsgrammar,YES,xs
diverse-project,melange-studio,NO,
marcotinacci,Event-Oriented-Language,YES,eol
ksza,Bicycle-Shop,YES,nbs
marcotinacci,SwarmRobotics,YES,seal
Padmar1995,gh,NO,
