owner,repo
waynepiekarski,XTextureExtractor
TypeFox,theia-xtext-sprotty-example
altran-mde,xtext-sirius-integration
UnBCIC-TP2,Oberon-IDE
TypeFox,vscode-xtext-sprotty-example
eclipse,xtext-website
Mabar16,xtextMath
PacktPublishing,Implementing-Domain-Specific-Languages-with-Xtext-and-Xtend
resloved,xtext
lurenzhangdeshuai,EmojiText-XText
kuniss,xtext-ide-extensions
MISO4202,co.edu.uniandes.gramaticajmeter
preesm,ripacola-xtext
GiordanoT,ocl-xtext
ravornyo,xspice
TypeFox,xtext2langium
cau-se,sprat-ecosystem-dsl-xtext
raptor494,Xtext-Minecraft-JSON-Languages
OpenSextant,XText
laubfall,jugh-xtext-arkanoid
khabdrick,LambdaXtextract
bsati,mgpl-xtext
SuelanyBrito,JFlex_CUP_XText_SQL
TopXDevTeam,TopXTextUI
ngreve,xtext_web
nmaoez,composer-language-server
FAMILIAR-project,xtext-dsl-compiler-example
MISO4202,xtext-egl-sql2java
program-in-chinese,xtext_tutorial_15_min_zh
oliverablagojevic,QuestionnaireDSL
hvbargen,meth
cesarlaso,tfm-udima-arquitectura-del-software-dsl-ecore-xtext-emf
idiomaticsoft,xtext-tips
ElBilbao,DSL-Wizard-Creator
ScytherTool,dsl
pablitar,firewall-xtext
Scholvac,EclipseTaskJuggler
zxhr,gradle-xtext-generator
tmtron,ex.xtext.lsp
echebbi,standalone-xtext-example
darvasd,xtext-docs-gen
rainerschuster,sygus-ide
Communote,communote-restws
Zannith,XtextTest
AnnaLenaMeiners,XtextExamples
Kerolos77,XTextEditor
JoostvanPinxten,SDF3-editor
holgerschill,xtextCodebuff
devzwy,XTextView
mraminella,XtextExamples
msntts,XtextStudy
chiachong,XTextClassification
vinisbranco,XtextGerador
pakhopav,XtextPlugin
IamRaziel,XtextTutorial
dstoft,XtextWorkspace
MisbahAwan,XtextCollaborativeEnvironment
pakhopav,XtextLanguage
fonuhuolian,XTextView
RomainLefeuvre,xtextHW
BestCoderXQX,XTextFlagDemo
vinisbranco,XtextTrabalho2
loicperreal,Xtext
goflyboy,xtextsample
SharkJ,XtextInheritanceTest
hewenyuAndroid,XTextView-Android
OLibutzki,XtextExtras446
vinisbranco,XtextJavaScript
AndreasGroentved,XtextDSL2018
robertchristen,XTextCategorizer.Demo
alvarofpp,tutorial-xtext
pakhopav,XtextLanguageGradle
pakhopav,xtext
adamhorvath88,Xtext
0xMYsteRy,Xtext
taylorlohan,XtextHealth2.0
Caroline66666,xtext
xuxiaowen87,XText
MisbahAwan,xtext
ichxorya,failed-xtext2vscode-example
helunwencser,PAOC
RobMoloney,xtext
l1ppe,xtext
madhouni,wps-ecore-ocl-xtext
MISO4202,uniandes.mdd.xtext2xmi
tchebs,xtext
mlopez8621,xtext
rainerschuster,tlsf-ide
ShivaniBali,Theia-Xtext-Yangster-Project-
ehah,XtendExample
stolorz,RankPL-EclipsePlugin
vks2106,prenum
drkstr101,hello-xtext
arthurmosley,Essex-Test
eclipse,xtext-website-publish
jflopezfernandez,xtextutils
AlanQuadros,xtextlpmangan
abieren,MDSD-Xtext-Project-for-JavaFX
OezzyB,e-portfolio-Xtext
George-6629,Lobster-language-conversion-sql-language-based-on-Xtext
zinon,xtextminer
mustafa231,xtexteditor
MOSafely,xtextrepo
uqbar-paco,firewall-dsls-externos-xtext
LorenzoBettini,xtext-domain-model-guice-5
BlackBeltTechnology,karaf-features-eclipse-xtext
vashchenkov,xtext-samle
germono,FormXtext
Mehdi23,FlexoModelingLanguage
ShrawanBK,xtext_salestransaction
sbrocard,statemachine-generator
szschaler,henshin_xtext_adapter
magick93,xtext
blue995,xtext-orm
efuentesp,Xtext-UCS
katmatt,graphql-xtext
wibeck,testXtext
msun68,xtext-examples
xTexturedxx,xTexturedxx
HexXText,HexXText
Gricel-lee,Xtext-Maven
kolchanov,org.xtext.example.mydsl.parent
HouseBuilder-MDE,HouseBuilder-Xtext
EvdokimovMaks,xtext-expressions
Sorokatov,xtext-demo
coffeeframework,HLVL
bogdanvuk,xvhdl
r4mtor,xtext-talks
nbhusare,xtext-playground
kokostino,xtext_kokomodel
jonev,HTTP-REST-test-DSL
rainerschuster,yacc-ide
lahirugayanga,xtext-projection
daniel614,xtext-webapp
Spiderixius,DSLIndividualXtext
elite-se,elite-se.xtext.languages.plantuml
vinicius0197,metacrysl
torosky,Libreria-Xtext
MaxiEckert,Xtext-example
as500,xtext-rpgle
JavierOramas,AudiXText
xtext,xtext-monorepo
vjordan,Xtext_browser
Yop-La,xtext_project
JesterOrNot,Gitpod-XText
eclipse,xtext-archive
Lethalaric,xtext-learning
DSIE2,tr.xtext
ShivaniBali,Theia-Xtext
kthoms,xtext-webinar
jonathankoehn,entitygenerator
zhanglin2018,learnXtext
seebgar,Xtext-Projects
antoine-morvan,caph-java-parser
AbQadirr,dialogXtextflow
mdsd-team-1,photos-xtext
arockiaraj1994,xtext-mvn
moein9,passXtext
saivarunr,xtext-editor
JesterOrNot,xtext-cli
Somiacao,xtext-web
KasperGam,IGESImport
LIONant-depot,xtexture_compiler
tchebs,xtext-example
ballcoach12,xtext_samples
AssaX0,MDSE-xtext
samples-projects,sample-xtext
karthik137,xtext-demo
MDE-Course-23-24,SIRIUS-XTEXT
tshoang,WhitespaceIDE
laurocesar,xtext-domainmodel
Yahaya12,Xtext-project
malhxr,SpeechXtext
stanimirovv,xtext-extractor
3m3k3,xtext-congen
Ixgauth,perspectiveDSL-Sirus-Xtext
zhou-jg,tefler
tmtron,ex.xtext.twog
bproenca,mpti-dsl
szarnyasg,sql-pgq-xtext
adrianrutle,PCS953-EMF-Exercise
protossoftware,ReqText
yamen-njm,IotXtext
TVTower,TVTDatabaseEditor
epsilonlabs,emc-xtext
Tim-S,ReqLNG
lvanzeun,ulm-xtext-test
purerstamp,N7.compilateur
jaedabee,xtext-gradle-test
MassiBelaid,M-langeuse-Xtext
JensBAndersen,PolicyLanguage
random-eclipse,nix-eclipse-xtext
meta-doodle,Xtext_Gradle_Test
tshoang,XMarking
MaximilianKoestler,vscode-xtext-links
AhmedEssam2212,xText-Editor-
adrinerDP,DSL-with-Xtext
cdietrich,xtext-domainmodel-ls
tmtron,ex.xtext.ml
andrewsandu,xtext-web-example
pngowda,xtext-build-tools
SharkJ,xtext-dsl-sample
hammedb197,team-hacktive-xtext
SimonCockx,xtext-monaco-example
mister-walter,xtext-folding-issue
alexvolh,xtext-xml-grammar
SharkJ,my-theia-xtext
NSaitoNmiri,toppers_cfg_xtext
vjordan,Xtext_directory-file
JosBouwhuis,xText-DSL
CS130-W20,assignment-2-xtext
lunifera,xtext-jvmtypeprovider-standalone
bobbyfisher1,eclipse-workspace
dsl-course,xtext-entities-tutorial
Highbrainer,xtext-pde-target
osarenogae,fault_trees_textual_editor
XIECHO,qingo_xtext_documentation
FariSoftware,xtext-problem-matcher
ShrawanBK,xtext.sales.transactions
Lzgpom,xtext-gen-extension
drkstr101,Domainmodel
vinicius0197,expressions-dsl
LorenzoBettini,xtext-xdoc-releases
KarstenWilken,xTextForum
S-wald,xtext-plugin-gradle
lahirugayanga,xtext-example-dsl
cdietrich,xtext-fragment-experiments
cdietrich,xtext_bug_1974
bergmanngabor,xtext-railmap-demo
mchlrch,xtext-intro-bfh
EvdokimovMaks,xtext-example-entities
cipek,MyFirstXText
pngowda,xtext-ci-libs
paulvberlin,BaSiriusXtext
metafacture,metafacture-flux
frademacher,xtext-jpms-test
xtext,xtext-monorepo-lfs
LorenzoBettini,xtext-build-utils
cdietrich,xtext-two-dsls
balazsgrill,xtext_bug508518
Tim-S,xtext-valueconverter-example
ayakurtam,xText-Editor
kecksk0enig,vuc-xtext
xtext,xtext-orbit-replacement
fedorov-vk,xtext-xcore-sample
gustavotemple,mo631xtext
Tim-S,xtext-mapbasedscope-example
shakenetwork,xTextHandler
GabrielBozza,ProjetoXtextPFC
HexXText,HexXTextSMP
snarkipus,xtext-dsl-book
fedorov-vk,xtextxtend-book-examples
ArneDeutsch,xtext-gradle-example
oliver-reinhard,xtext-ppt-demo
tpluscode,xtext-completion-nullpointer
idiomaticsoft,sbt-xtext-plugin
ooaa30,Wail
rainerschuster,jdl-ide
kulcsii,xtext-railmap-theia
NiccoMlt,xtext-showdown-grammar
NinjaArmy,xtext-language-server
jnt0r,xtext-npe-reproducable
bogdanvuk,xrst
cs130-w21,statemachine
csbc92,MDSE-assignment3
ghillairet,org.example.mydsl.parent
nakul02,sysml.dml
abatti,XTEXT_FACPL3_PreserveVarious
tfLabs,xtext-languageserver-example-duplicator
LorenzoBettini,xtext-maven-plugin-example
cdietrich,xtext-eclipse-issue-1009
patrickneubauer,UoY-MODE-XTEXT
matheuslenke,Xtext-UML
cdietrich,theia-xtext-vscode-example
cdietrich,j9-tycho-xtext
loradd,xtext-lsp-ecore-support
nnn911,LaTeXTextOverlay
IbanezGio,VuC
EricssonPlant,plantuml-xtext-light
ShahimEssaid,com.essaid.model.xtext
gon10,EclipseRepoTese
max-leuthaeuser,jmhmathexample
evansnicholas,yaxpath
seebgar,MISO4202-proyecto-xtext
NiccoMlt,xtext-15-minutes-tutorial
SharkJ,theia-xtext-extension-test
jku-win-se,JsonBasedXtextGrammar
altran-mde,xtext-sirius-integration.io
cdietrich,xtext-core-issue-1835
Zaki-Fadlan,xtext_getting_started_skilledup
Vallenstein,xtext_web
rudi,xtext-emacs-lsp-demo
fedorov-vk,apds_prototype
test-editor,test-editor-xtext-gradle
nkonev,CalcXtext
keve98,SzakD_xtext_xtend
silvergl,xtext-headless-rcp-example
reinaqu,bpmnFromXtextDSL
xtext,xtext-p2-orbit
dsl-course,xtext-tutorial-turku-interim
tfLabs,xtext-lsp-validation-anyway
BalzGuenat,xtext-bug-minimal-example
dmfullstack,org.xtext.example.mydsl
casino-mdd,DSL
cdietrich,xtext-languageserver-example-simple
msntts,Xtext-Standalone-fat-jar
oldulov,cfeditor
LorenzoBettini,xtext-type-errors-examples
claudenirmf,OntoUML-2.0-Xtext
Mehmetcanss,example_xtext_language_server_vscode
lidochca,xtext.skip.build.before.rename
cdietrich,xtext-maven-plugin-coverage-example
Kevin-Philip,TP_etudiant_Compilax
fayssalElAnsari,Kotlin-Meta-Model
tshoang,BareBonesIDE
tareklel,PDFtoText
TVTower,TVTBlitzmaxEditor
cdietrich,xtext-multi-dsl-manual-metamodel
hallvard,xost
davidmpaz,log-book
oliver-reinhard,xtext-scoping-default-imports-demo
lowcomote,DBML-to-ER
MISO4202,uniandes.mdd.example.create-xtext
NaoMod,XText-Language-Server-in-VSCode
claudenirmf,TPTP-Editor
cdietrich,simple-xtext-parallel-load-example
bobbyfisher1,expressions
UnBCIC-TP2,Oberon-XText
tfLabs,xtext-n4js-lsp
yishakabreham,mde.sales.transactions.xtext.4
Rajesh2015,DSL-using-Xtext-and-Xtend
cdietrich,xtext-lsp-tests-with-tycho
CarlosAsrc,Reconhecedor-scheme
oliver-reinhard,xtext-scoping-default-namespaces-demo
Garlo13,CEPStaticAnalysis
sderrien,Uclid-editor
abdullah-4Mohammed,AWS-EC2-Service_DSL-EMF
sumeetchhetri,faugjs-eclipse-plugin
augustin-rialan,IDM
GlancingMind,xtext-lsp-missing-deleteFile-impl
zmy3036190149,theia-xtext-pf-v1-backup
MDSDLab,mdsd-2023-lab2-xtext-xtend
fanghuixing,XtextApricot
SimonCockx,xtext-assertAllWhitespaceIsFormatted
tombk556,SF_Factories_Beleg2324_Xtext_DSL
DonatasC,CodeGeneration
sergiowebo,RaspduinoDSL
zs6jce,x400-xrpgle
cyrilnavessamuel,TripManagment
paullewallencom,xtext-xtend-978-1-7864-6496-5
efuentesp,xtext-cobol
vorburger,xtend-StackOverflowError-issue461
JoaoMAlmeida,projetoCompiladores18-2
Bisssen,math_assignment_3_math_compiler_xtext_and_xtend
vks2106,domain.model
dr-jam,ABL-XText
mrtnstn,example-script-language
Michel-Nassalang,eclipse_workspace
varadbal,FunPL
OliverScherf,MGPL-Xtext
EightPillars,NmtranEditor
DSIE2,Implementing-observer-design-pattern-with-Xtext-and-Xtend
hachreak,dmss.pouex.xtext
pen-zhang,online_elm_xtext
mischnic,bachelors-thesis
cs130-w22,statemachine
evandor,skysail-prototypr-dsl
houssemradhouane,Meta-Modelisation-of-Games-Using-UML-Eclipse-Xtext-Acceleo-JAVA
mdsd-team-1,domain-specific-language
Remypoc,CmooSimpleJ
nils-christian,xtend-active-annotation-issue
modicio,feature-dsl-tools
christopherosthues,mgpl-xtext
scanyboss,ide-yourdsl
spirvdev,dumpsymb
eventB-Soton,XTheory
agonzalezgaliana,mydsl-language-server
codezork,DSL-Blog
LorenzoBettini,issue-2000-example
otrosien,xtext-perl
scanyboss,hello-world-language
joerg-holtmann,Pretty-Printer_Language-Analysis
DonRenando,xtext
LinguaPhylo,linguaPhyloDSL
Buggaboo,xplatform
mdsd-team-1,dsl-layered-style
larissafiorini,t2-lingProg
ragben,NetzDsl
trichterwolke,init
gyaltso,Eclipse-Training-Schedules
wzurborg,xtend-example
mattsse,xtext-fipa-acl
kyberszittya,simple-ros-code-generator
dsanmartins,Entidades
raglu,ExternalDSL-xtext
uppaal-emf,uppaal-xtext
robinguill,DSL_UML_INSA
DedalArmy,SpringDSLJava
robertovillarejo,kukulkan-grammar
webdaford,aqleditor
stefano-bragaglia,Kinect-ECE-XText
Cosimo5lli,assertx-swing
Wilson008,GrammarGenerator
qxe35v,xtext_encoding_dsl
nileshrege,El
ryangarvey,mde-spec
bfMarcelino,SchemeLP
henriklange,ifcBrickConvert
fedorov-vk,apds_dsl
bsi-software,org.eclipse.scout.xtext
smba,model-based-times
henriklange,ifcBrickConvertDsl
PikaQin,XModel-Code-Converter
helloyaqin,XModel-Code-Converter
fuinorg,org.fuin.dsl.cqrs
kukulkan-project,kukulkan-language-server
Huluvu424242,rezept-dsl.xtext
MDEGroup,metatemplating
lukashaertel,xtext-technocat
grammeaway,math-interpreter-dsl
ahmedsaleh1998,concept_project
Chaimaa-Louahabi,Model-Driven-Engineering
hwong23,dsl.evtool
MisbahAwan,SeamlessRuntimeTransformations
ProjetoDSL,CanopusDesign
Ryuzaki101,Workbench
eclipse,xtext
eclipse,xtext-core
eclipse,xtext-xtend
eclipse,xtext-eclipse
eclipse,xtext-extras
eclipse,xtext-web
xtext,seven-languages-xtext
eclipse,xtext-maven
eclipse,xtext-lib
xtext,maven-xtext-example
seebk,LaTeXText
cdietrich,xtext-languageserver-example
eclipse,xtext-idea
arnulfo-rodriguez,XtextClosureExample
Dexels,navascript-editor
xtext,xtext-gradle-plugin
LorenzoBettini,packtpub-xtext-book-2nd-examples
PrinceMei,xTextHandler
LorenzoBettini,packtpub-xtext-book-examples
theia-ide,theia-xtext
svenefftinge,xtext-lsp-workshop
ObeoNetwork,Xtext-Sirius-integration
dslmeinte,Xtext2-DSLs
eventB-Soton,XUML_B
hakimuga,BIP-language
eclipse,xtext-umbrella
danieldietrich,xtext-protected-regions
xtext,xtend-gradle-plugin
aphethean,xtext-maven-examples
ckulla,xtext-tycho-example
vorburger,xtext-sandbox
basilfx,xtext-standalone-maven-build
JakeGinnivan,XText
OLibutzki,xtext.tools
renaudhelias,MameVHDL
LorenzoBettini,Xtext2-experiments
felipedf,compiler
xtext,xtext-reference-projects
jpaw,bonaparte-apidsl
avaranovich,megal-xtext
fuinorg,emt-xtext-archetype
eclipse-soc,amalgamation-examples-xtext
kthoms,xtext-experimental
dsldevkit,dsl-devkit
itemis,generator-xtext
trifonnt,net.adempiere.dsl.properties.spring.parent
martinbaker,xtextadd
mythicfreak,aomxsgrammar
nittka,Xarchive
vladdu,xtext.unittesting
softlang,megal-xtext
xpomul,cdo-xtext
mark-christiaens,Xtext-Models-Stats-View
TypeFox,xtext-jflex
LiamWalsh98,tumlrt-language-server
patrickneubauer,XMLText
xtext,org.xtext.antlr.generator
boalang,xtext-ide
NaoMod,MiniTL
veraPDF,veraPDF-model-syntax
TypeFox,languageserver-example
ksza,Bicycle-Shop
deb-sandeep,com.sandy.xtext.jovenotes
opcoach,datasample
TatyPerson,Xtext2Sonar
TypeFox,xtext-vscode
svenefftinge,Xtext-Workshop-Development-Workspace
cdietrich,xtext-uml-example
cdietrich,xtext-maven-example
pen-zhang,xtext_elm_editor
borgar,xtexts
urbanoanderson,xtext-gait-model
dslmeinte,Xtext1-DSLs
tshoang,Simple-Barebone-XText-based-IDE
LorenzoBettini,ecefrance2015-xtext-example
jcmm33,DirectXTextBlock
dhuebner,xtext-apidiff
appdev,XTextView
oehme,xtext-maven-example
gvd,xtext-sm
xtext,xtext-external-editors
itemis,xtext-generator-vscode
soluvas,ecommerce-sample
tianguanghui,xTextHandler-objc
meysholdt,xtext_stateful_lexer
holgerschill,XtextCon_Xcore_Maven
scottopell,vim-xtext
itemis,xtext-debug-example-no-xbase
TypeFox,Xtext-XMI
joergreichert,XtextPlayground
wuwen1030,XTExtension
akademia,ontouml-xtext
JanKoehnlein,EclipseCon2013_XtextTutorial
sahrmann,xtext-json
santoshdeshpande,wwf-xtext
arturboronat,xtext.domainmodel
t-buss,mgpl_xtext
cmendible,Hexa.xText
kuniss,Aqua
andrearn,org.fornax.soa.xtextservicerepository
ujhelyiz,xtext-reflective
szarnekow,xtextcon-xbase-example
atanaka,experimental-rmodp-dsl
cdietrich,xtext-languageserver-xbase-example
test-editor,deprecated-test-editor-xtext
awk-kazmin,eclipse_1C_xtext
svenefftinge,fowlers-statemachine-with-expressions
copton,XTextExamples
GeekBugs,XTextView
akosyakov,org.xtext.example.mydsl.idea
leolimasa,reqlang
HBehrens,Xtext2Workshop
GrupoHunter,Kukuroo
itemis,xtext-languageserver-example-lsp4e
fatalerrortan,Xtext_Xtend_HTML_Generator
spoenemann,xtext-gef
rainerschuster,asdl-ide
marcusphi,polopoly-dsl
LorenzoBettini,jbase
mn-mikke,Model-driven-Pretty-Printer-for-Xtext-Framework
Webastronaut,mgpl
cmark,androtext
svenefftinge,homeautomation-example
ubx,openair
szarnekow,mongoBeans
thlaegler,edilang
LorenzoBettini,xtext-scoping
JanKoehnlein,ESE-2010-Tutorial
spoenemann,xtext-orion
vztpv,ClauTextWithEclipse
PalladioSimulator,Palladio-Editors-VSCode
erlide,erlide_xtext
cdietrich,xtext-forum-support-example
ESIR2Compilation,Langage-WHILE
HBuender,Aim42Visualizer
Sofiane-13,tutorialXtextSirius
eclipse-soc,amalgamation-examples
dvdkruk,xtext-xsd-resourceprovider
adautofbn,pascal-xtext
JanKoehnlein,Xtext-Syntax-View
planger,xtext-uml-experiment
HermanPeeren,eJSL-MPS
alexwatts,xtext-j2ee-dsl
drnappalm,xtext
svenefftinge,Xtext-Workshop-Runtime-Workspace
martijndwars,XtextXT
nahni,xtextTessla
baidty,xtextLearning
MoayadHn,XtextBDI
fzalila,XtextExperiments
Girish-Venkatesh,XTextSelenium
Vinayakatk,xtextScopes
01Lizard10,XTextUML
Salome-Maro,XtextUtils
oyse,jetson
mraminella,xtextTests
Alma2015RSABSAWA,XtextLangage
myorb,XTextParser
Jhinnn,XTextView
kathisai,xtextSample
huibo-shi,XtextExamples
osamu-k,XTextStudy
Treehopper,XTextTemplate
seba111,Xtext1
shinesamjacob,XtextExample
ajperalt,xtext
schakko,xtext-plugin-with-maven-tycho
colameo,xtext4roo
vinpereira,XtextToXMI
JanKoehnlein,XtextCon2014
bink81,xtext-test
xtext42,xtext42-coding
borisbrodski,XtextBug437519
hypery2k,xText
borisbrodski,XtextBug453268
Samirez,DSLs
superxlx,XTextViewDemo
johnBened,XtextMyDSLExample
philiber92,XtextTestRepository
fabienfleureau,XtextAtStackoverflow
yunxiaocloud,XTextFieldLimtDemo
eclipse,xtext-gradle
Mensmec,THESIS_XTEXT
MacJariel,sandbox-dsl
chetanladdha,XtextFormatingHoverSample
ainslec,XTextCustomLexerExample
hem28,DSL_Xtext2.3
HBuender,XtextAndSiriusIntegration
meysholdt,EclipseCon2014_XtextTutorial
jaimedelgado,Xtext
chris125964,xtext
agentlab,PowerLoomDSL
martijndwars,Xtext
ozkandemir,XText
johnahfong,xtext
Mensmec,Xtext
pellcorp,xtext
Tutti91,Xtext
ANCIT,xtext-examples
DECENTSoftwareAssessment,dag.m1x
rmemory,xtext
deb-sandeep,com.sandy.xtext.jovenotes.tests
yasuohosotani,Xtext
Nika24,Xtext
BenediktNiehues,de.nie.fin
AlexElvers,XText
lakzso,xtext
seba111,Xtext
MacJariel,xtext
tmtron,xtext.15minTutorial
blewis13,Boxes
DECENTSoftwareAssessment,famix.m3x
Virtlink,paplj-xtext
Frederic-Boulanger-UPS,MiniARM-feature
goldschmiede,2012-02-03_dsls_mit_xtext
kthoms,org.eclipse.xtext.example.domainmodel
Reitzner,xtextmaven
hectorsun,xtextonboost
duck2,xtextbg
majordomo,majordomo
ceefour,glproto
DECENTSoftwareAssessment,dag.m1x.tests
josros,boby
davidmpaz,php.ware.web.ui
DanielWeber,xtextext
fzalila,xtextfsm
DECENTSoftwareAssessment,dag.m1x.sdk
Jaddison011,C4EventB
Vinayakatk,xtextgeneratetest
kainzpat14,xtext-plsql
DECENTSoftwareAssessment,dag.m1x.ui
viatra,viatra-evm-xtext
ryanignatius,CheckerDSL
jgoppert,xmodelica
benzait27,Xtext.Promo
malakeel,myDsl
npalix,org.eclipse.xtext.example.arithmetics
sormgabriel,textual_verduler
ekowahyudi,examplextext
DECENTSoftwareAssessment,famix.m3x.ui
nakul02,sialx-xtext-ide
kduske-n4,DomainModel
Infoly,SmallJava
inakuhn,de.htwg.mdse.setgame.entities.parent
SciSpike,yaktor-dsl-xtext
DECENTSoftwareAssessment,famix.m3x.tests
UnibgInfo3A,ebnfworkbench
meysholdt,xtext_examples
manuelleduc,xtext-lib
xarvey,atom-xtext-package
LolloCorte,bpel-xtext
sciolizer,xtext-sandbox
denschu,xtext-whitespace
pablitar,claseXtext
DECENTSoftwareAssessment,famix.m3x.sdk
tdegueul,xtext-composition
danieldietrich,xtext-javatools
coalae,telemed
efuentesp,codebuilder-xtext
zrrk,xtext-utils
juli1,xtext-debug
nbhusare,Xtext-sandbox
jachinte,xtext-grammars
susieagerholm,XTEXT_EXAMPLE
itemis,monaco-xtext
xiaoyvr,xtext-demo
hmc-cs111-fall2015,picobot-XText
yanntm,Xtext-Light
quendimax,libXtextcursorchanger
Ikraminfo,GrammaireXtext
nickeeyyoo,xtext_project
marinamygithub,xtext_project
lukashaertel,xtext-xgen
fmca,xtext-typesystem
almazhou,xtext-demo
Huluvu424242,xtext.example
kiddochan,xtext-typesystem
mmalohlava,ppXtext
ponta027,xtext_practice
bhdrkn,Xtext-Examples
fatalerrortan,Xtext-examples
gcr-nist,runtime-Xtext
fBrx,language-xtext
ilya-klyuchnikov,sll-xtext
vonbolt,Xtext_test
rytina,xtext-typesystem
philiber92,xtext-utils
thomasfischl,xtext-workshop
jbadeau,ng-xtext
iensen,certware-l-editor
szarnyasg,gradle-xtext
malbac,Xtend_Xtext
gitpan,Convert-XText
rmemory,xtext_eclipse
joergreichert,Cool
lukashaertel,xtext-xtestgen
zhangyuanqiao,selenium-xtext
cooked,modelica-xtext
raynair,webml
hamza-abed,JSEditorXtext
v-bashev,post_core
kwanggy,xtext-sublime
thicket-lang,thicket-xtext
agentlab,xtext-web
test-editor,xtext-dropwizard
kecskesk,xtext-menetrend
ftrifin,xtext-utils
scottopell,xtext_utils
lukashaertel,xtext-fsml
DemidovAlexander,Xtext_MiniJava_IDE
Modaptix,xtext-utils
itemis,xtext-issues
holzem,xtext-lexertrace
victorlacorte,Tcc
limelanguage,lime-xtext
edgarmueller,xtext-recordmapper
LiamWalsh98,nusmv-xtext-lsp
MatzeGIT,XText-maven
tkurita,XText.scptd
chqu1012,MetroUiDescriper
dvdkruk,xtext-workshop
npalix,org.xtext.example.mde
logicfish,XActiv
kittaakos,webcalc
qscdfg,mybash
Quingo,compiler_xtext
vladimirkozhaev,casualintellect_new_wizard
TinyScream,org.xtext.amodel
M2TIIL2016-2017,SiteWeb_XText
schakko,hackcamp-xtext-automotivebus
sfinnie,xtext.scoping.adventures
cokeSchlumpf,bashdsl
rainerschuster,eclipse-webidl
schakko,xtext-bug-436688
dhuebner,xtext-builddsl-tycho
matejsp,lwc13-xtext
ftrifin,xtext-utils.uml
mbarbero,xtext-forms-integration
FForw4rd,xtext-restriction-framework
zrrk,xtext-utils.devenv
ftrifin,xtext-utils.xtend
svenefftinge,xtext-jaxcon-example
LorenzoBettini,xtext-demo-laquila
jakecobb,xtext-iris-datalog
cedricvidal,protobuf4e
philiber92,xtext-utils.unittesting
philiber92,xtext-utils.distribution
phaldan,htwg-cform-xtext
itemis,xtext-example-conplan
LorenzoBettini,Xtext-Buckminster-Example
LorenzoBettini,xtextcon-typesystem-example
dhuebner,org.xtext.example.tycho
agentlab,eclipse-orbit_xtext-web
Tutti91,xtext_language_bla
LeonoraG,xtext-req-editor
xarvey,atom-xtext-autocomplete
franzbecker,xtext-formatter-problem
ftrifin,xtext-utils.distribution
Fritzi,XText_TeSSLa
madasar,booster2-xtext
TypeFox,xtext-splitted-repo
zrrk,xtext-utils.uml
zrrk,xtext-utils.xtend
ftrifin,xtext-forms-integration
JanKoehnlein,fxdiagram-xtext-examples
HermanPeeren,eJSL-ANTLR4
rju,xtext-typing-example
philiber92,xtext-utils.xtend
Advanced-Model-Engineering-SS16,xtext-ocl-extensions
zrrk,xtext-utils.distribution
Johanvdberg,mcrl2.xtext
kryptonite22,rsbac.xtext.dsl
tkleszczynski,jug-zgora-xtext
philiber92,xtext-utils.devenv
jeffmaury,devoxx2012-xtext
YonedaMasashi,xText_Practice
jackqq,xTextEdit
ftrifin,xtext-utils.unittesting
lgcardeas,xtext-forms-integration
vrichard12,xtext-forms-integration
itemis,xtext-monaco-example
pabu90,xtext-ci-test
mzaks,petrinet_dsl
zrrk,xtext-utils.unittesting
LorenzoBettini,xtext-index-experiments
ftrifin,xtext-utils.devenv
inteldict,xtext-gradle-demo
cdietrich,xtext-multi-dsl
jonaslagoni,JSON-Schema-to-internal-DSL
lunifera,lunifera-xtext-runtimebuilder
sikessle,xtext-forms-integration
priya0311,xtext-forms-integration
philiber92,xtext-utils.uml
talalong,dbFactoryXtext
stackoverflowmailer,lwc13-xtext
willy2706,if4150-xtext
wwu-pi,acse-xtext-validation
ProgrammableDrones,xTextLanguage
mlanoe,x-vhdl
wwu-pi,acse-xtext-gui
peterssas,xtext-gradle-problem
zhoumin03,xtext-forms-integration
gcubar,CodeXcessXtext
cdietrich,xtext-ecore-xcore
ayoubziat,xtext_DSL_example
xiaoyvr,xtext-demo-oxygen
test-editor,deprecated-xtext-index-backend
marnix,metamath-eclipse-xtext
npalix,org.eclipse.xtext.example.fowlerdsl
dslmeinte,xtext-workshop-code1
chauhansaurabhb,Eclipse-Xtext-Mydsl-Plugin
Modaptix,xtext-expressions
zwgirl,summer
rymarenkosuccess,Coffeescript-Eclipse
jhonatan89,gen-angular-grammar
logicfish,XPlane
LorenzoBettini,Xtext-Xtend-Buckminster-Example
vorburger,eclipse-typescript-xtext-repository
pankeshpatel,EclipsePluginForXtext
Hellmy,plantuml-eclipse-xtext_update
xpomul,xtext-multi-edit-example
tmtron,xtext.eclipse.15minExtended
deb-sandeep,com.sandy.xtext.jovenotes.ui
ftrifin,xtext-utils.xtend1
szarnekow,xtext-arithmetics-web-example
wwu-pi,acse-xtext-knuth-binaries
jwachter,xtext-serializer-issue-example
janesser,frege-xtext
camilagarcia113,xtext-dsl-obj3
cdietrich,gradle-xtext-xtend-problem
bujosa,smart-dsl
svenefftinge,Xtext-LWC-contribution--Instances-
dslmeinte,SimScript
willy2706,if4150-xtext-html
phaldan,htwg-cform-xtext-demo
hypery2k,Xtext-GrammarMixin-Example
philiber92,xtext-utils.subproject-template
zrrk,xtext-utils.subproject-template
thowin,ituXtextLandinConfigurator
philiber92,xtext-utils.xtend1
claudenirmf,old-tests-on-xtext
zouhairireda,xtext-ocl-xtend-poc
franzbecker,xtext-serializer-parallel-problem
lunifera,lunifera-xtext-runtimebuilder-example
ftrifin,xtext-utils.subproject-template
fluxtah,xtext-android-gradle-example
hypery2k,Xtext-Maven-BuildExample
kittaakos,xtext-eclipse-gh-238
MatzeGIT,XText-Maven-CleanStart
Rodolfocostapr,org.xtext.example.pascalito
deb-sandeep,JoveNotesProcessor
zrrk,xtext-utils.xtend1
tanthingdeveloper3unshine,AutoCompleteXTextView
loradd,uml-xtext-grammar-generator
PAMunb,MetaCrySL
vicegd,org.xtext.dsl.restaurante
paulluap,xtext-extras-issue216
dhakehurst,net.akehurst.example.xtext.vertx
alvilgau,de.htwg.xtext.setGame
nittka,Jtag
rdurelli,com.br.refactoring.xtext.dsl
tmtron,xtext.15minTutorial.project
agentlab,eclipse-orbit_xtext-web-dsls
threadedblue,org.eclipse.xtext.example.domainmodel
cdietrich,xtext-existing-metamodel-gradle-example
wrungel,tycho.xtext.mwe2.test
rquinio,ck2xtext
ftmdida,xtext_code_gen_version_2
meysholdt,e4dsl
cdietrich,xtext-gradle-plugin-issue-60
thowin,ituXtextLandin2Configurator
jkouwer,basicfamily
goldschmiede,2011-02-18_xtext_apache_wicket
vorburger,eclipse-typescript-xtext
deparlak,de.htwg.mdsd.xtext.portals
shashwatanand,org.shashwat.xtext.smallJava
mmalohlava,gpp-for-xtext-master-thesis
dexz92,Integrating-Xtext-and-JavaRAG
Rodolfocostapr,org.xtext.example.pascalitoOld
SOM-Research,graphQL-xtext-grammar
fuinorg,xsample
florianpirchner,beantypes
cdietrich,xtext-gradle-plugin-issue-61
rdurelli,com.br.refactoring.xtext.dsl.ui
threadedblue,org.eclipse.xtext.example.domainmodel.tests
rdurelli,com.br.refactoring.xtext.dsl.tests
shashwatanand,org.shashwat.xtext.smallJava.ui
tmtron,xtext.eclipse.15minExtended.project
szarnekow,org.eclipse.e4.xcss
atb,pt.isep.dsl.puml
jacruzca,xtext-multilanguage-multiple-target-impl-reuse
RobertWalter83,DialogScriptDSL
eirikg,XbaseSiriusIntegration
nohum,android-code-generation
gvd,zest-sm
uqbar-paco,declaratividad-orm-java
shashwatanand,org.shashwat.xtext.smallJava.tests
dhakehurst,net.akehurst.example.xtext.vertx.lsp
raghvendra-v,tosca-yaml-lsp
goldschmiede,2011-04-29_xtext_service_repository
markusvoelter,DSLEngBook-Xtext-P3Demo
ESIR2Compilation,PrettyPrinter
bmael,MVCLang
nittka,terminology
hishidama,xtext-dmdl-editor
marcotinacci,XTuring
threadedblue,org.eclipse.xtext.example.domainmodel.ui
joergreichert,OperationsResearch
tommyettinger,julepp
masters-info-nantes,SmokingText
daniel-laszlo,temalabor
uqbar-project,xtext-tortuga-lang
vorburger,FormGeneratorPOC
nittka,pocesl
logicfish,POMText
cdietrich,https---github.com-meysholdt-xtext_stateful_lexer
loonwerks,jkind-xtext
meysholdt,performance_probes
jcabot,WordPress-Plugin-DSL
code-kontor,openCypher-Xtext
svenefftinge,Guice-Modules-DSL
ceefour,emf-sandbox
HolyCityAudio,SpinCAD-Builder
NielsLiisberg,RPG-lexer
Hellmy,plantuml-eclipse-xtext
intuit,common-xtext-expression-language
DavidFosterLuhmann,high-dim
test-editor,deprecated-test-editor-index-backend
sidz8690,EasyUnit
lsotnk,lsotnk.xbase.launching
vorburger,eLang
SMadani,ThriftMDE
btc-ag,service-idl
vaulttec,isis-script
Minres,CoreDSL
N0P0x90,EclipseExamples
martinmuellenberg,cityplanning
newdigate,soa-dsl-scaffolding
marklemay,tptpParser
nittka,ASP
slizaa,slizaa-opencypher-xtext
danhaywood,kemble
schakko,bsc-thesis-documentation
LorenzoBettini,edelta
timeraider4u,external_jar_download
graph-quilt,xtext-service-dsl
fuinorg,org.fuin.dsl.ddd
Minres,RDL-Editor
alexisfacques,dsl-feature-modelling
stephanrauh,JSFLibraryGenerator
JPL-IMCE,gov.nasa.jpl.imce.oml.core
PuneetPatwari,system-map-maker
atanaka,DomainmodelWithCrossReference
Xpitfire,xtext-dnn
rowlo,testdsl
mzaks,FlatBuffersSchemaEditor
WesleyMarques,CompiladorJava
tommyettinger,kobold
graph-quilt,graphql-xtext
ssi-schaefer,lcdsl
att,yang-design-studio
sebastianbenz,xgherkin
merks,Xcore
eclipse,xsemantics
RvonMassow,xDoc
arbennett,ParserGeneratorExample
OElabed,Model-Driven-Engineering--Eclipse-RCP-plugin--Software-product-line
eclipse,epsilon
cwiscount,mydsl-emf-gen
rmuecke,clinicaltrialcreator
adamschmideg,coffeescript-eclipse
diverse-project,melange-studio
marcotinacci,Event-Oriented-Language
applause,applause
marcotinacci,SwarmRobotics
Padmar1995,gh
